scenario,instance,algorithm,ip_profit,algorithm_profit,profit_gap,optimal_gap_pct,moving_time,execution_time,ip_execution_time
S1,S1_inst_01.txt,algo1,2076945.0,2076945.0,0.0,0.0,7020,0.023915,9.066
S1,S1_inst_01.txt,algo2,2076945.0,2076945.0,0.0,0.0,8910,0.543543,9.066
S1,S1_inst_01.txt,algo3,2076945.0,2076945.0,0.0,0.0,7020,10.024514,9.066
S1,S1_inst_01.txt,algo4,2076945.0,2076945.0,0.0,0.0,7020,0.036576,9.066
S1,S1_inst_01.txt,algo5,2076945.0,2076945.0,0.0,0.0,8370,0.088034,9.066
S1,S1_inst_01.txt,algo_union,2076945.0,2076945.0,0.0,0.0,7020,0.187244,9.066
S1,S1_inst_02.txt,algo1,1968696.0,1968696.0,0.0,0.0,8100,0.023559,7.705
S1,S1_inst_02.txt,algo2,1968696.0,1968696.0,0.0,0.0,9000,0.448990,7.705
S1,S1_inst_02.txt,algo3,1968696.0,1968696.0,0.0,0.0,8100,10.015088,7.705
S1,S1_inst_02.txt,algo4,1968696.0,1968696.0,0.0,0.0,8100,0.057468,7.705
S1,S1_inst_02.txt,algo5,1968696.0,1968696.0,0.0,0.0,8640,0.222542,7.705
S1,S1_inst_02.txt,algo_union,1968696.0,1968696.0,0.0,0.0,8100,0.203890,7.705
S1,S1_inst_03.txt,algo1,1861859.0,1861859.0,0.0,0.0,6750,0.023490,7.620
S1,S1_inst_03.txt,algo2,1861859.0,1861859.0,0.0,0.0,8640,0.576827,7.620
S1,S1_inst_03.txt,algo3,1861859.0,1861859.0,0.0,0.0,6750,10.017919,7.620
S1,S1_inst_03.txt,algo4,1861859.0,1861859.0,0.0,0.0,6750,0.050886,7.620
S1,S1_inst_03.txt,algo5,1861859.0,1861859.0,0.0,0.0,7920,0.071660,7.620
S1,S1_inst_03.txt,algo_union,1861859.0,1861859.0,0.0,0.0,6750,0.147835,7.620
S1,S1_inst_04.txt,algo1,2325960.0,2325960.0,0.0,0.0,7200,0.023397,7.087
S1,S1_inst_04.txt,algo2,2325960.0,2325960.0,0.0,0.0,8910,0.614135,7.087
S1,S1_inst_04.txt,algo3,2325960.0,2325960.0,0.0,0.0,7200,10.029183,7.087
S1,S1_inst_04.txt,algo4,2325960.0,2325960.0,0.0,0.0,7200,9.966441,7.087
S1,S1_inst_04.txt,algo5,2325960.0,2325960.0,0.0,0.0,8280,0.160908,7.087
S1,S1_inst_04.txt,algo_union,2325960.0,2325960.0,0.0,0.0,7200,10.186657,7.087
S1,S1_inst_05.txt,algo1,1994277.0,1994277.0,0.0,0.0,6750,0.021614,8.043
S1,S1_inst_05.txt,algo2,1994277.0,1994277.0,0.0,0.0,8820,0.487367,8.043
S1,S1_inst_05.txt,algo3,1994277.0,1994277.0,0.0,0.0,6750,10.017290,8.043
S1,S1_inst_05.txt,algo4,1994277.0,1994277.0,0.0,0.0,6750,0.046355,8.043
S1,S1_inst_05.txt,algo5,1994277.0,1994277.0,0.0,0.0,8640,0.112868,8.043
S1,S1_inst_05.txt,algo_union,1994277.0,1994277.0,0.0,0.0,6750,0.211290,8.043
S1,S1_inst_06.txt,algo1,2177625.0,2177625.0,0.0,0.0,7830,0.026148,7.266
S1,S1_inst_06.txt,algo2,2177625.0,2177625.0,0.0,0.0,8730,0.532573,7.266
S1,S1_inst_06.txt,algo3,2177625.0,2177625.0,0.0,0.0,7830,10.023799,7.266
S1,S1_inst_06.txt,algo4,2177625.0,2177625.0,0.0,0.0,7830,0.040225,7.266
S1,S1_inst_06.txt,algo5,2177625.0,2177625.0,0.0,0.0,8730,0.095482,7.266
S1,S1_inst_06.txt,algo_union,2177625.0,2177625.0,0.0,0.0,7830,0.182446,7.266
S1,S1_inst_07.txt,algo1,1677512.0,1677512.0,0.0,0.0,7380,0.022939,6.173
S1,S1_inst_07.txt,algo2,1677512.0,1677512.0,0.0,0.0,9000,0.609466,6.173
S1,S1_inst_07.txt,algo3,1677512.0,1677512.0,0.0,0.0,7380,10.019135,6.173
S1,S1_inst_07.txt,algo4,1677512.0,1677512.0,0.0,0.0,7380,0.037132,6.173
S1,S1_inst_07.txt,algo5,1677512.0,1677512.0,0.0,0.0,8190,0.095070,6.173
S1,S1_inst_07.txt,algo_union,1677512.0,1677512.0,0.0,0.0,7380,0.151314,6.173
S1,S1_inst_08.txt,algo1,1870181.0,1870181.0,0.0,0.0,7200,0.023031,6.988
S1,S1_inst_08.txt,algo2,1870181.0,1870181.0,0.0,0.0,8820,0.503507,6.988
S1,S1_inst_08.txt,algo3,1870181.0,1870181.0,0.0,0.0,7200,10.013007,6.988
S1,S1_inst_08.txt,algo4,1870181.0,1870181.0,0.0,0.0,7200,0.044952,6.988
S1,S1_inst_08.txt,algo5,1870181.0,1870181.0,0.0,0.0,8010,0.082262,6.988
S1,S1_inst_08.txt,algo_union,1870181.0,1870181.0,0.0,0.0,7200,0.139392,6.988
S1,S1_inst_09.txt,algo1,1888696.0,1888696.0,0.0,0.0,7470,0.026297,7.110
S1,S1_inst_09.txt,algo2,1888696.0,1888696.0,0.0,0.0,8820,0.602530,7.110
S1,S1_inst_09.txt,algo3,1888696.0,1888696.0,0.0,0.0,7470,10.014756,7.110
S1,S1_inst_09.txt,algo4,1888696.0,1888696.0,0.0,0.0,7470,9.977611,7.110
S1,S1_inst_09.txt,algo5,1888696.0,1888696.0,0.0,0.0,7920,0.231027,7.110
S1,S1_inst_09.txt,algo_union,1888696.0,1888696.0,0.0,0.0,7470,10.204818,7.110
S1,S1_inst_10.txt,algo1,2100577.0,2100577.0,0.0,0.0,7380,0.036509,5.749
S1,S1_inst_10.txt,algo2,2100577.0,2100577.0,0.0,0.0,8910,0.607343,5.749
S1,S1_inst_10.txt,algo3,2100577.0,2100577.0,0.0,0.0,7380,10.015484,5.749
S1,S1_inst_10.txt,algo4,2100577.0,2100577.0,0.0,0.0,7380,9.965115,5.749
S1,S1_inst_10.txt,algo5,2100577.0,2100577.0,0.0,0.0,8370,0.143904,5.749
S1,S1_inst_10.txt,algo_union,2100577.0,2100577.0,0.0,0.0,7380,10.091750,5.749
S1,S1_inst_11.txt,algo1,2404882.0,2404882.0,0.0,0.0,7470,0.022251,7.614
S1,S1_inst_11.txt,algo2,2404882.0,2404882.0,0.0,0.0,8910,0.554598,7.614
S1,S1_inst_11.txt,algo3,2404882.0,2404882.0,0.0,0.0,7470,10.013290,7.614
S1,S1_inst_11.txt,algo4,2404882.0,2404882.0,0.0,0.0,7470,0.035479,7.614
S1,S1_inst_11.txt,algo5,2404882.0,2404882.0,0.0,0.0,8730,0.092017,7.614
S1,S1_inst_11.txt,algo_union,2404882.0,2404882.0,0.0,0.0,7470,0.156734,7.614
S1,S1_inst_12.txt,algo1,1646450.0,1646450.0,0.0,0.0,7110,0.021467,7.341
S1,S1_inst_12.txt,algo2,1646450.0,1646450.0,0.0,0.0,8640,0.543635,7.341
S1,S1_inst_12.txt,algo3,1646450.0,1646450.0,0.0,0.0,7110,10.014794,7.341
S1,S1_inst_12.txt,algo4,1646450.0,1646450.0,0.0,0.0,7110,0.036214,7.341
S1,S1_inst_12.txt,algo5,1646450.0,1646450.0,0.0,0.0,8370,0.067271,7.341
S1,S1_inst_12.txt,algo_union,1646450.0,1646450.0,0.0,0.0,7110,0.118096,7.341
S1,S1_inst_13.txt,algo1,1916262.0,1916262.0,0.0,0.0,6930,0.024266,8.106
S1,S1_inst_13.txt,algo2,1916262.0,1916262.0,0.0,0.0,8820,0.507445,8.106
S1,S1_inst_13.txt,algo3,1916262.0,1916262.0,0.0,0.0,6930,10.016150,8.106
S1,S1_inst_13.txt,algo4,1916262.0,1916262.0,0.0,0.0,6930,0.044248,8.106
S1,S1_inst_13.txt,algo5,1916262.0,1916262.0,0.0,0.0,8640,0.191174,8.106
S1,S1_inst_13.txt,algo_union,1916262.0,1916262.0,0.0,0.0,6930,0.153141,8.106
S1,S1_inst_14.txt,algo1,1800714.0,1800714.0,0.0,0.0,6930,0.021854,6.874
S1,S1_inst_14.txt,algo2,1800714.0,1800714.0,0.0,0.0,8910,0.498420,6.874
S1,S1_inst_14.txt,algo3,1800714.0,1800714.0,0.0,0.0,6930,10.012576,6.874
S1,S1_inst_14.txt,algo4,1800714.0,1800714.0,0.0,0.0,6930,9.963075,6.874
S1,S1_inst_14.txt,algo5,1800714.0,1800714.0,0.0,0.0,8370,0.113709,6.874
S1,S1_inst_14.txt,algo_union,1800714.0,1800714.0,0.0,0.0,6930,10.116157,6.874
S1,S1_inst_15.txt,algo1,1665629.0,1665629.0,0.0,0.0,7020,0.021443,7.914
S1,S1_inst_15.txt,algo2,1665629.0,1665629.0,0.0,0.0,8820,0.516989,7.914
S1,S1_inst_15.txt,algo3,1665629.0,1665629.0,0.0,0.0,7020,10.018893,7.914
S1,S1_inst_15.txt,algo4,1665629.0,1665629.0,0.0,0.0,7020,0.042066,7.914
S1,S1_inst_15.txt,algo5,1665629.0,1665629.0,0.0,0.0,8640,0.139069,7.914
S1,S1_inst_15.txt,algo_union,1665629.0,1665629.0,0.0,0.0,7020,0.219399,7.914
S1,S1_inst_16.txt,algo1,1538670.0,1538670.0,0.0,0.0,7470,0.024928,7.227
S1,S1_inst_16.txt,algo2,1538670.0,1538670.0,0.0,0.0,8640,0.579304,7.227
S1,S1_inst_16.txt,algo3,1538670.0,1538670.0,0.0,0.0,7470,10.016969,7.227
S1,S1_inst_16.txt,algo4,1538670.0,1538670.0,0.0,0.0,7470,9.965165,7.227
S1,S1_inst_16.txt,algo5,1538670.0,1538670.0,0.0,0.0,8190,0.186236,7.227
S1,S1_inst_16.txt,algo_union,1538670.0,1538670.0,0.0,0.0,7470,10.198455,7.227
S1,S1_inst_17.txt,algo1,2030859.0,2030859.0,0.0,0.0,7380,0.021914,6.329
S1,S1_inst_17.txt,algo2,2030859.0,2030859.0,0.0,0.0,8820,0.627667,6.329
S1,S1_inst_17.txt,algo3,2030859.0,2030859.0,0.0,0.0,7380,10.033010,6.329
S1,S1_inst_17.txt,algo4,2030859.0,2030859.0,0.0,0.0,7380,9.963011,6.329
S1,S1_inst_17.txt,algo5,2030859.0,2030859.0,0.0,0.0,8280,0.168702,6.329
S1,S1_inst_17.txt,algo_union,2030859.0,2030859.0,0.0,0.0,7380,10.126779,6.329
S1,S1_inst_18.txt,algo1,1658624.0,1658624.0,0.0,0.0,7740,0.022669,7.194
S1,S1_inst_18.txt,algo2,1658624.0,1658624.0,0.0,0.0,9000,0.518613,7.194
S1,S1_inst_18.txt,algo3,1658624.0,1658624.0,0.0,0.0,7740,10.023756,7.194
S1,S1_inst_18.txt,algo4,1658624.0,1658624.0,0.0,0.0,7740,0.055974,7.194
S1,S1_inst_18.txt,algo5,1658624.0,1658624.0,0.0,0.0,8640,0.068399,7.194
S1,S1_inst_18.txt,algo_union,1658624.0,1658624.0,0.0,0.0,7740,0.116136,7.194
S1,S1_inst_19.txt,algo1,2086238.0,2086238.0,0.0,0.0,7470,0.022173,7.105
S1,S1_inst_19.txt,algo2,2086238.0,2086238.0,0.0,0.0,9000,0.522215,7.105
S1,S1_inst_19.txt,algo3,2086238.0,2086238.0,0.0,0.0,7470,10.017440,7.105
S1,S1_inst_19.txt,algo4,2086238.0,2086238.0,0.0,0.0,7470,0.044688,7.105
S1,S1_inst_19.txt,algo5,2086238.0,2086238.0,0.0,0.0,8910,0.167019,7.105
S1,S1_inst_19.txt,algo_union,2086238.0,2086238.0,0.0,0.0,7470,0.227485,7.105
S1,S1_inst_20.txt,algo1,2121967.0,2121967.0,0.0,0.0,7650,0.022993,7.752
S1,S1_inst_20.txt,algo2,2121967.0,2121967.0,0.0,0.0,8910,0.499073,7.752
S1,S1_inst_20.txt,algo3,2121967.0,2121967.0,0.0,0.0,7650,10.025191,7.752
S1,S1_inst_20.txt,algo4,2121967.0,2121967.0,0.0,0.0,7650,0.037415,7.752
S1,S1_inst_20.txt,algo5,2121967.0,2121967.0,0.0,0.0,8730,0.112615,7.752
S1,S1_inst_20.txt,algo_union,2121967.0,2121967.0,0.0,0.0,7650,0.182289,7.752
S1,S1_inst_21.txt,algo1,1776933.0,1776933.0,0.0,0.0,7380,0.022229,8.137
S1,S1_inst_21.txt,algo2,1776933.0,1776933.0,0.0,0.0,8910,0.559837,8.137
S1,S1_inst_21.txt,algo3,1776933.0,1776933.0,0.0,0.0,7380,10.014844,8.137
S1,S1_inst_21.txt,algo4,1776933.0,1776933.0,0.0,0.0,7380,0.038477,8.137
S1,S1_inst_21.txt,algo5,1776933.0,1776933.0,0.0,0.0,8280,0.067515,8.137
S1,S1_inst_21.txt,algo_union,1776933.0,1776933.0,0.0,0.0,7380,0.117628,8.137
S1,S1_inst_22.txt,algo1,1913457.0,1913457.0,0.0,0.0,7920,0.022820,8.040
S1,S1_inst_22.txt,algo2,1913457.0,1913457.0,0.0,0.0,8910,0.468517,8.040
S1,S1_inst_22.txt,algo3,1913457.0,1913457.0,0.0,0.0,7920,10.015580,8.040
S1,S1_inst_22.txt,algo4,1913457.0,1913457.0,0.0,0.0,7920,0.050911,8.040
S1,S1_inst_22.txt,algo5,1913457.0,1913457.0,0.0,0.0,8820,0.127197,8.040
S1,S1_inst_22.txt,algo_union,1913457.0,1913457.0,0.0,0.0,7920,0.204137,8.040
S1,S1_inst_23.txt,algo1,2295943.0,2295943.0,0.0,0.0,6750,0.020759,5.990
S1,S1_inst_23.txt,algo2,2295943.0,2295943.0,0.0,0.0,8910,0.674461,5.990
S1,S1_inst_23.txt,algo3,2295943.0,2295943.0,0.0,0.0,6750,10.019716,5.990
S1,S1_inst_23.txt,algo4,2295943.0,2295943.0,0.0,0.0,6750,0.040763,5.990
S1,S1_inst_23.txt,algo5,2295943.0,2295943.0,0.0,0.0,8010,0.072731,5.990
S1,S1_inst_23.txt,algo_union,2295943.0,2295943.0,0.0,0.0,6750,0.109552,5.990
S1,S1_inst_24.txt,algo1,1768015.0,1768015.0,0.0,0.0,7290,0.021856,8.235
S1,S1_inst_24.txt,algo2,1768015.0,1768015.0,0.0,0.0,8820,0.487394,8.235
S1,S1_inst_24.txt,algo3,1768015.0,1768015.0,0.0,0.0,7290,10.017813,8.235
S1,S1_inst_24.txt,algo4,1768015.0,1768015.0,0.0,0.0,7290,0.050629,8.235
S1,S1_inst_24.txt,algo5,1768015.0,1768015.0,0.0,0.0,8640,0.127182,8.235
S1,S1_inst_24.txt,algo_union,1768015.0,1768015.0,0.0,0.0,7290,0.197898,8.235
S1,S1_inst_25.txt,algo1,2078029.0,2078029.0,0.0,0.0,7290,0.024725,7.456
S1,S1_inst_25.txt,algo2,2078029.0,2078029.0,0.0,0.0,8910,0.598199,7.456
S1,S1_inst_25.txt,algo3,2078029.0,2078029.0,0.0,0.0,7290,10.014786,7.456
S1,S1_inst_25.txt,algo4,2078029.0,2078029.0,0.0,0.0,7290,0.048477,7.456
S1,S1_inst_25.txt,algo5,2078029.0,2078029.0,0.0,0.0,8190,0.099707,7.456
S1,S1_inst_25.txt,algo_union,2078029.0,2078029.0,0.0,0.0,7290,0.139865,7.456
S1,S1_inst_26.txt,algo1,1865771.0,1865771.0,0.0,0.0,7650,0.025711,7.166
S1,S1_inst_26.txt,algo2,1865771.0,1865771.0,0.0,0.0,9000,0.420688,7.166
S1,S1_inst_26.txt,algo3,1865771.0,1865771.0,0.0,0.0,7650,10.024561,7.166
S1,S1_inst_26.txt,algo4,1865771.0,1865771.0,0.0,0.0,7650,0.040064,7.166
S1,S1_inst_26.txt,algo5,1865771.0,1865771.0,0.0,0.0,8730,0.114233,7.166
S1,S1_inst_26.txt,algo_union,1865771.0,1865771.0,0.0,0.0,7650,0.189289,7.166
S1,S1_inst_27.txt,algo1,1947130.0,1947130.0,0.0,0.0,7380,0.021835,6.331
S1,S1_inst_27.txt,algo2,1947130.0,1947130.0,0.0,0.0,8910,0.583343,6.331
S1,S1_inst_27.txt,algo3,1947130.0,1947130.0,0.0,0.0,7380,10.022953,6.331
S1,S1_inst_27.txt,algo4,1947130.0,1947130.0,0.0,0.0,7380,9.965272,6.331
S1,S1_inst_27.txt,algo5,1947130.0,1947130.0,0.0,0.0,8190,0.117258,6.331
S1,S1_inst_27.txt,algo_union,1947130.0,1947130.0,0.0,0.0,7380,10.120173,6.331
S1,S1_inst_28.txt,algo1,2080865.0,2080865.0,0.0,0.0,7200,0.021676,7.640
S1,S1_inst_28.txt,algo2,2080865.0,2080865.0,0.0,0.0,8730,0.432805,7.640
S1,S1_inst_28.txt,algo3,2080865.0,2080865.0,0.0,0.0,7200,10.012874,7.640
S1,S1_inst_28.txt,algo4,2080865.0,2080865.0,0.0,0.0,7200,9.970326,7.640
S1,S1_inst_28.txt,algo5,2080865.0,2080865.0,0.0,0.0,8010,0.195754,7.640
S1,S1_inst_28.txt,algo_union,2080865.0,2080865.0,0.0,0.0,7200,10.186684,7.640
S1,S1_inst_29.txt,algo1,2135355.0,2135355.0,0.0,0.0,7020,0.021679,6.687
S1,S1_inst_29.txt,algo2,2135355.0,2135355.0,0.0,0.0,9000,0.520737,6.687
S1,S1_inst_29.txt,algo3,2135355.0,2135355.0,0.0,0.0,7020,10.015351,6.687
S1,S1_inst_29.txt,algo4,2135355.0,2135355.0,0.0,0.0,7020,0.043453,6.687
S1,S1_inst_29.txt,algo5,2135355.0,2135355.0,0.0,0.0,8460,0.200595,6.687
S1,S1_inst_29.txt,algo_union,2135355.0,2135355.0,0.0,0.0,7020,0.255561,6.687
S1,S1_inst_30.txt,algo1,2293822.0,2293822.0,0.0,0.0,7920,0.027300,4.277
S1,S1_inst_30.txt,algo2,2293822.0,2293822.0,0.0,0.0,8820,0.779562,4.277
S1,S1_inst_30.txt,algo3,2293822.0,2293822.0,0.0,0.0,7920,10.017385,4.277
S1,S1_inst_30.txt,algo4,2293822.0,2293822.0,0.0,0.0,7920,9.969191,4.277
S1,S1_inst_30.txt,algo5,2293822.0,2293822.0,0.0,0.0,8640,0.125814,4.277
S1,S1_inst_30.txt,algo_union,2293822.0,2293822.0,0.0,0.0,7920,10.086153,4.277
S2,S2_inst_01.txt,algo1,151660.0,151660.0,0.0,0.0,810,0.144747,0.038
S2,S2_inst_01.txt,algo2,151660.0,151660.0,0.0,0.0,900,0.057683,0.038
S2,S2_inst_01.txt,algo3,151660.0,151660.0,0.0,0.0,630,10.020215,0.038
S2,S2_inst_01.txt,algo4,151660.0,151660.0,0.0,0.0,630,0.039407,0.038
S2,S2_inst_01.txt,algo5,151660.0,151660.0,0.0,0.0,630,0.104028,0.038
S2,S2_inst_01.txt,algo_union,151660.0,151660.0,0.0,0.0,630,0.172826,0.038
S2,S2_inst_02.txt,algo1,116227.0,116227.0,0.0,0.0,900,0.275692,0.034
S2,S2_inst_02.txt,algo2,116227.0,116227.0,0.0,0.0,810,0.056988,0.034
S2,S2_inst_02.txt,algo3,116227.0,116227.0,0.0,0.0,720,10.020359,0.034
S2,S2_inst_02.txt,algo4,116227.0,116227.0,0.0,0.0,720,0.021562,0.034
S2,S2_inst_02.txt,algo5,116227.0,116227.0,0.0,0.0,900,0.163654,0.034
S2,S2_inst_02.txt,algo_union,116227.0,116227.0,0.0,0.0,720,0.209414,0.034
S2,S2_inst_03.txt,algo1,143222.0,143222.0,0.0,0.0,900,0.060999,0.033
S2,S2_inst_03.txt,algo2,143222.0,143222.0,0.0,0.0,900,0.062420,0.033
S2,S2_inst_03.txt,algo3,143222.0,143222.0,0.0,0.0,810,10.010049,0.033
S2,S2_inst_03.txt,algo4,143222.0,143222.0,0.0,0.0,810,0.042473,0.033
S2,S2_inst_03.txt,algo5,143222.0,143222.0,0.0,0.0,900,0.058735,0.033
S2,S2_inst_03.txt,algo_union,143222.0,143222.0,0.0,0.0,810,0.083493,0.033
S2,S2_inst_04.txt,algo1,153613.0,153613.0,0.0,0.0,900,0.370485,0.040
S2,S2_inst_04.txt,algo2,153613.0,153613.0,0.0,0.0,900,0.059256,0.040
S2,S2_inst_04.txt,algo3,153613.0,153613.0,0.0,0.0,630,10.020053,0.040
S2,S2_inst_04.txt,algo4,153613.0,153613.0,0.0,0.0,630,0.025949,0.040
S2,S2_inst_04.txt,algo5,153613.0,153613.0,0.0,0.0,810,0.629003,0.040
S2,S2_inst_04.txt,algo_union,153613.0,153613.0,0.0,0.0,630,0.243902,0.040
S2,S2_inst_05.txt,algo1,198431.0,198431.0,0.0,0.0,900,0.113917,0.035
S2,S2_inst_05.txt,algo2,198431.0,198431.0,0.0,0.0,900,0.068127,0.035
S2,S2_inst_05.txt,algo3,198431.0,198431.0,0.0,0.0,900,10.013919,0.035
S2,S2_inst_05.txt,algo4,198431.0,198431.0,0.0,0.0,900,0.026501,0.035
S2,S2_inst_05.txt,algo5,198431.0,198431.0,0.0,0.0,900,0.191419,0.035
S2,S2_inst_05.txt,algo_union,198431.0,198431.0,0.0,0.0,900,0.143269,0.035
S2,S2_inst_06.txt,algo1,182005.0,182005.0,0.0,0.0,900,0.206344,0.041
S2,S2_inst_06.txt,algo2,182005.0,182005.0,0.0,0.0,900,0.054526,0.041
S2,S2_inst_06.txt,algo3,182005.0,182005.0,0.0,0.0,810,10.010561,0.041
S2,S2_inst_06.txt,algo4,182005.0,182005.0,0.0,0.0,810,0.026685,0.041
S2,S2_inst_06.txt,algo5,182005.0,182005.0,0.0,0.0,810,0.112101,0.041
S2,S2_inst_06.txt,algo_union,182005.0,182005.0,0.0,0.0,810,0.153100,0.041
S2,S2_inst_07.txt,algo1,171673.0,171673.0,0.0,0.0,900,0.087557,0.043
S2,S2_inst_07.txt,algo2,171673.0,171673.0,0.0,0.0,900,0.059425,0.043
S2,S2_inst_07.txt,algo3,171673.0,171673.0,0.0,0.0,900,10.014574,0.043
S2,S2_inst_07.txt,algo4,171673.0,171673.0,0.0,0.0,900,0.040438,0.043
S2,S2_inst_07.txt,algo5,171673.0,171673.0,0.0,0.0,900,0.172405,0.043
S2,S2_inst_07.txt,algo_union,171673.0,171673.0,0.0,0.0,900,0.162838,0.043
S2,S2_inst_08.txt,algo1,106480.0,106480.0,0.0,0.0,900,0.106929,0.045
S2,S2_inst_08.txt,algo2,106480.0,106480.0,0.0,0.0,900,0.067910,0.045
S2,S2_inst_08.txt,algo3,106480.0,106480.0,0.0,0.0,810,10.011803,0.045
S2,S2_inst_08.txt,algo4,106480.0,106480.0,0.0,0.0,810,0.020564,0.045
S2,S2_inst_08.txt,algo5,106480.0,106480.0,0.0,0.0,810,0.130101,0.045
S2,S2_inst_08.txt,algo_union,106480.0,106480.0,0.0,0.0,810,0.162196,0.045
S2,S2_inst_09.txt,algo1,305776.0,305776.0,0.0,0.0,900,0.071789,0.033
S2,S2_inst_09.txt,algo2,305776.0,305776.0,0.0,0.0,900,0.056021,0.033
S2,S2_inst_09.txt,algo3,305776.0,305776.0,0.0,0.0,810,10.010006,0.033
S2,S2_inst_09.txt,algo4,305776.0,305776.0,0.0,0.0,810,0.027662,0.033
S2,S2_inst_09.txt,algo5,305776.0,305776.0,0.0,0.0,810,0.121765,0.033
S2,S2_inst_09.txt,algo_union,305776.0,305776.0,0.0,0.0,810,0.164763,0.033
S2,S2_inst_10.txt,algo1,96247.0,96247.0,0.0,0.0,900,0.078642,0.047
S2,S2_inst_10.txt,algo2,96247.0,96247.0,0.0,0.0,900,0.054149,0.047
S2,S2_inst_10.txt,algo3,96247.0,96247.0,0.0,0.0,720,10.023969,0.047
S2,S2_inst_10.txt,algo4,96247.0,96247.0,0.0,0.0,720,0.025420,0.047
S2,S2_inst_10.txt,algo5,96247.0,96247.0,0.0,0.0,900,0.135794,0.047
S2,S2_inst_10.txt,algo_union,96247.0,96247.0,0.0,0.0,720,0.204078,0.047
S2,S2_inst_11.txt,algo1,119714.0,119714.0,0.0,0.0,900,0.055137,0.033
S2,S2_inst_11.txt,algo2,119714.0,119714.0,0.0,0.0,900,0.070024,0.033
S2,S2_inst_11.txt,algo3,119714.0,119714.0,0.0,0.0,900,10.012565,0.033
S2,S2_inst_11.txt,algo4,119714.0,119714.0,0.0,0.0,900,0.020799,0.033
S2,S2_inst_11.txt,algo5,119714.0,119714.0,0.0,0.0,900,0.187958,0.033
S2,S2_inst_11.txt,algo_union,119714.0,119714.0,0.0,0.0,900,0.196697,0.033
S2,S2_inst_12.txt,algo1,272403.0,272403.0,0.0,0.0,900,0.131336,0.033
S2,S2_inst_12.txt,algo2,272403.0,272403.0,0.0,0.0,900,0.057333,0.033
S2,S2_inst_12.txt,algo3,272403.0,272403.0,0.0,0.0,810,10.011469,0.033
S2,S2_inst_12.txt,algo4,272403.0,272403.0,0.0,0.0,810,0.024791,0.033
S2,S2_inst_12.txt,algo5,272403.0,272403.0,0.0,0.0,900,0.107010,0.033
S2,S2_inst_12.txt,algo_union,272403.0,272403.0,0.0,0.0,810,0.165854,0.033
S2,S2_inst_13.txt,algo1,188928.0,188928.0,0.0,0.0,900,0.051616,0.037
S2,S2_inst_13.txt,algo2,188928.0,188928.0,0.0,0.0,900,0.059937,0.037
S2,S2_inst_13.txt,algo3,188928.0,188928.0,0.0,0.0,720,10.009386,0.037
S2,S2_inst_13.txt,algo4,188928.0,188928.0,0.0,0.0,720,0.020258,0.037
S2,S2_inst_13.txt,algo5,188928.0,188928.0,0.0,0.0,810,0.060619,0.037
S2,S2_inst_13.txt,algo_union,188928.0,188928.0,0.0,0.0,720,0.135313,0.037
S2,S2_inst_14.txt,algo1,134568.0,134568.0,0.0,0.0,810,0.051769,0.041
S2,S2_inst_14.txt,algo2,134568.0,134568.0,0.0,0.0,810,0.055381,0.041
S2,S2_inst_14.txt,algo3,134568.0,134568.0,0.0,0.0,630,10.009984,0.041
S2,S2_inst_14.txt,algo4,134568.0,134568.0,0.0,0.0,630,5.843481,0.041
S2,S2_inst_14.txt,algo5,134568.0,134568.0,0.0,0.0,810,0.361960,0.041
S2,S2_inst_14.txt,algo_union,134568.0,134568.0,0.0,0.0,630,5.940946,0.041
S2,S2_inst_15.txt,algo1,141465.0,141465.0,0.0,0.0,900,0.060733,0.030
S2,S2_inst_15.txt,algo2,141465.0,141465.0,0.0,0.0,900,0.060635,0.030
S2,S2_inst_15.txt,algo3,141465.0,141465.0,0.0,0.0,630,10.013132,0.030
S2,S2_inst_15.txt,algo4,141465.0,141465.0,0.0,0.0,630,0.031342,0.030
S2,S2_inst_15.txt,algo5,141465.0,141465.0,0.0,0.0,720,0.079601,0.030
S2,S2_inst_15.txt,algo_union,141465.0,141465.0,0.0,0.0,630,0.135088,0.030
S2,S2_inst_16.txt,algo1,153031.0,153031.0,0.0,0.0,810,0.050247,0.039
S2,S2_inst_16.txt,algo2,153031.0,153031.0,0.0,0.0,900,0.051273,0.039
S2,S2_inst_16.txt,algo3,153031.0,153031.0,0.0,0.0,720,10.009161,0.039
S2,S2_inst_16.txt,algo4,153031.0,153031.0,0.0,0.0,720,0.034909,0.039
S2,S2_inst_16.txt,algo5,153031.0,153031.0,0.0,0.0,810,0.052427,0.039
S2,S2_inst_16.txt,algo_union,153031.0,153031.0,0.0,0.0,720,0.098447,0.039
S2,S2_inst_17.txt,algo1,257620.0,257620.0,0.0,0.0,810,0.048613,0.035
S2,S2_inst_17.txt,algo2,257620.0,257620.0,0.0,0.0,810,0.053471,0.035
S2,S2_inst_17.txt,algo3,257620.0,257620.0,0.0,0.0,810,10.010784,0.035
S2,S2_inst_17.txt,algo4,257620.0,257620.0,0.0,0.0,810,0.030418,0.035
S2,S2_inst_17.txt,algo5,257620.0,257620.0,0.0,0.0,810,0.157404,0.035
S2,S2_inst_17.txt,algo_union,257620.0,257620.0,0.0,0.0,810,0.158972,0.035
S2,S2_inst_18.txt,algo1,155072.0,155072.0,0.0,0.0,810,0.171360,0.037
S2,S2_inst_18.txt,algo2,155072.0,155072.0,0.0,0.0,900,0.070023,0.037
S2,S2_inst_18.txt,algo3,155072.0,155072.0,0.0,0.0,720,10.016415,0.037
S2,S2_inst_18.txt,algo4,155072.0,155072.0,0.0,0.0,720,0.036334,0.037
S2,S2_inst_18.txt,algo5,155072.0,155072.0,0.0,0.0,810,0.163569,0.037
S2,S2_inst_18.txt,algo_union,155072.0,155072.0,0.0,0.0,720,0.133337,0.037
S2,S2_inst_19.txt,algo1,144614.0,144614.0,0.0,0.0,900,0.078477,0.074
S2,S2_inst_19.txt,algo2,144614.0,144614.0,0.0,0.0,900,0.068946,0.074
S2,S2_inst_19.txt,algo3,144614.0,144614.0,0.0,0.0,810,10.012070,0.074
S2,S2_inst_19.txt,algo4,144614.0,144614.0,0.0,0.0,810,0.025700,0.074
S2,S2_inst_19.txt,algo5,144614.0,144614.0,0.0,0.0,810,0.103691,0.074
S2,S2_inst_19.txt,algo_union,144614.0,144614.0,0.0,0.0,810,0.123203,0.074
S2,S2_inst_20.txt,algo1,219870.0,219870.0,0.0,0.0,900,0.050564,0.031
S2,S2_inst_20.txt,algo2,219870.0,219870.0,0.0,0.0,900,0.057172,0.031
S2,S2_inst_20.txt,algo3,219870.0,219870.0,0.0,0.0,810,9.795192,0.031
S2,S2_inst_20.txt,algo4,219870.0,219870.0,0.0,0.0,810,0.028143,0.031
S2,S2_inst_20.txt,algo5,219870.0,219870.0,0.0,0.0,810,0.137566,0.031
S2,S2_inst_20.txt,algo_union,219870.0,219870.0,0.0,0.0,810,0.184429,0.031
S2,S2_inst_21.txt,algo1,157509.0,157509.0,0.0,0.0,900,0.043242,0.049
S2,S2_inst_21.txt,algo2,157509.0,157509.0,0.0,0.0,900,0.040042,0.049
S2,S2_inst_21.txt,algo3,157509.0,157509.0,0.0,0.0,630,10.014155,0.049
S2,S2_inst_21.txt,algo4,157509.0,157509.0,0.0,0.0,630,0.031739,0.049
S2,S2_inst_21.txt,algo5,157509.0,157509.0,0.0,0.0,810,0.067734,0.049
S2,S2_inst_21.txt,algo_union,157509.0,157509.0,0.0,0.0,630,0.130641,0.049
S2,S2_inst_22.txt,algo1,121568.0,121568.0,0.0,0.0,810,0.052161,0.060
S2,S2_inst_22.txt,algo2,121568.0,121568.0,0.0,0.0,900,0.070466,0.060
S2,S2_inst_22.txt,algo3,121568.0,121568.0,0.0,0.0,630,10.012063,0.060
S2,S2_inst_22.txt,algo4,121568.0,121568.0,0.0,0.0,630,0.035428,0.060
S2,S2_inst_22.txt,algo5,121568.0,121568.0,0.0,0.0,720,0.051150,0.060
S2,S2_inst_22.txt,algo_union,121568.0,121568.0,0.0,0.0,630,0.104107,0.060
S2,S2_inst_23.txt,algo1,159561.0,159561.0,0.0,0.0,900,0.082193,0.043
S2,S2_inst_23.txt,algo2,159561.0,159561.0,0.0,0.0,900,0.057787,0.043
S2,S2_inst_23.txt,algo3,159561.0,159561.0,0.0,0.0,810,10.012246,0.043
S2,S2_inst_23.txt,algo4,159561.0,159561.0,0.0,0.0,810,0.038039,0.043
S2,S2_inst_23.txt,algo5,159561.0,159561.0,0.0,0.0,900,0.066356,0.043
S2,S2_inst_23.txt,algo_union,159561.0,159561.0,0.0,0.0,810,0.166519,0.043
S2,S2_inst_24.txt,algo1,177497.0,177497.0,0.0,0.0,810,0.043875,0.038
S2,S2_inst_24.txt,algo2,177497.0,177497.0,0.0,0.0,810,0.070948,0.038
S2,S2_inst_24.txt,algo3,177497.0,177497.0,0.0,0.0,630,10.022558,0.038
S2,S2_inst_24.txt,algo4,177497.0,177497.0,0.0,0.0,630,5.816688,0.038
S2,S2_inst_24.txt,algo5,177497.0,177497.0,0.0,0.0,720,0.234588,0.038
S2,S2_inst_24.txt,algo_union,177497.0,177497.0,0.0,0.0,630,7.144277,0.038
S2,S2_inst_25.txt,algo1,195889.0,195889.0,0.0,0.0,900,0.043928,0.037
S2,S2_inst_25.txt,algo2,195889.0,195889.0,0.0,0.0,900,0.042850,0.037
S2,S2_inst_25.txt,algo3,195889.0,195889.0,0.0,0.0,900,10.016620,0.037
S2,S2_inst_25.txt,algo4,195889.0,195889.0,0.0,0.0,900,0.020360,0.037
S2,S2_inst_25.txt,algo5,195889.0,195889.0,0.0,0.0,900,0.108979,0.037
S2,S2_inst_25.txt,algo_union,195889.0,195889.0,0.0,0.0,900,0.180036,0.037
S2,S2_inst_26.txt,algo1,136033.0,136033.0,0.0,0.0,900,0.041906,0.035
S2,S2_inst_26.txt,algo2,136033.0,136033.0,0.0,0.0,810,0.057541,0.035
S2,S2_inst_26.txt,algo3,136033.0,136033.0,0.0,0.0,720,10.009508,0.035
S2,S2_inst_26.txt,algo4,136033.0,136033.0,0.0,0.0,720,0.030257,0.035
S2,S2_inst_26.txt,algo5,136033.0,136033.0,0.0,0.0,720,0.084222,0.035
S2,S2_inst_26.txt,algo_union,136033.0,136033.0,0.0,0.0,720,0.149290,0.035
S2,S2_inst_27.txt,algo1,167778.0,167778.0,0.0,0.0,900,0.045346,0.040
S2,S2_inst_27.txt,algo2,167778.0,167778.0,0.0,0.0,900,0.053040,0.040
S2,S2_inst_27.txt,algo3,167778.0,167778.0,0.0,0.0,630,10.011090,0.040
S2,S2_inst_27.txt,algo4,167778.0,167778.0,0.0,0.0,630,0.027053,0.040
S2,S2_inst_27.txt,algo5,167778.0,167778.0,0.0,0.0,630,0.043564,0.040
S2,S2_inst_27.txt,algo_union,167778.0,167778.0,0.0,0.0,630,0.092514,0.040
S2,S2_inst_28.txt,algo1,169536.0,169536.0,0.0,0.0,900,0.040551,0.039
S2,S2_inst_28.txt,algo2,169536.0,169536.0,0.0,0.0,900,0.060952,0.039
S2,S2_inst_28.txt,algo3,169536.0,169536.0,0.0,0.0,810,10.012045,0.039
S2,S2_inst_28.txt,algo4,169536.0,169536.0,0.0,0.0,810,0.030202,0.039
S2,S2_inst_28.txt,algo5,169536.0,169536.0,0.0,0.0,900,0.085215,0.039
S2,S2_inst_28.txt,algo_union,169536.0,169536.0,0.0,0.0,810,0.145255,0.039
S2,S2_inst_29.txt,algo1,148091.0,148091.0,0.0,0.0,900,0.049329,0.044
S2,S2_inst_29.txt,algo2,148091.0,148091.0,0.0,0.0,900,0.055865,0.044
S2,S2_inst_29.txt,algo3,148091.0,148091.0,0.0,0.0,630,10.016104,0.044
S2,S2_inst_29.txt,algo4,148091.0,148091.0,0.0,0.0,630,0.045629,0.044
S2,S2_inst_29.txt,algo5,148091.0,148091.0,0.0,0.0,900,0.067357,0.044
S2,S2_inst_29.txt,algo_union,148091.0,148091.0,0.0,0.0,630,0.127829,0.044
S2,S2_inst_30.txt,algo1,130220.0,130220.0,0.0,0.0,810,0.046924,0.040
S2,S2_inst_30.txt,algo2,130220.0,130220.0,0.0,0.0,900,0.064173,0.040
S2,S2_inst_30.txt,algo3,130220.0,130220.0,0.0,0.0,360,10.011880,0.040
S2,S2_inst_30.txt,algo4,130220.0,130220.0,0.0,0.0,360,0.036086,0.040
S2,S2_inst_30.txt,algo5,130220.0,130220.0,0.0,0.0,810,0.122484,0.040
S2,S2_inst_30.txt,algo_union,130220.0,130220.0,0.0,0.0,360,0.202918,0.040
S3,S3_inst_01.txt,algo1,616066.0,616066.0,0.0,0.0,2970,0.311190,0.303
S3,S3_inst_01.txt,algo2,616066.0,616066.0,0.0,0.0,2970,0.154468,0.303
S3,S3_inst_01.txt,algo3,616066.0,616066.0,0.0,0.0,2700,10.027336,0.303
S3,S3_inst_01.txt,algo4,616066.0,616066.0,0.0,0.0,2700,0.044986,0.303
S3,S3_inst_01.txt,algo5,616066.0,616066.0,0.0,0.0,2880,0.121811,0.303
S3,S3_inst_01.txt,algo_union,616066.0,616066.0,0.0,0.0,2700,0.277097,0.303
S3,S3_inst_02.txt,algo1,539819.0,539819.0,0.0,0.0,2880,0.317531,0.307
S3,S3_inst_02.txt,algo2,539819.0,539819.0,0.0,0.0,2880,0.172008,0.307
S3,S3_inst_02.txt,algo3,539819.0,539819.0,0.0,0.0,2430,10.016169,0.307
S3,S3_inst_02.txt,algo4,539819.0,539819.0,0.0,0.0,2430,0.031668,0.307
S3,S3_inst_02.txt,algo5,539819.0,539819.0,0.0,0.0,2700,0.058432,0.307
S3,S3_inst_02.txt,algo_union,539819.0,539819.0,0.0,0.0,2430,0.132368,0.307
S3,S3_inst_03.txt,algo1,515235.0,515235.0,0.0,0.0,2970,0.463330,0.456
S3,S3_inst_03.txt,algo2,515235.0,515235.0,0.0,0.0,2970,0.158231,0.456
S3,S3_inst_03.txt,algo3,515235.0,515235.0,0.0,0.0,2430,10.013945,0.456
S3,S3_inst_03.txt,algo4,515235.0,515235.0,0.0,0.0,2430,0.047022,0.456
S3,S3_inst_03.txt,algo5,515235.0,515235.0,0.0,0.0,2790,0.089664,0.456
S3,S3_inst_03.txt,algo_union,515235.0,515235.0,0.0,0.0,2430,0.179464,0.456
S3,S3_inst_04.txt,algo1,462023.0,462023.0,0.0,0.0,2970,0.346595,0.326
S3,S3_inst_04.txt,algo2,462023.0,462023.0,0.0,0.0,2970,0.157086,0.326
S3,S3_inst_04.txt,algo3,462023.0,462023.0,0.0,0.0,2700,10.017737,0.326
S3,S3_inst_04.txt,algo4,462023.0,462023.0,0.0,0.0,2700,0.027851,0.326
S3,S3_inst_04.txt,algo5,462023.0,462023.0,0.0,0.0,2880,0.130305,0.326
S3,S3_inst_04.txt,algo_union,462023.0,462023.0,0.0,0.0,2700,0.244116,0.326
S3,S3_inst_05.txt,algo1,490314.0,490314.0,0.0,0.0,2970,0.393887,0.382
S3,S3_inst_05.txt,algo2,490314.0,490314.0,0.0,0.0,2970,0.167062,0.382
S3,S3_inst_05.txt,algo3,490314.0,490314.0,0.0,0.0,2430,10.012923,0.382
S3,S3_inst_05.txt,algo4,490314.0,490314.0,0.0,0.0,2430,0.035522,0.382
S3,S3_inst_05.txt,algo5,490314.0,490314.0,0.0,0.0,2790,0.077435,0.382
S3,S3_inst_05.txt,algo_union,490314.0,490314.0,0.0,0.0,2430,0.175510,0.382
S3,S3_inst_06.txt,algo1,507162.0,507162.0,0.0,0.0,2790,0.343815,0.317
S3,S3_inst_06.txt,algo2,507162.0,507162.0,0.0,0.0,2970,0.164980,0.317
S3,S3_inst_06.txt,algo3,507162.0,507162.0,0.0,0.0,2430,10.013891,0.317
S3,S3_inst_06.txt,algo4,507162.0,507162.0,0.0,0.0,2430,0.044659,0.317
S3,S3_inst_06.txt,algo5,507162.0,507162.0,0.0,0.0,2880,0.060025,0.317
S3,S3_inst_06.txt,algo_union,507162.0,507162.0,0.0,0.0,2430,0.122082,0.317
S3,S3_inst_07.txt,algo1,676874.0,676874.0,0.0,0.0,2970,0.333744,0.318
S3,S3_inst_07.txt,algo2,676874.0,676874.0,0.0,0.0,2970,0.126834,0.318
S3,S3_inst_07.txt,algo3,676874.0,676874.0,0.0,0.0,2610,10.018321,0.318
S3,S3_inst_07.txt,algo4,676874.0,676874.0,0.0,0.0,2610,0.029326,0.318
S3,S3_inst_07.txt,algo5,676874.0,676874.0,0.0,0.0,2880,0.072165,0.318
S3,S3_inst_07.txt,algo_union,676874.0,676874.0,0.0,0.0,2610,0.158358,0.318
S3,S3_inst_08.txt,algo1,573058.0,573058.0,0.0,0.0,2970,0.405513,0.332
S3,S3_inst_08.txt,algo2,573058.0,573058.0,0.0,0.0,2970,0.164019,0.332
S3,S3_inst_08.txt,algo3,573058.0,573058.0,0.0,0.0,2610,10.012605,0.332
S3,S3_inst_08.txt,algo4,573058.0,573058.0,0.0,0.0,2610,0.031880,0.332
S3,S3_inst_08.txt,algo5,573058.0,573058.0,0.0,0.0,2700,0.090679,0.332
S3,S3_inst_08.txt,algo_union,573058.0,573058.0,0.0,0.0,2610,0.185423,0.332
S3,S3_inst_09.txt,algo1,522077.0,522077.0,0.0,0.0,2970,0.366537,0.348
S3,S3_inst_09.txt,algo2,522077.0,522077.0,0.0,0.0,2880,0.127163,0.348
S3,S3_inst_09.txt,algo3,522077.0,522077.0,0.0,0.0,2250,10.010854,0.348
S3,S3_inst_09.txt,algo4,522077.0,522077.0,0.0,0.0,2250,0.043661,0.348
S3,S3_inst_09.txt,algo5,522077.0,522077.0,0.0,0.0,2700,0.108716,0.348
S3,S3_inst_09.txt,algo_union,522077.0,522077.0,0.0,0.0,2250,0.216617,0.348
S3,S3_inst_10.txt,algo1,598875.0,598875.0,0.0,0.0,2970,0.359191,0.347
S3,S3_inst_10.txt,algo2,598875.0,598875.0,0.0,0.0,2970,0.125378,0.347
S3,S3_inst_10.txt,algo3,598875.0,598875.0,0.0,0.0,2160,10.019484,0.347
S3,S3_inst_10.txt,algo4,598875.0,598875.0,0.0,0.0,2160,0.024630,0.347
S3,S3_inst_10.txt,algo5,598875.0,598875.0,0.0,0.0,2790,0.097410,0.347
S3,S3_inst_10.txt,algo_union,598875.0,598875.0,0.0,0.0,2160,0.194299,0.347
S3,S3_inst_11.txt,algo1,501605.0,501605.0,0.0,0.0,2970,0.325437,0.306
S3,S3_inst_11.txt,algo2,501605.0,501605.0,0.0,0.0,2880,0.113532,0.306
S3,S3_inst_11.txt,algo3,501605.0,501605.0,0.0,0.0,2340,10.010933,0.306
S3,S3_inst_11.txt,algo4,501605.0,501605.0,0.0,0.0,2340,0.028817,0.306
S3,S3_inst_11.txt,algo5,501605.0,501605.0,0.0,0.0,2790,0.108950,0.306
S3,S3_inst_11.txt,algo_union,501605.0,501605.0,0.0,0.0,2340,0.210891,0.306
S3,S3_inst_12.txt,algo1,643592.0,643592.0,0.0,0.0,2970,0.380669,0.369
S3,S3_inst_12.txt,algo2,643592.0,643592.0,0.0,0.0,2970,0.136411,0.369
S3,S3_inst_12.txt,algo3,643592.0,643592.0,0.0,0.0,2160,10.013110,0.369
S3,S3_inst_12.txt,algo4,643592.0,643592.0,0.0,0.0,2160,0.042191,0.369
S3,S3_inst_12.txt,algo5,643592.0,643592.0,0.0,0.0,2790,0.128567,0.369
S3,S3_inst_12.txt,algo_union,643592.0,643592.0,0.0,0.0,2160,0.255047,0.369
S3,S3_inst_13.txt,algo1,662988.0,662988.0,0.0,0.0,2880,0.331436,0.317
S3,S3_inst_13.txt,algo2,662988.0,662988.0,0.0,0.0,2880,0.168007,0.317
S3,S3_inst_13.txt,algo3,662988.0,662988.0,0.0,0.0,2430,10.027068,0.317
S3,S3_inst_13.txt,algo4,662988.0,662988.0,0.0,0.0,2430,0.030449,0.317
S3,S3_inst_13.txt,algo5,662988.0,662988.0,0.0,0.0,2790,0.124771,0.317
S3,S3_inst_13.txt,algo_union,662988.0,662988.0,0.0,0.0,2430,0.230629,0.317
S3,S3_inst_14.txt,algo1,638669.0,638669.0,0.0,0.0,2970,0.413305,0.333
S3,S3_inst_14.txt,algo2,638669.0,638669.0,0.0,0.0,2880,0.152380,0.333
S3,S3_inst_14.txt,algo3,638669.0,638669.0,0.0,0.0,2430,10.014315,0.333
S3,S3_inst_14.txt,algo4,638669.0,638669.0,0.0,0.0,2430,0.029820,0.333
S3,S3_inst_14.txt,algo5,638669.0,638669.0,0.0,0.0,2700,0.077529,0.333
S3,S3_inst_14.txt,algo_union,638669.0,638669.0,0.0,0.0,2430,0.169266,0.333
S3,S3_inst_15.txt,algo1,516389.0,516389.0,0.0,0.0,2970,0.344759,0.331
S3,S3_inst_15.txt,algo2,516389.0,516389.0,0.0,0.0,2880,0.150654,0.331
S3,S3_inst_15.txt,algo3,516389.0,516389.0,0.0,0.0,2610,10.013919,0.331
S3,S3_inst_15.txt,algo4,516389.0,516389.0,0.0,0.0,2610,0.035645,0.331
S3,S3_inst_15.txt,algo5,516389.0,516389.0,0.0,0.0,2700,0.152706,0.331
S3,S3_inst_15.txt,algo_union,516389.0,516389.0,0.0,0.0,2610,0.277169,0.331
S3,S3_inst_16.txt,algo1,507186.0,507186.0,0.0,0.0,2880,0.345969,0.331
S3,S3_inst_16.txt,algo2,507186.0,507186.0,0.0,0.0,2790,0.155825,0.331
S3,S3_inst_16.txt,algo3,507186.0,507186.0,0.0,0.0,2790,10.015876,0.331
S3,S3_inst_16.txt,algo4,507186.0,507186.0,0.0,0.0,2790,0.028089,0.331
S3,S3_inst_16.txt,algo5,507186.0,507186.0,0.0,0.0,2880,0.082048,0.331
S3,S3_inst_16.txt,algo_union,507186.0,507186.0,0.0,0.0,2790,0.190878,0.331
S3,S3_inst_17.txt,algo1,739798.0,739798.0,0.0,0.0,2970,0.332263,0.313
S3,S3_inst_17.txt,algo2,739798.0,739798.0,0.0,0.0,2970,0.132711,0.313
S3,S3_inst_17.txt,algo3,739798.0,739798.0,0.0,0.0,2430,10.012956,0.313
S3,S3_inst_17.txt,algo4,739798.0,739798.0,0.0,0.0,2430,0.032196,0.313
S3,S3_inst_17.txt,algo5,739798.0,739798.0,0.0,0.0,2700,0.067023,0.313
S3,S3_inst_17.txt,algo_union,739798.0,739798.0,0.0,0.0,2430,0.150067,0.313
S3,S3_inst_18.txt,algo1,586264.0,586264.0,0.0,0.0,2880,0.385231,0.364
S3,S3_inst_18.txt,algo2,586264.0,586264.0,0.0,0.0,2790,0.159932,0.364
S3,S3_inst_18.txt,algo3,586264.0,586264.0,0.0,0.0,2430,10.014775,0.364
S3,S3_inst_18.txt,algo4,586264.0,586264.0,0.0,0.0,2430,9.961194,0.364
S3,S3_inst_18.txt,algo5,586264.0,586264.0,0.0,0.0,2790,0.182903,0.364
S3,S3_inst_18.txt,algo_union,586264.0,586264.0,0.0,0.0,2430,10.283509,0.364
S3,S3_inst_19.txt,algo1,651592.0,651592.0,0.0,0.0,2880,0.356746,0.341
S3,S3_inst_19.txt,algo2,651592.0,651592.0,0.0,0.0,2970,0.125909,0.341
S3,S3_inst_19.txt,algo3,651592.0,651592.0,0.0,0.0,2520,10.011133,0.341
S3,S3_inst_19.txt,algo4,651592.0,651592.0,0.0,0.0,2520,0.027588,0.341
S3,S3_inst_19.txt,algo5,651592.0,651592.0,0.0,0.0,2790,0.086179,0.341
S3,S3_inst_19.txt,algo_union,651592.0,651592.0,0.0,0.0,2520,0.155380,0.341
S3,S3_inst_20.txt,algo1,552062.0,552062.0,0.0,0.0,2880,0.309074,0.287
S3,S3_inst_20.txt,algo2,552062.0,552062.0,0.0,0.0,2880,0.148569,0.287
S3,S3_inst_20.txt,algo3,552062.0,552062.0,0.0,0.0,2520,10.016049,0.287
S3,S3_inst_20.txt,algo4,552062.0,552062.0,0.0,0.0,2520,9.966241,0.287
S3,S3_inst_20.txt,algo5,552062.0,552062.0,0.0,0.0,2610,0.086727,0.287
S3,S3_inst_20.txt,algo_union,552062.0,552062.0,0.0,0.0,2520,9.090193,0.287
S3,S3_inst_21.txt,algo1,673678.0,673678.0,0.0,0.0,2970,0.349080,0.323
S3,S3_inst_21.txt,algo2,673678.0,673678.0,0.0,0.0,2970,0.167695,0.323
S3,S3_inst_21.txt,algo3,673678.0,673678.0,0.0,0.0,2340,10.019079,0.323
S3,S3_inst_21.txt,algo4,673678.0,673678.0,0.0,0.0,2340,0.036487,0.323
S3,S3_inst_21.txt,algo5,673678.0,673678.0,0.0,0.0,2700,0.064715,0.323
S3,S3_inst_21.txt,algo_union,673678.0,673678.0,0.0,0.0,2340,0.128102,0.323
S3,S3_inst_22.txt,algo1,650576.0,650576.0,0.0,0.0,2970,0.389813,0.382
S3,S3_inst_22.txt,algo2,650576.0,650576.0,0.0,0.0,2970,0.147977,0.382
S3,S3_inst_22.txt,algo3,650576.0,650576.0,0.0,0.0,2250,10.014174,0.382
S3,S3_inst_22.txt,algo4,650576.0,650576.0,0.0,0.0,2250,0.033648,0.382
S3,S3_inst_22.txt,algo5,650576.0,650576.0,0.0,0.0,2700,0.103743,0.382
S3,S3_inst_22.txt,algo_union,650576.0,650576.0,0.0,0.0,2250,0.193749,0.382
S3,S3_inst_23.txt,algo1,355699.0,355699.0,0.0,0.0,2880,0.326172,0.308
S3,S3_inst_23.txt,algo2,355699.0,355699.0,0.0,0.0,2880,0.137384,0.308
S3,S3_inst_23.txt,algo3,355699.0,355699.0,0.0,0.0,2610,10.013447,0.308
S3,S3_inst_23.txt,algo4,355699.0,355699.0,0.0,0.0,2610,9.970913,0.308
S3,S3_inst_23.txt,algo5,355699.0,355699.0,0.0,0.0,2790,0.106952,0.308
S3,S3_inst_23.txt,algo_union,355699.0,355699.0,0.0,0.0,2610,10.139334,0.308
S3,S3_inst_24.txt,algo1,529561.0,529561.0,0.0,0.0,2970,0.417202,0.398
S3,S3_inst_24.txt,algo2,529561.0,529561.0,0.0,0.0,2970,0.152371,0.398
S3,S3_inst_24.txt,algo3,529561.0,529561.0,0.0,0.0,2700,10.017608,0.398
S3,S3_inst_24.txt,algo4,529561.0,529561.0,0.0,0.0,2700,0.027702,0.398
S3,S3_inst_24.txt,algo5,529561.0,529561.0,0.0,0.0,2970,0.088577,0.398
S3,S3_inst_24.txt,algo_union,529561.0,529561.0,0.0,0.0,2700,0.149754,0.398
S3,S3_inst_25.txt,algo1,610994.0,610994.0,0.0,0.0,2970,0.377290,0.348
S3,S3_inst_25.txt,algo2,610994.0,610994.0,0.0,0.0,2970,0.119957,0.348
S3,S3_inst_25.txt,algo3,610994.0,610994.0,0.0,0.0,2340,10.011883,0.348
S3,S3_inst_25.txt,algo4,610994.0,610994.0,0.0,0.0,2340,0.031471,0.348
S3,S3_inst_25.txt,algo5,610994.0,610994.0,0.0,0.0,2790,0.116193,0.348
S3,S3_inst_25.txt,algo_union,610994.0,610994.0,0.0,0.0,2340,0.182364,0.348
S3,S3_inst_26.txt,algo1,567814.0,567814.0,0.0,0.0,2880,0.331224,0.318
S3,S3_inst_26.txt,algo2,567814.0,567814.0,0.0,0.0,2970,0.129933,0.318
S3,S3_inst_26.txt,algo3,567814.0,567814.0,0.0,0.0,2250,10.017055,0.318
S3,S3_inst_26.txt,algo4,567814.0,567814.0,0.0,0.0,2250,0.038950,0.318
S3,S3_inst_26.txt,algo5,567814.0,567814.0,0.0,0.0,2700,0.087610,0.318
S3,S3_inst_26.txt,algo_union,567814.0,567814.0,0.0,0.0,2250,0.134024,0.318
S3,S3_inst_27.txt,algo1,545381.0,545381.0,0.0,0.0,2880,0.352035,0.323
S3,S3_inst_27.txt,algo2,545381.0,545381.0,0.0,0.0,2790,0.150003,0.323
S3,S3_inst_27.txt,algo3,545381.0,545381.0,0.0,0.0,2250,10.019803,0.323
S3,S3_inst_27.txt,algo4,545381.0,545381.0,0.0,0.0,2250,9.967135,0.323
S3,S3_inst_27.txt,algo5,545381.0,545381.0,0.0,0.0,2430,0.185398,0.323
S3,S3_inst_27.txt,algo_union,545381.0,545381.0,0.0,0.0,2250,8.793658,0.323
S3,S3_inst_28.txt,algo1,558684.0,558684.0,0.0,0.0,2970,0.332436,0.312
S3,S3_inst_28.txt,algo2,558684.0,558684.0,0.0,0.0,2970,0.161864,0.312
S3,S3_inst_28.txt,algo3,558684.0,558684.0,0.0,0.0,2700,10.013034,0.312
S3,S3_inst_28.txt,algo4,558684.0,558684.0,0.0,0.0,2700,0.030654,0.312
S3,S3_inst_28.txt,algo5,558684.0,558684.0,0.0,0.0,2700,0.077701,0.312
S3,S3_inst_28.txt,algo_union,558684.0,558684.0,0.0,0.0,2700,0.115692,0.312
S3,S3_inst_29.txt,algo1,435945.0,435945.0,0.0,0.0,2970,0.363039,0.342
S3,S3_inst_29.txt,algo2,435945.0,435945.0,0.0,0.0,2970,0.143687,0.342
S3,S3_inst_29.txt,algo3,435945.0,435945.0,0.0,0.0,2610,10.014141,0.342
S3,S3_inst_29.txt,algo4,435945.0,435945.0,0.0,0.0,2610,0.033689,0.342
S3,S3_inst_29.txt,algo5,435945.0,435945.0,0.0,0.0,2700,0.165003,0.342
S3,S3_inst_29.txt,algo_union,435945.0,435945.0,0.0,0.0,2610,0.196844,0.342
S3,S3_inst_30.txt,algo1,595298.0,595298.0,0.0,0.0,2880,0.360028,0.294
S3,S3_inst_30.txt,algo2,595298.0,595298.0,0.0,0.0,2880,0.185780,0.294
S3,S3_inst_30.txt,algo3,595298.0,595298.0,0.0,0.0,2610,10.025532,0.294
S3,S3_inst_30.txt,algo4,595298.0,595298.0,0.0,0.0,2610,9.964935,0.294
S3,S3_inst_30.txt,algo5,595298.0,595298.0,0.0,0.0,2790,0.087701,0.294
S3,S3_inst_30.txt,algo_union,595298.0,595298.0,0.0,0.0,2610,8.681069,0.294
S4,S4_inst_01.txt,algo1,4245146.0,4186598.0,58548.0,1.379175,18630,0.044685,48.691
S4,S4_inst_01.txt,algo2,4245146.0,4219610.0,25536.0,0.601534,21060,3.536986,48.691
S4,S4_inst_01.txt,algo3,4245146.0,4186598.0,58548.0,1.379175,18630,10.039659,48.691
S4,S4_inst_01.txt,algo4,4245146.0,4245146.0,0.0,0.0,18990,9.973639,48.691
S4,S4_inst_01.txt,algo5,4245146.0,4231286.0,13860.0,0.326491,19890,1.057765,48.691
S4,S4_inst_01.txt,algo_union,4245146.0,4245146.0,0.0,0.0,19980,10.235180,48.691
S4,S4_inst_02.txt,algo1,4463651.0,4463651.0,0.0,0.0,18270,0.050388,63.811
S4,S4_inst_02.txt,algo2,4463651.0,4463651.0,0.0,0.0,21420,1.836528,63.811
S4,S4_inst_02.txt,algo3,4463651.0,4463651.0,0.0,0.0,18270,10.020941,63.811
S4,S4_inst_02.txt,algo4,4463651.0,4463651.0,0.0,0.0,18270,9.976314,63.811
S4,S4_inst_02.txt,algo5,4463651.0,4463651.0,0.0,0.0,20700,0.250781,63.811
S4,S4_inst_02.txt,algo_union,4463651.0,4463651.0,0.0,0.0,18270,10.304218,63.811
S4,S4_inst_03.txt,algo1,4871285.0,4871285.0,0.0,0.0,18810,0.049800,64.174
S4,S4_inst_03.txt,algo2,4871285.0,4871285.0,0.0,0.0,21240,1.695330,64.174
S4,S4_inst_03.txt,algo3,4871285.0,4871285.0,0.0,0.0,18810,10.018795,64.174
S4,S4_inst_03.txt,algo4,4871285.0,4871285.0,0.0,0.0,18810,0.057390,64.174
S4,S4_inst_03.txt,algo5,4871285.0,4871285.0,0.0,0.0,20790,0.112521,64.174
S4,S4_inst_03.txt,algo_union,4871285.0,4871285.0,0.0,0.0,18810,0.161726,64.174
S4,S4_inst_04.txt,algo1,4100045.0,4100045.0,0.0,0.0,18720,0.044998,61.755
S4,S4_inst_04.txt,algo2,4100045.0,4100045.0,0.0,0.0,21150,1.906805,61.755
S4,S4_inst_04.txt,algo3,4100045.0,4100045.0,0.0,0.0,18720,10.025486,61.755
S4,S4_inst_04.txt,algo4,4100045.0,4100045.0,0.0,0.0,18720,9.988521,61.755
S4,S4_inst_04.txt,algo5,4100045.0,4100045.0,0.0,0.0,20520,0.202956,61.755
S4,S4_inst_04.txt,algo_union,4100045.0,4100045.0,0.0,0.0,18720,10.135320,61.755
S4,S4_inst_05.txt,algo1,5329533.0,5329533.0,0.0,0.0,18180,0.043470,69.122
S4,S4_inst_05.txt,algo2,5329533.0,5329533.0,0.0,0.0,21150,2.031584,69.122
S4,S4_inst_05.txt,algo3,5329533.0,5329533.0,0.0,0.0,18180,10.019178,69.122
S4,S4_inst_05.txt,algo4,5329533.0,5329533.0,0.0,0.0,18180,9.973580,69.122
S4,S4_inst_05.txt,algo5,5329533.0,5329533.0,0.0,0.0,20430,0.215882,69.122
S4,S4_inst_05.txt,algo_union,5329533.0,5329533.0,0.0,0.0,18180,10.287944,69.122
S4,S4_inst_06.txt,algo1,4484783.0,4484783.0,0.0,0.0,18990,0.048197,68.201
S4,S4_inst_06.txt,algo2,4484783.0,4484783.0,0.0,0.0,21510,1.748586,68.201
S4,S4_inst_06.txt,algo3,4484783.0,4484783.0,0.0,0.0,18990,10.019276,68.201
S4,S4_inst_06.txt,algo4,4484783.0,4484783.0,0.0,0.0,18990,0.041841,68.201
S4,S4_inst_06.txt,algo5,4484783.0,4484783.0,0.0,0.0,21150,0.170769,68.201
S4,S4_inst_06.txt,algo_union,4484783.0,4484783.0,0.0,0.0,18990,0.290620,68.201
S4,S4_inst_07.txt,algo1,4161415.0,4161415.0,0.0,0.0,17910,0.045730,64.425
S4,S4_inst_07.txt,algo2,4161415.0,4161415.0,0.0,0.0,21150,1.515975,64.425
S4,S4_inst_07.txt,algo3,4161415.0,4161415.0,0.0,0.0,17910,10.014002,64.425
S4,S4_inst_07.txt,algo4,4161415.0,4161415.0,0.0,0.0,17910,9.985265,64.425
S4,S4_inst_07.txt,algo5,4161415.0,4161415.0,0.0,0.0,20880,0.259679,64.425
S4,S4_inst_07.txt,algo_union,4161415.0,4161415.0,0.0,0.0,17910,10.331094,64.425
S4,S4_inst_08.txt,algo1,4612533.0,4477176.0,135357.0,2.934548,18630,0.045662,53.488
S4,S4_inst_08.txt,algo2,4612533.0,4532640.0,79893.0,1.732085,20970,2.603978,53.488
S4,S4_inst_08.txt,algo3,4612533.0,4477176.0,135357.0,2.934548,18630,10.020761,53.488
S4,S4_inst_08.txt,algo4,4612533.0,4612533.0,0.0,0.0,19260,9.970031,53.488
S4,S4_inst_08.txt,algo5,4612533.0,4607181.0,5352.0,0.116032,20070,1.520281,53.488
S4,S4_inst_08.txt,algo_union,4612533.0,4612533.0,0.0,0.0,20340,10.272298,53.488
S4,S4_inst_09.txt,algo1,2492955.0,2021787.0,471168.0,18.89998,16290,0.043903,34.719
S4,S4_inst_09.txt,algo2,2492955.0,2202135.0,290820.0,11.665674,17460,4.411691,34.719
S4,S4_inst_09.txt,algo3,2492955.0,2021787.0,471168.0,18.89998,16290,10.023134,34.719
S4,S4_inst_09.txt,algo4,2492955.0,2421633.0,71322.0,2.860942,16830,9.983147,34.719
S4,S4_inst_09.txt,algo5,2492955.0,2257104.0,235851.0,9.4607,17910,2.072026,34.719
S4,S4_inst_09.txt,algo_union,2492955.0,2374023.0,118932.0,4.770724,17730,10.206022,34.719
S4,S4_inst_10.txt,algo1,4041091.0,4041091.0,0.0,0.0,18450,0.046706,64.416
S4,S4_inst_10.txt,algo2,4041091.0,4041091.0,0.0,0.0,21420,1.860386,64.416
S4,S4_inst_10.txt,algo3,4041091.0,4041091.0,0.0,0.0,18450,10.025499,64.416
S4,S4_inst_10.txt,algo4,4041091.0,4041091.0,0.0,0.0,18450,0.049305,64.416
S4,S4_inst_10.txt,algo5,4041091.0,4041091.0,0.0,0.0,21150,0.147857,64.416
S4,S4_inst_10.txt,algo_union,4041091.0,4041091.0,0.0,0.0,18450,0.249188,64.416
S4,S4_inst_11.txt,algo1,5019639.0,5019639.0,0.0,0.0,18720,0.047998,61.519
S4,S4_inst_11.txt,algo2,5019639.0,5019639.0,0.0,0.0,21420,1.617576,61.519
S4,S4_inst_11.txt,algo3,5019639.0,5019639.0,0.0,0.0,18720,10.016768,61.519
S4,S4_inst_11.txt,algo4,5019639.0,5019639.0,0.0,0.0,18720,0.033686,61.519
S4,S4_inst_11.txt,algo5,5019639.0,5019639.0,0.0,0.0,20520,0.113827,61.519
S4,S4_inst_11.txt,algo_union,5019639.0,5019639.0,0.0,0.0,18720,0.196368,61.519
S4,S4_inst_12.txt,algo1,4907159.0,4907159.0,0.0,0.0,18450,0.046501,54.485
S4,S4_inst_12.txt,algo2,4907159.0,4907159.0,0.0,0.0,21420,1.575825,54.485
S4,S4_inst_12.txt,algo3,4907159.0,4907159.0,0.0,0.0,18450,10.014800,54.485
S4,S4_inst_12.txt,algo4,4907159.0,4907159.0,0.0,0.0,18450,0.060519,54.485
S4,S4_inst_12.txt,algo5,4907159.0,4907159.0,0.0,0.0,20430,0.099842,54.485
S4,S4_inst_12.txt,algo_union,4907159.0,4907159.0,0.0,0.0,18450,0.169717,54.485
S4,S4_inst_13.txt,algo1,4483632.0,4483632.0,0.0,0.0,17730,0.047646,62.682
S4,S4_inst_13.txt,algo2,4483632.0,4483632.0,0.0,0.0,21240,1.835440,62.682
S4,S4_inst_13.txt,algo3,4483632.0,4483632.0,0.0,0.0,17730,10.019892,62.682
S4,S4_inst_13.txt,algo4,4483632.0,4483632.0,0.0,0.0,17730,0.068317,62.682
S4,S4_inst_13.txt,algo5,4483632.0,4483632.0,0.0,0.0,20520,0.098415,62.682
S4,S4_inst_13.txt,algo_union,4483632.0,4483632.0,0.0,0.0,17730,0.167334,62.682
S4,S4_inst_14.txt,algo1,4244900.0,4244900.0,0.0,0.0,18720,0.045264,55.647
S4,S4_inst_14.txt,algo2,4244900.0,4244900.0,0.0,0.0,21600,2.667951,55.647
S4,S4_inst_14.txt,algo3,4244900.0,4244900.0,0.0,0.0,18720,10.015499,55.647
S4,S4_inst_14.txt,algo4,4244900.0,4244900.0,0.0,0.0,18720,0.054007,55.647
S4,S4_inst_14.txt,algo5,4244900.0,4244900.0,0.0,0.0,20700,0.462982,55.647
S4,S4_inst_14.txt,algo_union,4244900.0,4244900.0,0.0,0.0,18720,0.217641,55.647
S4,S4_inst_15.txt,algo1,4974382.0,4974382.0,0.0,0.0,18180,0.045893,56.791
S4,S4_inst_15.txt,algo2,4974382.0,4974382.0,0.0,0.0,21060,2.011057,56.791
S4,S4_inst_15.txt,algo3,4974382.0,4974382.0,0.0,0.0,18180,10.025346,56.791
S4,S4_inst_15.txt,algo4,4974382.0,4974382.0,0.0,0.0,18180,0.038157,56.791
S4,S4_inst_15.txt,algo5,4974382.0,4974382.0,0.0,0.0,20610,0.372954,56.791
S4,S4_inst_15.txt,algo_union,4974382.0,4974382.0,0.0,0.0,18180,0.256008,56.791
S4,S4_inst_16.txt,algo1,4766659.0,4766659.0,0.0,0.0,17820,0.044502,61.360
S4,S4_inst_16.txt,algo2,4766659.0,4766659.0,0.0,0.0,21420,1.936757,61.360
S4,S4_inst_16.txt,algo3,4766659.0,4766659.0,0.0,0.0,17820,10.018819,61.360
S4,S4_inst_16.txt,algo4,4766659.0,4766659.0,0.0,0.0,17820,9.970876,61.360
S4,S4_inst_16.txt,algo5,4766659.0,4766659.0,0.0,0.0,20520,0.615344,61.360
S4,S4_inst_16.txt,algo_union,4766659.0,4766659.0,0.0,0.0,17820,10.257057,61.360
S4,S4_inst_17.txt,algo1,4057486.0,4057486.0,0.0,0.0,18000,0.049371,59.855
S4,S4_inst_17.txt,algo2,4057486.0,4057486.0,0.0,0.0,21240,1.667304,59.855
S4,S4_inst_17.txt,algo3,4057486.0,4057486.0,0.0,0.0,18000,10.016358,59.855
S4,S4_inst_17.txt,algo4,4057486.0,4057486.0,0.0,0.0,18000,9.966266,59.855
S4,S4_inst_17.txt,algo5,4057486.0,4057486.0,0.0,0.0,20970,0.204411,59.855
S4,S4_inst_17.txt,algo_union,4057486.0,4057486.0,0.0,0.0,18000,10.219810,59.855
S4,S4_inst_18.txt,algo1,4271529.0,4271529.0,0.0,0.0,17010,0.044578,60.863
S4,S4_inst_18.txt,algo2,4271529.0,4271529.0,0.0,0.0,21240,1.946097,60.863
S4,S4_inst_18.txt,algo3,4271529.0,4271529.0,0.0,0.0,17010,10.024003,60.863
S4,S4_inst_18.txt,algo4,4271529.0,4271529.0,0.0,0.0,17010,9.967426,60.863
S4,S4_inst_18.txt,algo5,4271529.0,4271529.0,0.0,0.0,20250,0.202703,60.863
S4,S4_inst_18.txt,algo_union,4271529.0,4271529.0,0.0,0.0,17010,10.192935,60.863
S4,S4_inst_19.txt,algo1,4455137.0,4455137.0,0.0,0.0,18180,0.049456,66.521
S4,S4_inst_19.txt,algo2,4455137.0,4455137.0,0.0,0.0,21420,1.934841,66.521
S4,S4_inst_19.txt,algo3,4455137.0,4455137.0,0.0,0.0,18180,10.023125,66.521
S4,S4_inst_19.txt,algo4,4455137.0,4455137.0,0.0,0.0,18180,0.047874,66.521
S4,S4_inst_19.txt,algo5,4455137.0,4455137.0,0.0,0.0,20520,0.126637,66.521
S4,S4_inst_19.txt,algo_union,4455137.0,4455137.0,0.0,0.0,18180,0.214886,66.521
S4,S4_inst_20.txt,algo1,5089646.0,5089646.0,0.0,0.0,18360,0.046461,63.392
S4,S4_inst_20.txt,algo2,5089646.0,5089646.0,0.0,0.0,21600,1.477235,63.392
S4,S4_inst_20.txt,algo3,5089646.0,5089646.0,0.0,0.0,18360,10.015752,63.392
S4,S4_inst_20.txt,algo4,5089646.0,5089646.0,0.0,0.0,18360,0.044065,63.392
S4,S4_inst_20.txt,algo5,5089646.0,5089646.0,0.0,0.0,20880,0.134126,63.392
S4,S4_inst_20.txt,algo_union,5089646.0,5089646.0,0.0,0.0,18360,0.253438,63.392
S4,S4_inst_21.txt,algo1,4765457.0,4765457.0,0.0,0.0,17280,0.046639,66.930
S4,S4_inst_21.txt,algo2,4765457.0,4765457.0,0.0,0.0,21420,1.382781,66.930
S4,S4_inst_21.txt,algo3,4765457.0,4765457.0,0.0,0.0,17280,10.014717,66.930
S4,S4_inst_21.txt,algo4,4765457.0,4765457.0,0.0,0.0,17280,0.048413,66.930
S4,S4_inst_21.txt,algo5,4765457.0,4765457.0,0.0,0.0,20970,0.143561,66.930
S4,S4_inst_21.txt,algo_union,4765457.0,4765457.0,0.0,0.0,17280,0.274272,66.930
S4,S4_inst_22.txt,algo1,5348070.0,5348070.0,0.0,0.0,17730,0.046922,59.849
S4,S4_inst_22.txt,algo2,5348070.0,5348070.0,0.0,0.0,21150,1.523526,59.849
S4,S4_inst_22.txt,algo3,5348070.0,5348070.0,0.0,0.0,17730,10.019416,59.849
S4,S4_inst_22.txt,algo4,5348070.0,5348070.0,0.0,0.0,17730,0.053598,59.849
S4,S4_inst_22.txt,algo5,5348070.0,5348070.0,0.0,0.0,20610,0.095537,59.849
S4,S4_inst_22.txt,algo_union,5348070.0,5348070.0,0.0,0.0,17730,0.164788,59.849
S4,S4_inst_23.txt,algo1,4541113.0,4541113.0,0.0,0.0,19080,0.049920,60.086
S4,S4_inst_23.txt,algo2,4541113.0,4541113.0,0.0,0.0,21420,1.797260,60.086
S4,S4_inst_23.txt,algo3,4541113.0,4541113.0,0.0,0.0,19080,10.024080,60.086
S4,S4_inst_23.txt,algo4,4541113.0,4541113.0,0.0,0.0,19080,0.039376,60.086
S4,S4_inst_23.txt,algo5,4541113.0,4541113.0,0.0,0.0,21060,0.153378,60.086
S4,S4_inst_23.txt,algo_union,4541113.0,4541113.0,0.0,0.0,19080,0.264014,60.086
S4,S4_inst_24.txt,algo1,4386677.0,4386677.0,0.0,0.0,18990,0.047949,57.308
S4,S4_inst_24.txt,algo2,4386677.0,4371785.0,14892.0,0.339482,21060,2.469453,57.308
S4,S4_inst_24.txt,algo3,4386677.0,4386677.0,0.0,0.0,18990,10.016814,57.308
S4,S4_inst_24.txt,algo4,4386677.0,4386677.0,0.0,0.0,18990,9.977933,57.308
S4,S4_inst_24.txt,algo5,4386677.0,4386677.0,0.0,0.0,20700,0.814483,57.308
S4,S4_inst_24.txt,algo_union,4386677.0,4386677.0,0.0,0.0,18990,10.219831,57.308
S4,S4_inst_25.txt,algo1,4354430.0,4354430.0,0.0,0.0,18990,0.046606,59.064
S4,S4_inst_25.txt,algo2,4354430.0,4354430.0,0.0,0.0,21330,1.286076,59.064
S4,S4_inst_25.txt,algo3,4354430.0,4354430.0,0.0,0.0,18990,10.013881,59.064
S4,S4_inst_25.txt,algo4,4354430.0,4354430.0,0.0,0.0,18990,0.054756,59.064
S4,S4_inst_25.txt,algo5,4354430.0,4354430.0,0.0,0.0,21240,0.112501,59.064
S4,S4_inst_25.txt,algo_union,4354430.0,4354430.0,0.0,0.0,18990,0.184696,59.064
S4,S4_inst_26.txt,algo1,3904175.0,3904175.0,0.0,0.0,17280,0.048937,67.901
S4,S4_inst_26.txt,algo2,3904175.0,3904175.0,0.0,0.0,21420,1.470838,67.901
S4,S4_inst_26.txt,algo3,3904175.0,3904175.0,0.0,0.0,17280,10.012332,67.901
S4,S4_inst_26.txt,algo4,3904175.0,3904175.0,0.0,0.0,17280,9.981229,67.901
S4,S4_inst_26.txt,algo5,3904175.0,3904175.0,0.0,0.0,20790,0.218997,67.901
S4,S4_inst_26.txt,algo_union,3904175.0,3904175.0,0.0,0.0,17280,10.274380,67.901
S4,S4_inst_27.txt,algo1,4248133.0,4248133.0,0.0,0.0,18180,0.048160,63.468
S4,S4_inst_27.txt,algo2,4248133.0,4248133.0,0.0,0.0,21240,1.478714,63.468
S4,S4_inst_27.txt,algo3,4248133.0,4248133.0,0.0,0.0,18180,10.016323,63.468
S4,S4_inst_27.txt,algo4,4248133.0,4248133.0,0.0,0.0,18180,0.063931,63.468
S4,S4_inst_27.txt,algo5,4248133.0,4248133.0,0.0,0.0,21150,0.175094,63.468
S4,S4_inst_27.txt,algo_union,4248133.0,4248133.0,0.0,0.0,18180,0.300263,63.468
S4,S4_inst_28.txt,algo1,4866084.0,4866084.0,0.0,0.0,18450,0.045267,59.625
S4,S4_inst_28.txt,algo2,4866084.0,4866084.0,0.0,0.0,21420,1.398342,59.625
S4,S4_inst_28.txt,algo3,4866084.0,4866084.0,0.0,0.0,18450,10.025644,59.625
S4,S4_inst_28.txt,algo4,4866084.0,4866084.0,0.0,0.0,18450,0.055712,59.625
S4,S4_inst_28.txt,algo5,4866084.0,4866084.0,0.0,0.0,20700,0.146712,59.625
S4,S4_inst_28.txt,algo_union,4866084.0,4866084.0,0.0,0.0,18450,0.250620,59.625
S4,S4_inst_29.txt,algo1,4929138.0,4929138.0,0.0,0.0,17640,0.044562,66.503
S4,S4_inst_29.txt,algo2,4929138.0,4929138.0,0.0,0.0,21060,2.105114,66.503
S4,S4_inst_29.txt,algo3,4929138.0,4929138.0,0.0,0.0,17640,10.024742,66.503
S4,S4_inst_29.txt,algo4,4929138.0,4929138.0,0.0,0.0,17640,9.985296,66.503
S4,S4_inst_29.txt,algo5,4929138.0,4929138.0,0.0,0.0,20430,0.265653,66.503
S4,S4_inst_29.txt,algo_union,4929138.0,4929138.0,0.0,0.0,17640,10.290281,66.503
S4,S4_inst_30.txt,algo1,5505071.0,5505071.0,0.0,0.0,18450,0.046271,66.635
S4,S4_inst_30.txt,algo2,5505071.0,5505071.0,0.0,0.0,21420,1.905482,66.635
S4,S4_inst_30.txt,algo3,5505071.0,5505071.0,0.0,0.0,18450,10.023564,66.635
S4,S4_inst_30.txt,algo4,5505071.0,5505071.0,0.0,0.0,18450,9.980738,66.635
S4,S4_inst_30.txt,algo5,5505071.0,5505071.0,0.0,0.0,20340,0.240803,66.635
S4,S4_inst_30.txt,algo_union,5505071.0,5505071.0,0.0,0.0,18450,10.283003,66.635
S5,S5_inst_01.txt,algo1,1670050.0,1670050.0,0.0,0.0,7740,0.026785,7.720
S5,S5_inst_01.txt,algo2,1670050.0,1670050.0,0.0,0.0,8640,0.598540,7.720
S5,S5_inst_01.txt,algo3,1670050.0,1670050.0,0.0,0.0,7740,10.022974,7.720
S5,S5_inst_01.txt,algo4,1670050.0,1670050.0,0.0,0.0,7740,0.051281,7.720
S5,S5_inst_01.txt,algo5,1670050.0,1670050.0,0.0,0.0,8730,0.119194,7.720
S5,S5_inst_01.txt,algo_union,1670050.0,1670050.0,0.0,0.0,7740,0.194812,7.720
S5,S5_inst_02.txt,algo1,1720307.0,1720307.0,0.0,0.0,7200,0.022429,5.421
S5,S5_inst_02.txt,algo2,1720307.0,1720307.0,0.0,0.0,8820,0.883614,5.421
S5,S5_inst_02.txt,algo3,1720307.0,1720307.0,0.0,0.0,7200,10.016339,5.421
S5,S5_inst_02.txt,algo4,1720307.0,1720307.0,0.0,0.0,7200,9.973894,5.421
S5,S5_inst_02.txt,algo5,1720307.0,1720307.0,0.0,0.0,8460,0.111027,5.421
S5,S5_inst_02.txt,algo_union,1720307.0,1720307.0,0.0,0.0,7200,10.091083,5.421
S5,S5_inst_03.txt,algo1,1618603.0,1618603.0,0.0,0.0,7290,0.022369,7.978
S5,S5_inst_03.txt,algo2,1618603.0,1618603.0,0.0,0.0,8910,0.451938,7.978
S5,S5_inst_03.txt,algo3,1618603.0,1618603.0,0.0,0.0,7290,10.011629,7.978
S5,S5_inst_03.txt,algo4,1618603.0,1618603.0,0.0,0.0,7290,0.033251,7.978
S5,S5_inst_03.txt,algo5,1618603.0,1618603.0,0.0,0.0,8820,0.123750,7.978
S5,S5_inst_03.txt,algo_union,1618603.0,1618603.0,0.0,0.0,7290,0.230678,7.978
S5,S5_inst_04.txt,algo1,1670351.0,1670351.0,0.0,0.0,6930,0.023742,5.888
S5,S5_inst_04.txt,algo2,1670351.0,1670351.0,0.0,0.0,8820,0.533179,5.888
S5,S5_inst_04.txt,algo3,1670351.0,1670351.0,0.0,0.0,6930,10.010696,5.888
S5,S5_inst_04.txt,algo4,1670351.0,1670351.0,0.0,0.0,6930,9.969590,5.888
S5,S5_inst_04.txt,algo5,1670351.0,1670351.0,0.0,0.0,8460,0.123698,5.888
S5,S5_inst_04.txt,algo_union,1670351.0,1670351.0,0.0,0.0,6930,10.121496,5.888
S5,S5_inst_05.txt,algo1,1410427.0,1410427.0,0.0,0.0,7740,0.023911,7.413
S5,S5_inst_05.txt,algo2,1410427.0,1410427.0,0.0,0.0,9000,0.533136,7.413
S5,S5_inst_05.txt,algo3,1410427.0,1410427.0,0.0,0.0,7740,10.020140,7.413
S5,S5_inst_05.txt,algo4,1410427.0,1410427.0,0.0,0.0,7740,0.042895,7.413
S5,S5_inst_05.txt,algo5,1410427.0,1410427.0,0.0,0.0,8910,0.110081,7.413
S5,S5_inst_05.txt,algo_union,1410427.0,1410427.0,0.0,0.0,7740,0.201148,7.413
S5,S5_inst_06.txt,algo1,1568036.0,1568036.0,0.0,0.0,7560,0.022329,5.659
S5,S5_inst_06.txt,algo2,1568036.0,1568036.0,0.0,0.0,8910,0.715293,5.659
S5,S5_inst_06.txt,algo3,1568036.0,1568036.0,0.0,0.0,7560,10.011526,5.659
S5,S5_inst_06.txt,algo4,1568036.0,1568036.0,0.0,0.0,7560,9.973284,5.659
S5,S5_inst_06.txt,algo5,1568036.0,1568036.0,0.0,0.0,8010,0.183921,5.659
S5,S5_inst_06.txt,algo_union,1568036.0,1568036.0,0.0,0.0,7560,10.110023,5.659
S5,S5_inst_07.txt,algo1,1891533.0,1891533.0,0.0,0.0,7020,0.022732,7.299
S5,S5_inst_07.txt,algo2,1891533.0,1891533.0,0.0,0.0,8910,0.524570,7.299
S5,S5_inst_07.txt,algo3,1891533.0,1891533.0,0.0,0.0,7020,10.021868,7.299
S5,S5_inst_07.txt,algo4,1891533.0,1891533.0,0.0,0.0,7020,0.034356,7.299
S5,S5_inst_07.txt,algo5,1891533.0,1891533.0,0.0,0.0,8820,0.093326,7.299
S5,S5_inst_07.txt,algo_union,1891533.0,1891533.0,0.0,0.0,7020,0.178861,7.299
S5,S5_inst_08.txt,algo1,1391724.0,1391724.0,0.0,0.0,7380,0.026772,7.930
S5,S5_inst_08.txt,algo2,1391724.0,1391724.0,0.0,0.0,8820,0.455684,7.930
S5,S5_inst_08.txt,algo3,1391724.0,1391724.0,0.0,0.0,7380,10.020386,7.930
S5,S5_inst_08.txt,algo4,1391724.0,1391724.0,0.0,0.0,7380,9.972823,7.930
S5,S5_inst_08.txt,algo5,1391724.0,1391724.0,0.0,0.0,8190,0.225860,7.930
S5,S5_inst_08.txt,algo_union,1391724.0,1391724.0,0.0,0.0,7380,10.222238,7.930
S5,S5_inst_09.txt,algo1,1664271.0,1664271.0,0.0,0.0,7560,0.023524,7.745
S5,S5_inst_09.txt,algo2,1664271.0,1664271.0,0.0,0.0,9000,0.541498,7.745
S5,S5_inst_09.txt,algo3,1664271.0,1664271.0,0.0,0.0,7560,10.031330,7.745
S5,S5_inst_09.txt,algo4,1664271.0,1664271.0,0.0,0.0,7560,0.034764,7.745
S5,S5_inst_09.txt,algo5,1664271.0,1664271.0,0.0,0.0,8550,0.072283,7.745
S5,S5_inst_09.txt,algo_union,1664271.0,1664271.0,0.0,0.0,7560,0.148881,7.745
S5,S5_inst_10.txt,algo1,1727472.0,1727472.0,0.0,0.0,7650,0.023465,7.319
S5,S5_inst_10.txt,algo2,1727472.0,1727472.0,0.0,0.0,8910,0.385338,7.319
S5,S5_inst_10.txt,algo3,1727472.0,1727472.0,0.0,0.0,7650,10.013155,7.319
S5,S5_inst_10.txt,algo4,1727472.0,1727472.0,0.0,0.0,7650,0.035107,7.319
S5,S5_inst_10.txt,algo5,1727472.0,1727472.0,0.0,0.0,8820,0.082370,7.319
S5,S5_inst_10.txt,algo_union,1727472.0,1727472.0,0.0,0.0,7650,0.166213,7.319
S5,S5_inst_11.txt,algo1,1621266.0,1621266.0,0.0,0.0,7830,0.024133,8.051
S5,S5_inst_11.txt,algo2,1621266.0,1621266.0,0.0,0.0,8820,0.477518,8.051
S5,S5_inst_11.txt,algo3,1621266.0,1621266.0,0.0,0.0,7830,10.009630,8.051
S5,S5_inst_11.txt,algo4,1621266.0,1621266.0,0.0,0.0,7830,0.046271,8.051
S5,S5_inst_11.txt,algo5,1621266.0,1621266.0,0.0,0.0,8730,0.121571,8.051
S5,S5_inst_11.txt,algo_union,1621266.0,1621266.0,0.0,0.0,7830,0.228159,8.051
S5,S5_inst_12.txt,algo1,1339161.0,1339161.0,0.0,0.0,7920,0.023827,7.142
S5,S5_inst_12.txt,algo2,1339161.0,1339161.0,0.0,0.0,8730,0.566356,7.142
S5,S5_inst_12.txt,algo3,1339161.0,1339161.0,0.0,0.0,7920,10.022881,7.142
S5,S5_inst_12.txt,algo4,1339161.0,1339161.0,0.0,0.0,7920,9.970634,7.142
S5,S5_inst_12.txt,algo5,1339161.0,1339161.0,0.0,0.0,8730,0.239381,7.142
S5,S5_inst_12.txt,algo_union,1339161.0,1339161.0,0.0,0.0,7920,10.243111,7.142
S5,S5_inst_13.txt,algo1,1826438.0,1826438.0,0.0,0.0,7830,0.024539,7.966
S5,S5_inst_13.txt,algo2,1826438.0,1826438.0,0.0,0.0,9000,0.517630,7.966
S5,S5_inst_13.txt,algo3,1826438.0,1826438.0,0.0,0.0,7830,10.024322,7.966
S5,S5_inst_13.txt,algo4,1826438.0,1826438.0,0.0,0.0,7830,0.043095,7.966
S5,S5_inst_13.txt,algo5,1826438.0,1826438.0,0.0,0.0,8820,0.168345,7.966
S5,S5_inst_13.txt,algo_union,1826438.0,1826438.0,0.0,0.0,7830,0.267004,7.966
S5,S5_inst_14.txt,algo1,1841775.0,1841775.0,0.0,0.0,7560,0.036578,7.806
S5,S5_inst_14.txt,algo2,1841775.0,1841775.0,0.0,0.0,9000,0.559415,7.806
S5,S5_inst_14.txt,algo3,1841775.0,1841775.0,0.0,0.0,7560,10.023788,7.806
S5,S5_inst_14.txt,algo4,1841775.0,1841775.0,0.0,0.0,7560,0.028035,7.806
S5,S5_inst_14.txt,algo5,1841775.0,1841775.0,0.0,0.0,8640,0.160475,7.806
S5,S5_inst_14.txt,algo_union,1841775.0,1841775.0,0.0,0.0,7560,0.171587,7.806
S5,S5_inst_15.txt,algo1,1826281.0,1826281.0,0.0,0.0,7650,0.105178,7.681
S5,S5_inst_15.txt,algo2,1826281.0,1826281.0,0.0,0.0,9000,0.444298,7.681
S5,S5_inst_15.txt,algo3,1826281.0,1826281.0,0.0,0.0,7650,10.012395,7.681
S5,S5_inst_15.txt,algo4,1826281.0,1826281.0,0.0,0.0,7650,0.028927,7.681
S5,S5_inst_15.txt,algo5,1826281.0,1826281.0,0.0,0.0,8910,0.177549,7.681
S5,S5_inst_15.txt,algo_union,1826281.0,1826281.0,0.0,0.0,7650,0.259673,7.681
S5,S5_inst_16.txt,algo1,1939018.0,1939018.0,0.0,0.0,6930,0.022587,8.396
S5,S5_inst_16.txt,algo2,1939018.0,1939018.0,0.0,0.0,8910,0.414837,8.396
S5,S5_inst_16.txt,algo3,1939018.0,1939018.0,0.0,0.0,6930,10.012717,8.396
S5,S5_inst_16.txt,algo4,1939018.0,1939018.0,0.0,0.0,6930,0.048654,8.396
S5,S5_inst_16.txt,algo5,1939018.0,1939018.0,0.0,0.0,8730,0.136800,8.396
S5,S5_inst_16.txt,algo_union,1939018.0,1939018.0,0.0,0.0,6930,0.250697,8.396
S5,S5_inst_17.txt,algo1,1897327.0,1897327.0,0.0,0.0,8190,0.023553,8.251
S5,S5_inst_17.txt,algo2,1897327.0,1897327.0,0.0,0.0,8910,0.402362,8.251
S5,S5_inst_17.txt,algo3,1897327.0,1897327.0,0.0,0.0,8190,10.010710,8.251
S5,S5_inst_17.txt,algo4,1897327.0,1897327.0,0.0,0.0,8190,0.041827,8.251
S5,S5_inst_17.txt,algo5,1897327.0,1897327.0,0.0,0.0,8820,0.082307,8.251
S5,S5_inst_17.txt,algo_union,1897327.0,1897327.0,0.0,0.0,8190,0.161330,8.251
S5,S5_inst_18.txt,algo1,1374621.0,1374621.0,0.0,0.0,7200,0.025893,9.131
S5,S5_inst_18.txt,algo2,1374621.0,1374621.0,0.0,0.0,8820,0.494332,9.131
S5,S5_inst_18.txt,algo3,1374621.0,1374621.0,0.0,0.0,7200,10.012838,9.131
S5,S5_inst_18.txt,algo4,1374621.0,1374621.0,0.0,0.0,7200,9.983211,9.131
S5,S5_inst_18.txt,algo5,1374621.0,1374621.0,0.0,0.0,8370,0.168678,9.131
S5,S5_inst_18.txt,algo_union,1374621.0,1374621.0,0.0,0.0,7200,10.225482,9.131
S5,S5_inst_19.txt,algo1,1857744.0,1857744.0,0.0,0.0,7650,0.024186,8.409
S5,S5_inst_19.txt,algo2,1857744.0,1857744.0,0.0,0.0,8820,0.405685,8.409
S5,S5_inst_19.txt,algo3,1857744.0,1857744.0,0.0,0.0,7650,10.018697,8.409
S5,S5_inst_19.txt,algo4,1857744.0,1857744.0,0.0,0.0,7650,0.033702,8.409
S5,S5_inst_19.txt,algo5,1857744.0,1857744.0,0.0,0.0,8730,0.115863,8.409
S5,S5_inst_19.txt,algo_union,1857744.0,1857744.0,0.0,0.0,7650,0.208373,8.409
S5,S5_inst_20.txt,algo1,1789522.0,1789522.0,0.0,0.0,7020,0.021853,7.680
S5,S5_inst_20.txt,algo2,1789522.0,1789522.0,0.0,0.0,8730,0.469303,7.680
S5,S5_inst_20.txt,algo3,1789522.0,1789522.0,0.0,0.0,7020,10.018321,7.680
S5,S5_inst_20.txt,algo4,1789522.0,1789522.0,0.0,0.0,7020,0.029378,7.680
S5,S5_inst_20.txt,algo5,1789522.0,1789522.0,0.0,0.0,8460,0.111948,7.680
S5,S5_inst_20.txt,algo_union,1789522.0,1789522.0,0.0,0.0,7020,0.180976,7.680
S5,S5_inst_21.txt,algo1,1526558.0,1526558.0,0.0,0.0,7110,0.024717,7.441
S5,S5_inst_21.txt,algo2,1526558.0,1526558.0,0.0,0.0,8550,0.414456,7.441
S5,S5_inst_21.txt,algo3,1526558.0,1526558.0,0.0,0.0,7110,10.020229,7.441
S5,S5_inst_21.txt,algo4,1526558.0,1526558.0,0.0,0.0,7110,0.029509,7.441
S5,S5_inst_21.txt,algo5,1526558.0,1526558.0,0.0,0.0,8460,0.083669,7.441
S5,S5_inst_21.txt,algo_union,1526558.0,1526558.0,0.0,0.0,7110,0.157098,7.441
S5,S5_inst_22.txt,algo1,1734757.0,1734757.0,0.0,0.0,6480,0.020658,7.833
S5,S5_inst_22.txt,algo2,1734757.0,1734757.0,0.0,0.0,8910,0.413510,7.833
S5,S5_inst_22.txt,algo3,1734757.0,1734757.0,0.0,0.0,6480,10.013411,7.833
S5,S5_inst_22.txt,algo4,1734757.0,1734757.0,0.0,0.0,6480,0.042075,7.833
S5,S5_inst_22.txt,algo5,1734757.0,1734757.0,0.0,0.0,8460,0.079000,7.833
S5,S5_inst_22.txt,algo_union,1734757.0,1734757.0,0.0,0.0,6480,0.149896,7.833
S5,S5_inst_23.txt,algo1,1751175.0,1751175.0,0.0,0.0,7920,0.024609,7.729
S5,S5_inst_23.txt,algo2,1751175.0,1751175.0,0.0,0.0,9000,0.545958,7.729
S5,S5_inst_23.txt,algo3,1751175.0,1751175.0,0.0,0.0,7920,10.016932,7.729
S5,S5_inst_23.txt,algo4,1751175.0,1751175.0,0.0,0.0,7920,0.038784,7.729
S5,S5_inst_23.txt,algo5,1751175.0,1751175.0,0.0,0.0,8730,0.074526,7.729
S5,S5_inst_23.txt,algo_union,1751175.0,1751175.0,0.0,0.0,7920,0.150605,7.729
S5,S5_inst_24.txt,algo1,1478435.0,1478435.0,0.0,0.0,7920,0.027288,8.163
S5,S5_inst_24.txt,algo2,1478435.0,1478435.0,0.0,0.0,9000,0.536257,8.163
S5,S5_inst_24.txt,algo3,1478435.0,1478435.0,0.0,0.0,7920,10.014940,8.163
S5,S5_inst_24.txt,algo4,1478435.0,1478435.0,0.0,0.0,7920,0.046706,8.163
S5,S5_inst_24.txt,algo5,1478435.0,1478435.0,0.0,0.0,8910,0.098069,8.163
S5,S5_inst_24.txt,algo_union,1478435.0,1478435.0,0.0,0.0,7920,0.186376,8.163
S5,S5_inst_25.txt,algo1,1596422.0,1596422.0,0.0,0.0,6660,0.022143,7.724
S5,S5_inst_25.txt,algo2,1596422.0,1596422.0,0.0,0.0,8820,0.533338,7.724
S5,S5_inst_25.txt,algo3,1596422.0,1596422.0,0.0,0.0,6660,10.023945,7.724
S5,S5_inst_25.txt,algo4,1596422.0,1596422.0,0.0,0.0,6660,0.027628,7.724
S5,S5_inst_25.txt,algo5,1596422.0,1596422.0,0.0,0.0,8460,0.081605,7.724
S5,S5_inst_25.txt,algo_union,1596422.0,1596422.0,0.0,0.0,6660,0.157634,7.724
S5,S5_inst_26.txt,algo1,1886837.0,1886837.0,0.0,0.0,7380,0.022016,7.798
S5,S5_inst_26.txt,algo2,1886837.0,1886837.0,0.0,0.0,8910,0.457679,7.798
S5,S5_inst_26.txt,algo3,1886837.0,1886837.0,0.0,0.0,7380,10.016179,7.798
S5,S5_inst_26.txt,algo4,1886837.0,1886837.0,0.0,0.0,7380,0.049996,7.798
S5,S5_inst_26.txt,algo5,1886837.0,1886837.0,0.0,0.0,8190,0.104952,7.798
S5,S5_inst_26.txt,algo_union,1886837.0,1886837.0,0.0,0.0,7380,0.176773,7.798
S5,S5_inst_27.txt,algo1,1978045.0,1978045.0,0.0,0.0,7020,0.024362,7.685
S5,S5_inst_27.txt,algo2,1978045.0,1978045.0,0.0,0.0,9000,0.515445,7.685
S5,S5_inst_27.txt,algo3,1978045.0,1978045.0,0.0,0.0,7020,10.021081,7.685
S5,S5_inst_27.txt,algo4,1978045.0,1978045.0,0.0,0.0,7020,0.027843,7.685
S5,S5_inst_27.txt,algo5,1978045.0,1978045.0,0.0,0.0,8730,0.125437,7.685
S5,S5_inst_27.txt,algo_union,1978045.0,1978045.0,0.0,0.0,7020,0.233139,7.685
S5,S5_inst_28.txt,algo1,1547922.0,1547922.0,0.0,0.0,7740,0.022655,7.666
S5,S5_inst_28.txt,algo2,1547922.0,1547922.0,0.0,0.0,8820,0.400052,7.666
S5,S5_inst_28.txt,algo3,1547922.0,1547922.0,0.0,0.0,7740,10.021525,7.666
S5,S5_inst_28.txt,algo4,1547922.0,1547922.0,0.0,0.0,7740,0.040011,7.666
S5,S5_inst_28.txt,algo5,1547922.0,1547922.0,0.0,0.0,8460,0.071371,7.666
S5,S5_inst_28.txt,algo_union,1547922.0,1547922.0,0.0,0.0,7740,0.136286,7.666
S5,S5_inst_29.txt,algo1,1968484.0,1968484.0,0.0,0.0,7650,0.024323,7.912
S5,S5_inst_29.txt,algo2,1968484.0,1968484.0,0.0,0.0,9000,0.540886,7.912
S5,S5_inst_29.txt,algo3,1968484.0,1968484.0,0.0,0.0,7650,10.019780,7.912
S5,S5_inst_29.txt,algo4,1968484.0,1968484.0,0.0,0.0,7650,0.043790,7.912
S5,S5_inst_29.txt,algo5,1968484.0,1968484.0,0.0,0.0,8820,0.124434,7.912
S5,S5_inst_29.txt,algo_union,1968484.0,1968484.0,0.0,0.0,7650,0.227950,7.912
S5,S5_inst_30.txt,algo1,1881845.0,1881845.0,0.0,0.0,7380,0.025458,7.645
S5,S5_inst_30.txt,algo2,1881845.0,1881845.0,0.0,0.0,8910,0.418226,7.645
S5,S5_inst_30.txt,algo3,1881845.0,1881845.0,0.0,0.0,7380,10.017069,7.645
S5,S5_inst_30.txt,algo4,1881845.0,1881845.0,0.0,0.0,7380,0.035677,7.645
S5,S5_inst_30.txt,algo5,1881845.0,1881845.0,0.0,0.0,8730,0.104571,7.645
S5,S5_inst_30.txt,algo_union,1881845.0,1881845.0,0.0,0.0,7380,0.201725,7.645
S6,S6_inst_01.txt,algo1,1893458.0,1893458.0,0.0,0.0,9000,0.024733,7.697
S6,S6_inst_01.txt,algo2,1893458.0,1893458.0,0.0,0.0,9000,0.877051,7.697
S6,S6_inst_01.txt,algo3,1893458.0,1893458.0,0.0,0.0,9000,10.033111,7.697
S6,S6_inst_01.txt,algo4,1893458.0,1893458.0,0.0,0.0,9000,0.049071,7.697
S6,S6_inst_01.txt,algo5,1893458.0,1893458.0,0.0,0.0,9000,0.074326,7.697
S6,S6_inst_01.txt,algo_union,1893458.0,1893458.0,0.0,0.0,9000,0.172722,7.697
S6,S6_inst_02.txt,algo1,1857071.0,1857071.0,0.0,0.0,9000,0.024723,7.640
S6,S6_inst_02.txt,algo2,1857071.0,1857071.0,0.0,0.0,9000,0.947155,7.640
S6,S6_inst_02.txt,algo3,1857071.0,1857071.0,0.0,0.0,9000,10.016820,7.640
S6,S6_inst_02.txt,algo4,1857071.0,1857071.0,0.0,0.0,9000,0.048803,7.640
S6,S6_inst_02.txt,algo5,1857071.0,1857071.0,0.0,0.0,9000,0.067854,7.640
S6,S6_inst_02.txt,algo_union,1857071.0,1857071.0,0.0,0.0,9000,0.139961,7.640
S6,S6_inst_03.txt,algo1,2065068.0,2065068.0,0.0,0.0,9000,0.027977,6.615
S6,S6_inst_03.txt,algo2,2065068.0,2065068.0,0.0,0.0,9000,0.779080,6.615
S6,S6_inst_03.txt,algo3,2065068.0,2065068.0,0.0,0.0,9000,10.012745,6.615
S6,S6_inst_03.txt,algo4,2065068.0,2065068.0,0.0,0.0,9000,0.045765,6.615
S6,S6_inst_03.txt,algo5,2065068.0,2065068.0,0.0,0.0,9000,0.096122,6.615
S6,S6_inst_03.txt,algo_union,2065068.0,2065068.0,0.0,0.0,9000,0.150007,6.615
S6,S6_inst_04.txt,algo1,2212228.0,2212228.0,0.0,0.0,9000,0.056275,7.512
S6,S6_inst_04.txt,algo2,2212228.0,2212228.0,0.0,0.0,9000,0.965588,7.512
S6,S6_inst_04.txt,algo3,2212228.0,2212228.0,0.0,0.0,9000,10.020270,7.512
S6,S6_inst_04.txt,algo4,2212228.0,2212228.0,0.0,0.0,9000,0.052628,7.512
S6,S6_inst_04.txt,algo5,2212228.0,2212228.0,0.0,0.0,9000,0.068015,7.512
S6,S6_inst_04.txt,algo_union,2212228.0,2212228.0,0.0,0.0,9000,0.137537,7.512
S6,S6_inst_05.txt,algo1,1674750.0,1674750.0,0.0,0.0,9000,0.025309,8.660
S6,S6_inst_05.txt,algo2,1674750.0,1674750.0,0.0,0.0,9000,0.991289,8.660
S6,S6_inst_05.txt,algo3,1674750.0,1674750.0,0.0,0.0,9000,10.014735,8.660
S6,S6_inst_05.txt,algo4,1674750.0,1674750.0,0.0,0.0,9000,0.037716,8.660
S6,S6_inst_05.txt,algo5,1674750.0,1674750.0,0.0,0.0,9000,0.120267,8.660
S6,S6_inst_05.txt,algo_union,1674750.0,1674750.0,0.0,0.0,9000,0.181769,8.660
S6,S6_inst_06.txt,algo1,1825883.0,1825883.0,0.0,0.0,8910,0.030551,8.235
S6,S6_inst_06.txt,algo2,1825883.0,1825883.0,0.0,0.0,8910,0.568912,8.235
S6,S6_inst_06.txt,algo3,1825883.0,1825883.0,0.0,0.0,8910,10.015417,8.235
S6,S6_inst_06.txt,algo4,1825883.0,1825883.0,0.0,0.0,8910,9.971389,8.235
S6,S6_inst_06.txt,algo5,1825883.0,1825883.0,0.0,0.0,8910,0.222176,8.235
S6,S6_inst_06.txt,algo_union,1825883.0,1825883.0,0.0,0.0,8910,10.334294,8.235
S6,S6_inst_07.txt,algo1,2255615.0,2255615.0,0.0,0.0,9000,0.027344,7.879
S6,S6_inst_07.txt,algo2,2255615.0,2255615.0,0.0,0.0,9000,0.712461,7.879
S6,S6_inst_07.txt,algo3,2255615.0,2255615.0,0.0,0.0,9000,10.028676,7.879
S6,S6_inst_07.txt,algo4,2255615.0,2255615.0,0.0,0.0,9000,0.029023,7.879
S6,S6_inst_07.txt,algo5,2255615.0,2255615.0,0.0,0.0,9000,0.134529,7.879
S6,S6_inst_07.txt,algo_union,2255615.0,2255615.0,0.0,0.0,9000,0.290211,7.879
S6,S6_inst_08.txt,algo1,1986421.0,1986421.0,0.0,0.0,9000,0.026745,7.798
S6,S6_inst_08.txt,algo2,1986421.0,1986421.0,0.0,0.0,9000,0.670382,7.798
S6,S6_inst_08.txt,algo3,1986421.0,1986421.0,0.0,0.0,9000,10.010892,7.798
S6,S6_inst_08.txt,algo4,1986421.0,1986421.0,0.0,0.0,9000,0.040914,7.798
S6,S6_inst_08.txt,algo5,1986421.0,1986421.0,0.0,0.0,9000,0.079722,7.798
S6,S6_inst_08.txt,algo_union,1986421.0,1986421.0,0.0,0.0,9000,0.194434,7.798
S6,S6_inst_09.txt,algo1,1988929.0,1988929.0,0.0,0.0,9000,0.031398,7.718
S6,S6_inst_09.txt,algo2,1988929.0,1988929.0,0.0,0.0,9000,0.617667,7.718
S6,S6_inst_09.txt,algo3,1988929.0,1988929.0,0.0,0.0,9000,10.020810,7.718
S6,S6_inst_09.txt,algo4,1988929.0,1988929.0,0.0,0.0,9000,0.034787,7.718
S6,S6_inst_09.txt,algo5,1988929.0,1988929.0,0.0,0.0,9000,0.108110,7.718
S6,S6_inst_09.txt,algo_union,1988929.0,1988929.0,0.0,0.0,9000,0.259314,7.718
S6,S6_inst_10.txt,algo1,1979751.0,1979751.0,0.0,0.0,9000,0.025363,7.657
S6,S6_inst_10.txt,algo2,1979751.0,1979751.0,0.0,0.0,9000,0.569346,7.657
S6,S6_inst_10.txt,algo3,1979751.0,1979751.0,0.0,0.0,9000,10.012421,7.657
S6,S6_inst_10.txt,algo4,1979751.0,1979751.0,0.0,0.0,9000,0.030759,7.657
S6,S6_inst_10.txt,algo5,1979751.0,1979751.0,0.0,0.0,9000,0.128188,7.657
S6,S6_inst_10.txt,algo_union,1979751.0,1979751.0,0.0,0.0,9000,0.234935,7.657
S6,S6_inst_11.txt,algo1,1831849.0,1831849.0,0.0,0.0,9000,0.025305,7.089
S6,S6_inst_11.txt,algo2,1831849.0,1831849.0,0.0,0.0,9000,0.790421,7.089
S6,S6_inst_11.txt,algo3,1831849.0,1831849.0,0.0,0.0,9000,10.019885,7.089
S6,S6_inst_11.txt,algo4,1831849.0,1831849.0,0.0,0.0,9000,0.035718,7.089
S6,S6_inst_11.txt,algo5,1831849.0,1831849.0,0.0,0.0,9000,0.067344,7.089
S6,S6_inst_11.txt,algo_union,1831849.0,1831849.0,0.0,0.0,9000,0.135820,7.089
S6,S6_inst_12.txt,algo1,2077695.0,2077695.0,0.0,0.0,9000,0.027826,7.179
S6,S6_inst_12.txt,algo2,2077695.0,2077695.0,0.0,0.0,9000,0.677588,7.179
S6,S6_inst_12.txt,algo3,2077695.0,2077695.0,0.0,0.0,9000,10.021420,7.179
S6,S6_inst_12.txt,algo4,2077695.0,2077695.0,0.0,0.0,9000,0.024633,7.179
S6,S6_inst_12.txt,algo5,2077695.0,2077695.0,0.0,0.0,9000,0.137449,7.179
S6,S6_inst_12.txt,algo_union,2077695.0,2077695.0,0.0,0.0,9000,0.249780,7.179
S6,S6_inst_13.txt,algo1,2049033.0,2049033.0,0.0,0.0,9000,0.025050,6.837
S6,S6_inst_13.txt,algo2,2049033.0,2049033.0,0.0,0.0,9000,0.678210,6.837
S6,S6_inst_13.txt,algo3,2049033.0,2049033.0,0.0,0.0,9000,10.020299,6.837
S6,S6_inst_13.txt,algo4,2049033.0,2049033.0,0.0,0.0,9000,0.033465,6.837
S6,S6_inst_13.txt,algo5,2049033.0,2049033.0,0.0,0.0,9000,0.078977,6.837
S6,S6_inst_13.txt,algo_union,2049033.0,2049033.0,0.0,0.0,9000,0.146266,6.837
S6,S6_inst_14.txt,algo1,2292322.0,2292322.0,0.0,0.0,9000,0.025482,8.064
S6,S6_inst_14.txt,algo2,2292322.0,2292322.0,0.0,0.0,9000,0.764577,8.064
S6,S6_inst_14.txt,algo3,2292322.0,2292322.0,0.0,0.0,9000,10.012137,8.064
S6,S6_inst_14.txt,algo4,2292322.0,2292322.0,0.0,0.0,9000,0.034552,8.064
S6,S6_inst_14.txt,algo5,2292322.0,2292322.0,0.0,0.0,9000,0.075686,8.064
S6,S6_inst_14.txt,algo_union,2292322.0,2292322.0,0.0,0.0,9000,0.154945,8.064
S6,S6_inst_15.txt,algo1,2077026.0,2077026.0,0.0,0.0,9000,0.029862,8.599
S6,S6_inst_15.txt,algo2,2077026.0,2077026.0,0.0,0.0,9000,0.489161,8.599
S6,S6_inst_15.txt,algo3,2077026.0,2077026.0,0.0,0.0,9000,10.011004,8.599
S6,S6_inst_15.txt,algo4,2077026.0,2077026.0,0.0,0.0,9000,0.046912,8.599
S6,S6_inst_15.txt,algo5,2077026.0,2077026.0,0.0,0.0,9000,0.136983,8.599
S6,S6_inst_15.txt,algo_union,2077026.0,2077026.0,0.0,0.0,9000,0.258073,8.599
S6,S6_inst_16.txt,algo1,1961208.0,1961208.0,0.0,0.0,9000,0.024713,7.724
S6,S6_inst_16.txt,algo2,1961208.0,1961208.0,0.0,0.0,9000,0.723680,7.724
S6,S6_inst_16.txt,algo3,1961208.0,1961208.0,0.0,0.0,9000,10.023908,7.724
S6,S6_inst_16.txt,algo4,1961208.0,1961208.0,0.0,0.0,9000,0.034706,7.724
S6,S6_inst_16.txt,algo5,1961208.0,1961208.0,0.0,0.0,9000,0.118216,7.724
S6,S6_inst_16.txt,algo_union,1961208.0,1961208.0,0.0,0.0,9000,0.224632,7.724
S6,S6_inst_17.txt,algo1,1602774.0,1602774.0,0.0,0.0,7200,0.021628,6.307
S6,S6_inst_17.txt,algo2,1602774.0,1589922.0,12852.0,0.80186,7110,1.003918,6.307
S6,S6_inst_17.txt,algo3,1602774.0,1602774.0,0.0,0.0,7200,10.013425,6.307
S6,S6_inst_17.txt,algo4,1602774.0,1602774.0,0.0,0.0,7200,9.970369,6.307
S6,S6_inst_17.txt,algo5,1602774.0,1602774.0,0.0,0.0,7200,0.820884,6.307
S6,S6_inst_17.txt,algo_union,1602774.0,1602774.0,0.0,0.0,7200,10.271571,6.307
S6,S6_inst_18.txt,algo1,1395491.0,1395491.0,0.0,0.0,8910,0.029268,7.574
S6,S6_inst_18.txt,algo2,1395491.0,1395491.0,0.0,0.0,8910,0.634926,7.574
S6,S6_inst_18.txt,algo3,1395491.0,1395491.0,0.0,0.0,8910,10.012915,7.574
S6,S6_inst_18.txt,algo4,1395491.0,1395491.0,0.0,0.0,8910,9.973660,7.574
S6,S6_inst_18.txt,algo5,1395491.0,1395491.0,0.0,0.0,8910,0.217231,7.574
S6,S6_inst_18.txt,algo_union,1395491.0,1395491.0,0.0,0.0,8910,10.326398,7.574
S6,S6_inst_19.txt,algo1,2102591.0,2102591.0,0.0,0.0,9000,0.026306,8.316
S6,S6_inst_19.txt,algo2,2102591.0,2102591.0,0.0,0.0,9000,0.613679,8.316
S6,S6_inst_19.txt,algo3,2102591.0,2102591.0,0.0,0.0,9000,10.015244,8.316
S6,S6_inst_19.txt,algo4,2102591.0,2102591.0,0.0,0.0,9000,0.036306,8.316
S6,S6_inst_19.txt,algo5,2102591.0,2102591.0,0.0,0.0,9000,0.113734,8.316
S6,S6_inst_19.txt,algo_union,2102591.0,2102591.0,0.0,0.0,9000,0.209584,8.316
S6,S6_inst_20.txt,algo1,1887572.0,1887572.0,0.0,0.0,9000,0.025013,7.941
S6,S6_inst_20.txt,algo2,1887572.0,1887572.0,0.0,0.0,9000,0.531013,7.941
S6,S6_inst_20.txt,algo3,1887572.0,1887572.0,0.0,0.0,9000,10.010799,7.941
S6,S6_inst_20.txt,algo4,1887572.0,1887572.0,0.0,0.0,9000,0.050234,7.941
S6,S6_inst_20.txt,algo5,1887572.0,1887572.0,0.0,0.0,9000,0.113288,7.941
S6,S6_inst_20.txt,algo_union,1887572.0,1887572.0,0.0,0.0,9000,0.216466,7.941
S6,S6_inst_21.txt,algo1,1739946.0,1739946.0,0.0,0.0,9000,0.028337,7.500
S6,S6_inst_21.txt,algo2,1739946.0,1739946.0,0.0,0.0,9000,0.696900,7.500
S6,S6_inst_21.txt,algo3,1739946.0,1739946.0,0.0,0.0,9000,10.016797,7.500
S6,S6_inst_21.txt,algo4,1739946.0,1739946.0,0.0,0.0,9000,0.038978,7.500
S6,S6_inst_21.txt,algo5,1739946.0,1739946.0,0.0,0.0,9000,0.132987,7.500
S6,S6_inst_21.txt,algo_union,1739946.0,1739946.0,0.0,0.0,9000,0.250838,7.500
S6,S6_inst_22.txt,algo1,2147675.0,2147675.0,0.0,0.0,9000,0.024915,6.988
S6,S6_inst_22.txt,algo2,2147675.0,2147675.0,0.0,0.0,9000,0.874825,6.988
S6,S6_inst_22.txt,algo3,2147675.0,2147675.0,0.0,0.0,9000,10.017237,6.988
S6,S6_inst_22.txt,algo4,2147675.0,2147675.0,0.0,0.0,9000,0.033358,6.988
S6,S6_inst_22.txt,algo5,2147675.0,2147675.0,0.0,0.0,9000,0.076974,6.988
S6,S6_inst_22.txt,algo_union,2147675.0,2147675.0,0.0,0.0,9000,0.152983,6.988
S6,S6_inst_23.txt,algo1,1034377.0,1034377.0,0.0,0.0,5400,0.020018,7.282
S6,S6_inst_23.txt,algo2,1034377.0,960610.0,73767.0,7.131539,5400,1.246985,7.282
S6,S6_inst_23.txt,algo3,1034377.0,1034377.0,0.0,0.0,5400,10.013890,7.282
S6,S6_inst_23.txt,algo4,1034377.0,1034377.0,0.0,0.0,5400,9.976889,7.282
S6,S6_inst_23.txt,algo5,1034377.0,1034377.0,0.0,0.0,5400,0.920449,7.282
S6,S6_inst_23.txt,algo_union,1034377.0,1034377.0,0.0,0.0,5400,10.249150,7.282
S6,S6_inst_24.txt,algo1,1950195.0,1950195.0,0.0,0.0,8640,0.025232,7.152
S6,S6_inst_24.txt,algo2,1950195.0,1945020.0,5175.0,0.265358,8550,1.018225,7.152
S6,S6_inst_24.txt,algo3,1950195.0,1950195.0,0.0,0.0,8640,10.023377,7.152
S6,S6_inst_24.txt,algo4,1950195.0,1950195.0,0.0,0.0,8640,9.977640,7.152
S6,S6_inst_24.txt,algo5,1950195.0,1950195.0,0.0,0.0,8640,0.364310,7.152
S6,S6_inst_24.txt,algo_union,1950195.0,1950195.0,0.0,0.0,8640,10.195304,7.152
S6,S6_inst_25.txt,algo1,1750029.0,1750029.0,0.0,0.0,9000,0.029692,6.749
S6,S6_inst_25.txt,algo2,1750029.0,1750029.0,0.0,0.0,9000,0.839333,6.749
S6,S6_inst_25.txt,algo3,1750029.0,1750029.0,0.0,0.0,9000,10.024350,6.749
S6,S6_inst_25.txt,algo4,1750029.0,1750029.0,0.0,0.0,9000,0.040158,6.749
S6,S6_inst_25.txt,algo5,1750029.0,1750029.0,0.0,0.0,9000,0.081105,6.749
S6,S6_inst_25.txt,algo_union,1750029.0,1750029.0,0.0,0.0,9000,0.175520,6.749
S6,S6_inst_26.txt,algo1,84540.0,84540.0,0.0,0.0,3600,0.017003,5.887
S6,S6_inst_26.txt,algo2,84540.0,-19290.0,103830.0,122.817601,3600,1.839341,5.887
S6,S6_inst_26.txt,algo3,84540.0,84540.0,0.0,0.0,3600,10.014161,5.887
S6,S6_inst_26.txt,algo4,84540.0,84540.0,0.0,0.0,3600,9.980259,5.887
S6,S6_inst_26.txt,algo5,84540.0,84540.0,0.0,0.0,3600,0.869287,5.887
S6,S6_inst_26.txt,algo_union,84540.0,84540.0,0.0,0.0,3600,10.203893,5.887
S6,S6_inst_27.txt,algo1,1910975.0,1910975.0,0.0,0.0,9000,0.026892,7.532
S6,S6_inst_27.txt,algo2,1910975.0,1910975.0,0.0,0.0,9000,0.431414,7.532
S6,S6_inst_27.txt,algo3,1910975.0,1910975.0,0.0,0.0,9000,10.010714,7.532
S6,S6_inst_27.txt,algo4,1910975.0,1910975.0,0.0,0.0,9000,0.038034,7.532
S6,S6_inst_27.txt,algo5,1910975.0,1910975.0,0.0,0.0,9000,0.142734,7.532
S6,S6_inst_27.txt,algo_union,1910975.0,1910975.0,0.0,0.0,9000,0.238751,7.532
S6,S6_inst_28.txt,algo1,1874015.0,1874015.0,0.0,0.0,9000,0.039142,7.265
S6,S6_inst_28.txt,algo2,1874015.0,1874015.0,0.0,0.0,9000,0.472613,7.265
S6,S6_inst_28.txt,algo3,1874015.0,1874015.0,0.0,0.0,9000,10.009490,7.265
S6,S6_inst_28.txt,algo4,1874015.0,1874015.0,0.0,0.0,9000,0.033359,7.265
S6,S6_inst_28.txt,algo5,1874015.0,1874015.0,0.0,0.0,9000,0.344691,7.265
S6,S6_inst_28.txt,algo_union,1874015.0,1874015.0,0.0,0.0,9000,0.205325,7.265
S6,S6_inst_29.txt,algo1,1762615.0,1762615.0,0.0,0.0,9000,0.046613,7.613
S6,S6_inst_29.txt,algo2,1762615.0,1762615.0,0.0,0.0,9000,0.516231,7.613
S6,S6_inst_29.txt,algo3,1762615.0,1762615.0,0.0,0.0,9000,10.010810,7.613
S6,S6_inst_29.txt,algo4,1762615.0,1762615.0,0.0,0.0,9000,0.040924,7.613
S6,S6_inst_29.txt,algo5,1762615.0,1762615.0,0.0,0.0,9000,0.191807,7.613
S6,S6_inst_29.txt,algo_union,1762615.0,1762615.0,0.0,0.0,9000,0.255616,7.613
S6,S6_inst_30.txt,algo1,2066692.0,2066692.0,0.0,0.0,9000,0.033774,7.650
S6,S6_inst_30.txt,algo2,2066692.0,2066692.0,0.0,0.0,9000,0.607967,7.650
S6,S6_inst_30.txt,algo3,2066692.0,2066692.0,0.0,0.0,9000,10.015240,7.650
S6,S6_inst_30.txt,algo4,2066692.0,2066692.0,0.0,0.0,9000,0.041764,7.650
S6,S6_inst_30.txt,algo5,2066692.0,2066692.0,0.0,0.0,9000,0.194937,7.650
S6,S6_inst_30.txt,algo_union,2066692.0,2066692.0,0.0,0.0,9000,0.257032,7.650
S7,S7_inst_01.txt,algo1,1954527.0,1954527.0,0.0,0.0,7830,0.037018,6.915
S7,S7_inst_01.txt,algo2,1954527.0,1954527.0,0.0,0.0,9000,0.655944,6.915
S7,S7_inst_01.txt,algo3,1954527.0,1954527.0,0.0,0.0,7830,10.033992,6.915
S7,S7_inst_01.txt,algo4,1954527.0,1954527.0,0.0,0.0,7830,0.039186,6.915
S7,S7_inst_01.txt,algo5,1954527.0,1954527.0,0.0,0.0,8730,0.126135,6.915
S7,S7_inst_01.txt,algo_union,1954527.0,1954527.0,0.0,0.0,7830,0.235064,6.915
S7,S7_inst_02.txt,algo1,1626945.0,1556415.0,70530.0,4.335119,4770,0.019325,6.399
S7,S7_inst_02.txt,algo2,1626945.0,1224414.0,402531.0,24.741525,4770,1.313474,6.399
S7,S7_inst_02.txt,algo3,1626945.0,1556415.0,70530.0,4.335119,4770,10.014070,6.399
S7,S7_inst_02.txt,algo4,1626945.0,1626945.0,0.0,0.0,4770,9.972216,6.399
S7,S7_inst_02.txt,algo5,1626945.0,1273374.0,353571.0,21.732204,4770,1.017957,6.399
S7,S7_inst_02.txt,algo_union,1626945.0,1626945.0,0.0,0.0,4770,10.196005,6.399
S7,S7_inst_03.txt,algo1,1990041.0,1990041.0,0.0,0.0,7290,0.119576,7.505
S7,S7_inst_03.txt,algo2,1990041.0,1990041.0,0.0,0.0,9000,0.685609,7.505
S7,S7_inst_03.txt,algo3,1990041.0,1990041.0,0.0,0.0,7290,10.014447,7.505
S7,S7_inst_03.txt,algo4,1990041.0,1990041.0,0.0,0.0,7290,0.030042,7.505
S7,S7_inst_03.txt,algo5,1990041.0,1990041.0,0.0,0.0,7830,0.341510,7.505
S7,S7_inst_03.txt,algo_union,1990041.0,1990041.0,0.0,0.0,7290,0.176792,7.505
S7,S7_inst_04.txt,algo1,1817887.0,1817887.0,0.0,0.0,7290,0.034385,7.513
S7,S7_inst_04.txt,algo2,1817887.0,1817887.0,0.0,0.0,8910,0.454147,7.513
S7,S7_inst_04.txt,algo3,1817887.0,1817887.0,0.0,0.0,7290,10.013727,7.513
S7,S7_inst_04.txt,algo4,1817887.0,1817887.0,0.0,0.0,7290,0.034928,7.513
S7,S7_inst_04.txt,algo5,1817887.0,1817887.0,0.0,0.0,8280,0.126114,7.513
S7,S7_inst_04.txt,algo_union,1817887.0,1817887.0,0.0,0.0,7290,0.209892,7.513
S7,S7_inst_05.txt,algo1,1921815.0,1921815.0,0.0,0.0,7290,0.022858,6.836
S7,S7_inst_05.txt,algo2,1921815.0,1921815.0,0.0,0.0,8910,0.736887,6.836
S7,S7_inst_05.txt,algo3,1921815.0,1921815.0,0.0,0.0,7290,10.014639,6.836
S7,S7_inst_05.txt,algo4,1921815.0,1921815.0,0.0,0.0,7290,0.049165,6.836
S7,S7_inst_05.txt,algo5,1921815.0,1921815.0,0.0,0.0,8280,0.093618,6.836
S7,S7_inst_05.txt,algo_union,1921815.0,1921815.0,0.0,0.0,7290,0.165783,6.836
S7,S7_inst_06.txt,algo1,2080882.0,2080882.0,0.0,0.0,7290,0.027597,6.911
S7,S7_inst_06.txt,algo2,2080882.0,2080882.0,0.0,0.0,8820,0.588193,6.911
S7,S7_inst_06.txt,algo3,2080882.0,2080882.0,0.0,0.0,7290,10.013141,6.911
S7,S7_inst_06.txt,algo4,2080882.0,2080882.0,0.0,0.0,7290,0.039617,6.911
S7,S7_inst_06.txt,algo5,2080882.0,2080882.0,0.0,0.0,7920,0.097954,6.911
S7,S7_inst_06.txt,algo_union,2080882.0,2080882.0,0.0,0.0,7290,0.168724,6.911
S7,S7_inst_07.txt,algo1,1912914.0,1912914.0,0.0,0.0,7380,0.023934,8.124
S7,S7_inst_07.txt,algo2,1912914.0,1912914.0,0.0,0.0,8820,0.702301,8.124
S7,S7_inst_07.txt,algo3,1912914.0,1912914.0,0.0,0.0,7380,10.023351,8.124
S7,S7_inst_07.txt,algo4,1912914.0,1912914.0,0.0,0.0,7380,9.965598,8.124
S7,S7_inst_07.txt,algo5,1912914.0,1912914.0,0.0,0.0,8370,0.129349,8.124
S7,S7_inst_07.txt,algo_union,1912914.0,1912914.0,0.0,0.0,7380,10.161931,8.124
S7,S7_inst_08.txt,algo1,1425252.0,1425252.0,0.0,0.0,7020,0.021526,6.822
S7,S7_inst_08.txt,algo2,1425252.0,1425252.0,0.0,0.0,8730,0.897385,6.822
S7,S7_inst_08.txt,algo3,1425252.0,1425252.0,0.0,0.0,7020,10.015511,6.822
S7,S7_inst_08.txt,algo4,1425252.0,1425252.0,0.0,0.0,7020,9.974754,6.822
S7,S7_inst_08.txt,algo5,1425252.0,1425252.0,0.0,0.0,7830,0.110779,6.822
S7,S7_inst_08.txt,algo_union,1425252.0,1425252.0,0.0,0.0,7020,10.121537,6.822
S7,S7_inst_09.txt,algo1,1970509.0,1970509.0,0.0,0.0,7740,0.022879,7.521
S7,S7_inst_09.txt,algo2,1970509.0,1970509.0,0.0,0.0,9000,0.729948,7.521
S7,S7_inst_09.txt,algo3,1970509.0,1970509.0,0.0,0.0,7740,10.020964,7.521
S7,S7_inst_09.txt,algo4,1970509.0,1970509.0,0.0,0.0,7740,0.030138,7.521
S7,S7_inst_09.txt,algo5,1970509.0,1970509.0,0.0,0.0,8010,0.070745,7.521
S7,S7_inst_09.txt,algo_union,1970509.0,1970509.0,0.0,0.0,7740,0.114481,7.521
S7,S7_inst_10.txt,algo1,1919876.0,1919876.0,0.0,0.0,7740,0.023334,6.481
S7,S7_inst_10.txt,algo2,1919876.0,1919876.0,0.0,0.0,8820,0.703585,6.481
S7,S7_inst_10.txt,algo3,1919876.0,1919876.0,0.0,0.0,7740,10.020929,6.481
S7,S7_inst_10.txt,algo4,1919876.0,1919876.0,0.0,0.0,7740,0.025208,6.481
S7,S7_inst_10.txt,algo5,1919876.0,1919876.0,0.0,0.0,8190,0.067431,6.481
S7,S7_inst_10.txt,algo_union,1919876.0,1919876.0,0.0,0.0,7740,0.110263,6.481
S7,S7_inst_11.txt,algo1,2244341.0,2244341.0,0.0,0.0,6840,0.021407,7.079
S7,S7_inst_11.txt,algo2,2244341.0,2244341.0,0.0,0.0,8910,0.612510,7.079
S7,S7_inst_11.txt,algo3,2244341.0,2244341.0,0.0,0.0,6840,10.017433,7.079
S7,S7_inst_11.txt,algo4,2244341.0,2244341.0,0.0,0.0,6840,0.036122,7.079
S7,S7_inst_11.txt,algo5,2244341.0,2244341.0,0.0,0.0,7650,0.074633,7.079
S7,S7_inst_11.txt,algo_union,2244341.0,2244341.0,0.0,0.0,6840,0.124287,7.079
S7,S7_inst_12.txt,algo1,1706308.0,1706308.0,0.0,0.0,7740,0.023170,6.955
S7,S7_inst_12.txt,algo2,1706308.0,1706308.0,0.0,0.0,9000,0.574134,6.955
S7,S7_inst_12.txt,algo3,1706308.0,1706308.0,0.0,0.0,7740,10.025114,6.955
S7,S7_inst_12.txt,algo4,1706308.0,1706308.0,0.0,0.0,7740,0.034876,6.955
S7,S7_inst_12.txt,algo5,1706308.0,1706308.0,0.0,0.0,7740,0.077562,6.955
S7,S7_inst_12.txt,algo_union,1706308.0,1706308.0,0.0,0.0,7740,0.135500,6.955
S7,S7_inst_13.txt,algo1,2025658.0,2025658.0,0.0,0.0,7740,0.024463,7.151
S7,S7_inst_13.txt,algo2,2025658.0,2025658.0,0.0,0.0,8820,0.710195,7.151
S7,S7_inst_13.txt,algo3,2025658.0,2025658.0,0.0,0.0,7740,10.014983,7.151
S7,S7_inst_13.txt,algo4,2025658.0,2025658.0,0.0,0.0,7740,0.029548,7.151
S7,S7_inst_13.txt,algo5,2025658.0,2025658.0,0.0,0.0,8370,0.092555,7.151
S7,S7_inst_13.txt,algo_union,2025658.0,2025658.0,0.0,0.0,7740,0.154237,7.151
S7,S7_inst_14.txt,algo1,2026272.0,2026272.0,0.0,0.0,7740,0.022520,7.232
S7,S7_inst_14.txt,algo2,2026272.0,2026272.0,0.0,0.0,8730,0.531387,7.232
S7,S7_inst_14.txt,algo3,2026272.0,2026272.0,0.0,0.0,7740,10.012163,7.232
S7,S7_inst_14.txt,algo4,2026272.0,2026272.0,0.0,0.0,7740,0.047738,7.232
S7,S7_inst_14.txt,algo5,2026272.0,2026272.0,0.0,0.0,8640,0.115518,7.232
S7,S7_inst_14.txt,algo_union,2026272.0,2026272.0,0.0,0.0,7740,0.185528,7.232
S7,S7_inst_15.txt,algo1,1531200.0,1480524.0,50676.0,3.309561,6570,0.020700,7.185
S7,S7_inst_15.txt,algo2,1531200.0,1387050.0,144150.0,9.414185,6480,0.954183,7.185
S7,S7_inst_15.txt,algo3,1531200.0,1480524.0,50676.0,3.309561,6570,10.017242,7.185
S7,S7_inst_15.txt,algo4,1531200.0,1531200.0,0.0,0.0,6570,9.966212,7.185
S7,S7_inst_15.txt,algo5,1531200.0,1409541.0,121659.0,7.945337,6570,0.752966,7.185
S7,S7_inst_15.txt,algo_union,1531200.0,1531200.0,0.0,0.0,6570,10.194568,7.185
S7,S7_inst_16.txt,algo1,1654259.0,1654259.0,0.0,0.0,7470,0.025569,6.980
S7,S7_inst_16.txt,algo2,1654259.0,1654259.0,0.0,0.0,8820,0.875578,6.980
S7,S7_inst_16.txt,algo3,1654259.0,1654259.0,0.0,0.0,7470,10.021636,6.980
S7,S7_inst_16.txt,algo4,1654259.0,1654259.0,0.0,0.0,7470,9.963240,6.980
S7,S7_inst_16.txt,algo5,1654259.0,1654259.0,0.0,0.0,8190,0.117233,6.980
S7,S7_inst_16.txt,algo_union,1654259.0,1654259.0,0.0,0.0,7470,10.156746,6.980
S7,S7_inst_17.txt,algo1,1916394.0,1916394.0,0.0,0.0,7740,0.028060,7.610
S7,S7_inst_17.txt,algo2,1916394.0,1916394.0,0.0,0.0,8910,0.643372,7.610
S7,S7_inst_17.txt,algo3,1916394.0,1916394.0,0.0,0.0,7740,10.020165,7.610
S7,S7_inst_17.txt,algo4,1916394.0,1916394.0,0.0,0.0,7740,0.023961,7.610
S7,S7_inst_17.txt,algo5,1916394.0,1916394.0,0.0,0.0,8370,0.083224,7.610
S7,S7_inst_17.txt,algo_union,1916394.0,1916394.0,0.0,0.0,7740,0.167609,7.610
S7,S7_inst_18.txt,algo1,2087962.0,2087962.0,0.0,0.0,7740,0.024766,6.837
S7,S7_inst_18.txt,algo2,2087962.0,2087962.0,0.0,0.0,9000,0.687575,6.837
S7,S7_inst_18.txt,algo3,2087962.0,2087962.0,0.0,0.0,7740,10.015392,6.837
S7,S7_inst_18.txt,algo4,2087962.0,2087962.0,0.0,0.0,7740,0.042905,6.837
S7,S7_inst_18.txt,algo5,2087962.0,2087962.0,0.0,0.0,8010,0.068567,6.837
S7,S7_inst_18.txt,algo_union,2087962.0,2087962.0,0.0,0.0,7740,0.136926,6.837
S7,S7_inst_19.txt,algo1,1627222.0,1627222.0,0.0,0.0,8100,0.024266,7.606
S7,S7_inst_19.txt,algo2,1627222.0,1627222.0,0.0,0.0,9000,0.754447,7.606
S7,S7_inst_19.txt,algo3,1627222.0,1627222.0,0.0,0.0,8100,10.019691,7.606
S7,S7_inst_19.txt,algo4,1627222.0,1627222.0,0.0,0.0,8100,0.052545,7.606
S7,S7_inst_19.txt,algo5,1627222.0,1627222.0,0.0,0.0,8370,0.098454,7.606
S7,S7_inst_19.txt,algo_union,1627222.0,1627222.0,0.0,0.0,8100,0.189038,7.606
S7,S7_inst_20.txt,algo1,1807058.0,1807058.0,0.0,0.0,7650,0.028515,7.302
S7,S7_inst_20.txt,algo2,1807058.0,1807058.0,0.0,0.0,9000,0.763477,7.302
S7,S7_inst_20.txt,algo3,1807058.0,1807058.0,0.0,0.0,7650,10.012438,7.302
S7,S7_inst_20.txt,algo4,1807058.0,1807058.0,0.0,0.0,7650,0.036422,7.302
S7,S7_inst_20.txt,algo5,1807058.0,1807058.0,0.0,0.0,8460,0.064714,7.302
S7,S7_inst_20.txt,algo_union,1807058.0,1807058.0,0.0,0.0,7650,0.123267,7.302
S7,S7_inst_21.txt,algo1,1058551.0,1003804.0,54747.0,5.171881,4500,0.018416,6.976
S7,S7_inst_21.txt,algo2,1058551.0,844750.0,213801.0,20.197515,4500,1.319768,6.976
S7,S7_inst_21.txt,algo3,1058551.0,1003804.0,54747.0,5.171881,4500,10.015024,6.976
S7,S7_inst_21.txt,algo4,1058551.0,1058551.0,0.0,0.0,4500,9.973856,6.976
S7,S7_inst_21.txt,algo5,1058551.0,956263.0,102288.0,9.66302,4500,1.214851,6.976
S7,S7_inst_21.txt,algo_union,1058551.0,1058551.0,0.0,0.0,4500,10.157778,6.976
S7,S7_inst_22.txt,algo1,1808125.0,1808125.0,0.0,0.0,7290,0.022725,7.683
S7,S7_inst_22.txt,algo2,1808125.0,1808125.0,0.0,0.0,8910,0.604228,7.683
S7,S7_inst_22.txt,algo3,1808125.0,1808125.0,0.0,0.0,7290,10.014342,7.683
S7,S7_inst_22.txt,algo4,1808125.0,1808125.0,0.0,0.0,7290,0.041331,7.683
S7,S7_inst_22.txt,algo5,1808125.0,1808125.0,0.0,0.0,8280,0.082429,7.683
S7,S7_inst_22.txt,algo_union,1808125.0,1808125.0,0.0,0.0,7290,0.138038,7.683
S7,S7_inst_23.txt,algo1,1805622.0,1805622.0,0.0,0.0,7470,0.027384,6.874
S7,S7_inst_23.txt,algo2,1805622.0,1805622.0,0.0,0.0,8910,0.480625,6.874
S7,S7_inst_23.txt,algo3,1805622.0,1805622.0,0.0,0.0,7470,10.020934,6.874
S7,S7_inst_23.txt,algo4,1805622.0,1805622.0,0.0,0.0,7470,0.028079,6.874
S7,S7_inst_23.txt,algo5,1805622.0,1805622.0,0.0,0.0,8730,0.140477,6.874
S7,S7_inst_23.txt,algo_union,1805622.0,1805622.0,0.0,0.0,7470,0.179746,6.874
S7,S7_inst_24.txt,algo1,1875037.0,1875037.0,0.0,0.0,7650,0.038518,7.608
S7,S7_inst_24.txt,algo2,1875037.0,1875037.0,0.0,0.0,8910,0.599844,7.608
S7,S7_inst_24.txt,algo3,1875037.0,1875037.0,0.0,0.0,7650,10.013302,7.608
S7,S7_inst_24.txt,algo4,1875037.0,1875037.0,0.0,0.0,7650,9.962634,7.608
S7,S7_inst_24.txt,algo5,1875037.0,1875037.0,0.0,0.0,8100,0.250784,7.608
S7,S7_inst_24.txt,algo_union,1875037.0,1875037.0,0.0,0.0,7650,10.165701,7.608
S7,S7_inst_25.txt,algo1,1884111.0,1884111.0,0.0,0.0,7740,0.023061,8.198
S7,S7_inst_25.txt,algo2,1884111.0,1884111.0,0.0,0.0,8910,0.619514,8.198
S7,S7_inst_25.txt,algo3,1884111.0,1884111.0,0.0,0.0,7740,10.015431,8.198
S7,S7_inst_25.txt,algo4,1884111.0,1884111.0,0.0,0.0,7740,0.028865,8.198
S7,S7_inst_25.txt,algo5,1884111.0,1884111.0,0.0,0.0,8190,0.079499,8.198
S7,S7_inst_25.txt,algo_union,1884111.0,1884111.0,0.0,0.0,7740,0.126809,8.198
S7,S7_inst_26.txt,algo1,1965091.0,1965091.0,0.0,0.0,7200,0.026063,6.893
S7,S7_inst_26.txt,algo2,1965091.0,1965091.0,0.0,0.0,8730,0.455056,6.893
S7,S7_inst_26.txt,algo3,1965091.0,1965091.0,0.0,0.0,7200,10.014127,6.893
S7,S7_inst_26.txt,algo4,1965091.0,1965091.0,0.0,0.0,7200,0.050487,6.893
S7,S7_inst_26.txt,algo5,1965091.0,1965091.0,0.0,0.0,8370,0.119781,6.893
S7,S7_inst_26.txt,algo_union,1965091.0,1965091.0,0.0,0.0,7200,0.187958,6.893
S7,S7_inst_27.txt,algo1,1457709.0,1372713.0,84996.0,5.830793,5670,0.020415,7.048
S7,S7_inst_27.txt,algo2,1457709.0,1169115.0,288594.0,19.797779,5670,1.010097,7.048
S7,S7_inst_27.txt,algo3,1457709.0,1372713.0,84996.0,5.830793,5670,10.014570,7.048
S7,S7_inst_27.txt,algo4,1457709.0,1439427.0,18282.0,1.25416,5670,9.968954,7.048
S7,S7_inst_27.txt,algo5,1457709.0,1279497.0,178212.0,12.225485,5670,0.667278,7.048
S7,S7_inst_27.txt,algo_union,1457709.0,1457709.0,0.0,0.0,5670,10.175954,7.048
S7,S7_inst_28.txt,algo1,1393005.0,1393005.0,0.0,0.0,7470,0.024554,6.840
S7,S7_inst_28.txt,algo2,1393005.0,1393005.0,0.0,0.0,8730,0.914998,6.840
S7,S7_inst_28.txt,algo3,1393005.0,1393005.0,0.0,0.0,7470,10.019439,6.840
S7,S7_inst_28.txt,algo4,1393005.0,1393005.0,0.0,0.0,7470,9.967287,6.840
S7,S7_inst_28.txt,algo5,1393005.0,1393005.0,0.0,0.0,8280,0.124844,6.840
S7,S7_inst_28.txt,algo_union,1393005.0,1393005.0,0.0,0.0,7470,10.133979,6.840
S7,S7_inst_29.txt,algo1,2037348.0,2037348.0,0.0,0.0,7560,0.023243,6.750
S7,S7_inst_29.txt,algo2,2037348.0,2037348.0,0.0,0.0,8820,0.535561,6.750
S7,S7_inst_29.txt,algo3,2037348.0,2037348.0,0.0,0.0,7560,10.013692,6.750
S7,S7_inst_29.txt,algo4,2037348.0,2037348.0,0.0,0.0,7560,0.037726,6.750
S7,S7_inst_29.txt,algo5,2037348.0,2037348.0,0.0,0.0,8640,0.105026,6.750
S7,S7_inst_29.txt,algo_union,2037348.0,2037348.0,0.0,0.0,7560,0.167720,6.750
S7,S7_inst_30.txt,algo1,1812962.0,1812962.0,0.0,0.0,7740,0.027834,7.345
S7,S7_inst_30.txt,algo2,1812962.0,1812962.0,0.0,0.0,8730,0.653553,7.345
S7,S7_inst_30.txt,algo3,1812962.0,1812962.0,0.0,0.0,7740,10.014971,7.345
S7,S7_inst_30.txt,algo4,1812962.0,1812962.0,0.0,0.0,7740,0.030758,7.345
S7,S7_inst_30.txt,algo5,1812962.0,1812962.0,0.0,0.0,8550,0.096203,7.345
S7,S7_inst_30.txt,algo_union,1812962.0,1812962.0,0.0,0.0,7740,0.158464,7.345
S8,S8_inst_01.txt,algo1,1392105.0,1348581.0,43524.0,3.126488,5940,0.020666,6.689
S8,S8_inst_01.txt,algo2,1392105.0,1025913.0,366192.0,26.304912,5940,1.182416,6.689
S8,S8_inst_01.txt,algo3,1392105.0,1348581.0,43524.0,3.126488,5940,10.028686,6.689
S8,S8_inst_01.txt,algo4,1392105.0,1392105.0,0.0,0.0,5940,9.973538,6.689
S8,S8_inst_01.txt,algo5,1392105.0,1139382.0,252723.0,18.154019,5940,0.625333,6.689
S8,S8_inst_01.txt,algo_union,1392105.0,1392105.0,0.0,0.0,5940,10.223070,6.689
S8,S8_inst_02.txt,algo1,1874352.0,1874352.0,0.0,0.0,6930,0.022199,7.015
S8,S8_inst_02.txt,algo2,1874352.0,1874352.0,0.0,0.0,9000,0.884810,7.015
S8,S8_inst_02.txt,algo3,1874352.0,1874352.0,0.0,0.0,6930,10.018728,7.015
S8,S8_inst_02.txt,algo4,1874352.0,1874352.0,0.0,0.0,6930,0.038790,7.015
S8,S8_inst_02.txt,algo5,1874352.0,1874352.0,0.0,0.0,7830,0.085560,7.015
S8,S8_inst_02.txt,algo_union,1874352.0,1874352.0,0.0,0.0,6930,0.179361,7.015
S8,S8_inst_03.txt,algo1,1979061.0,1979061.0,0.0,0.0,7470,0.041262,7.665
S8,S8_inst_03.txt,algo2,1979061.0,1979061.0,0.0,0.0,8910,0.794847,7.665
S8,S8_inst_03.txt,algo3,1979061.0,1979061.0,0.0,0.0,7470,10.022032,7.665
S8,S8_inst_03.txt,algo4,1979061.0,1979061.0,0.0,0.0,7470,0.041250,7.665
S8,S8_inst_03.txt,algo5,1979061.0,1979061.0,0.0,0.0,8190,0.187520,7.665
S8,S8_inst_03.txt,algo_union,1979061.0,1979061.0,0.0,0.0,7470,0.196555,7.665
S8,S8_inst_04.txt,algo1,1655807.0,1655807.0,0.0,0.0,7560,0.202636,7.748
S8,S8_inst_04.txt,algo2,1655807.0,1655807.0,0.0,0.0,8910,0.809682,7.748
S8,S8_inst_04.txt,algo3,1655807.0,1655807.0,0.0,0.0,7560,10.016163,7.748
S8,S8_inst_04.txt,algo4,1655807.0,1655807.0,0.0,0.0,7560,0.054017,7.748
S8,S8_inst_04.txt,algo5,1655807.0,1655807.0,0.0,0.0,8010,0.249839,7.748
S8,S8_inst_04.txt,algo_union,1655807.0,1655807.0,0.0,0.0,7560,0.147703,7.748
S8,S8_inst_05.txt,algo1,1880022.0,1880022.0,0.0,0.0,7470,0.053075,8.623
S8,S8_inst_05.txt,algo2,1880022.0,1880022.0,0.0,0.0,9000,0.709429,8.623
S8,S8_inst_05.txt,algo3,1880022.0,1880022.0,0.0,0.0,7470,10.022345,8.623
S8,S8_inst_05.txt,algo4,1880022.0,1880022.0,0.0,0.0,7470,0.046123,8.623
S8,S8_inst_05.txt,algo5,1880022.0,1880022.0,0.0,0.0,8370,0.124758,8.623
S8,S8_inst_05.txt,algo_union,1880022.0,1880022.0,0.0,0.0,7470,0.310636,8.623
S8,S8_inst_06.txt,algo1,1762008.0,1762008.0,0.0,0.0,7200,0.026031,7.178
S8,S8_inst_06.txt,algo2,1762008.0,1762008.0,0.0,0.0,8730,0.566082,7.178
S8,S8_inst_06.txt,algo3,1762008.0,1762008.0,0.0,0.0,7200,10.012561,7.178
S8,S8_inst_06.txt,algo4,1762008.0,1762008.0,0.0,0.0,7200,0.044694,7.178
S8,S8_inst_06.txt,algo5,1762008.0,1762008.0,0.0,0.0,8280,0.115775,7.178
S8,S8_inst_06.txt,algo_union,1762008.0,1762008.0,0.0,0.0,7200,0.361838,7.178
S8,S8_inst_07.txt,algo1,2034182.0,2034182.0,0.0,0.0,6930,0.021098,7.486
S8,S8_inst_07.txt,algo2,2034182.0,2034182.0,0.0,0.0,9000,0.619915,7.486
S8,S8_inst_07.txt,algo3,2034182.0,2034182.0,0.0,0.0,6930,10.014152,7.486
S8,S8_inst_07.txt,algo4,2034182.0,2034182.0,0.0,0.0,6930,0.040689,7.486
S8,S8_inst_07.txt,algo5,2034182.0,2034182.0,0.0,0.0,8100,0.090765,7.486
S8,S8_inst_07.txt,algo_union,2034182.0,2034182.0,0.0,0.0,6930,0.209351,7.486
S8,S8_inst_08.txt,algo1,1906624.0,1906624.0,0.0,0.0,7020,0.021675,8.129
S8,S8_inst_08.txt,algo2,1906624.0,1906624.0,0.0,0.0,8640,0.652157,8.129
S8,S8_inst_08.txt,algo3,1906624.0,1906624.0,0.0,0.0,7020,10.019529,8.129
S8,S8_inst_08.txt,algo4,1906624.0,1906624.0,0.0,0.0,7020,0.040877,8.129
S8,S8_inst_08.txt,algo5,1906624.0,1906624.0,0.0,0.0,8460,0.117474,8.129
S8,S8_inst_08.txt,algo_union,1906624.0,1906624.0,0.0,0.0,7020,0.284283,8.129
S8,S8_inst_09.txt,algo1,2177527.0,2177527.0,0.0,0.0,7470,0.025607,6.864
S8,S8_inst_09.txt,algo2,2177527.0,2177527.0,0.0,0.0,8820,0.604071,6.864
S8,S8_inst_09.txt,algo3,2177527.0,2177527.0,0.0,0.0,7470,10.016637,6.864
S8,S8_inst_09.txt,algo4,2177527.0,2177527.0,0.0,0.0,7470,0.035009,6.864
S8,S8_inst_09.txt,algo5,2177527.0,2177527.0,0.0,0.0,8640,0.088342,6.864
S8,S8_inst_09.txt,algo_union,2177527.0,2177527.0,0.0,0.0,7470,0.213898,6.864
S8,S8_inst_10.txt,algo1,2090613.0,2090613.0,0.0,0.0,7020,0.021737,7.909
S8,S8_inst_10.txt,algo2,2090613.0,2090613.0,0.0,0.0,8910,0.628500,7.909
S8,S8_inst_10.txt,algo3,2090613.0,2090613.0,0.0,0.0,7020,10.014836,7.909
S8,S8_inst_10.txt,algo4,2090613.0,2090613.0,0.0,0.0,7020,0.050891,7.909
S8,S8_inst_10.txt,algo5,2090613.0,2090613.0,0.0,0.0,8460,0.142333,7.909
S8,S8_inst_10.txt,algo_union,2090613.0,2090613.0,0.0,0.0,7020,0.300937,7.909
S8,S8_inst_11.txt,algo1,2203484.0,2203484.0,0.0,0.0,7290,0.023087,7.158
S8,S8_inst_11.txt,algo2,2203484.0,2203484.0,0.0,0.0,8910,0.677031,7.158
S8,S8_inst_11.txt,algo3,2203484.0,2203484.0,0.0,0.0,7290,10.019911,7.158
S8,S8_inst_11.txt,algo4,2203484.0,2203484.0,0.0,0.0,7290,0.029355,7.158
S8,S8_inst_11.txt,algo5,2203484.0,2203484.0,0.0,0.0,8190,0.117196,7.158
S8,S8_inst_11.txt,algo_union,2203484.0,2203484.0,0.0,0.0,7290,0.251641,7.158
S8,S8_inst_12.txt,algo1,1920552.0,1920552.0,0.0,0.0,7380,0.025672,7.118
S8,S8_inst_12.txt,algo2,1920552.0,1920552.0,0.0,0.0,8910,0.502812,7.118
S8,S8_inst_12.txt,algo3,1920552.0,1920552.0,0.0,0.0,7380,10.013015,7.118
S8,S8_inst_12.txt,algo4,1920552.0,1920552.0,0.0,0.0,7380,0.035752,7.118
S8,S8_inst_12.txt,algo5,1920552.0,1920552.0,0.0,0.0,8190,0.090564,7.118
S8,S8_inst_12.txt,algo_union,1920552.0,1920552.0,0.0,0.0,7380,0.199829,7.118
S8,S8_inst_13.txt,algo1,1695783.0,1599786.0,95997.0,5.660925,6300,0.020891,6.648
S8,S8_inst_13.txt,algo2,1695783.0,1410666.0,285117.0,16.813295,6300,0.938202,6.648
S8,S8_inst_13.txt,algo3,1695783.0,1599786.0,95997.0,5.660925,6300,10.015059,6.648
S8,S8_inst_13.txt,algo4,1695783.0,1669110.0,26673.0,1.572902,6300,9.974128,6.648
S8,S8_inst_13.txt,algo5,1695783.0,1491993.0,203790.0,12.017457,6300,0.691736,6.648
S8,S8_inst_13.txt,algo_union,1695783.0,1669110.0,26673.0,1.572902,6300,10.244327,6.648
S8,S8_inst_14.txt,algo1,1754603.0,1754603.0,0.0,0.0,8100,0.024993,8.621
S8,S8_inst_14.txt,algo2,1754603.0,1754603.0,0.0,0.0,8910,0.786403,8.621
S8,S8_inst_14.txt,algo3,1754603.0,1754603.0,0.0,0.0,8100,10.016961,8.621
S8,S8_inst_14.txt,algo4,1754603.0,1754603.0,0.0,0.0,8100,0.040227,8.621
S8,S8_inst_14.txt,algo5,1754603.0,1754603.0,0.0,0.0,8550,0.099106,8.621
S8,S8_inst_14.txt,algo_union,1754603.0,1754603.0,0.0,0.0,8100,0.286496,8.621
S8,S8_inst_15.txt,algo1,1794980.0,1794980.0,0.0,0.0,8370,0.027559,7.488
S8,S8_inst_15.txt,algo2,1794980.0,1794980.0,0.0,0.0,8910,0.871909,7.488
S8,S8_inst_15.txt,algo3,1794980.0,1794980.0,0.0,0.0,8370,10.025598,7.488
S8,S8_inst_15.txt,algo4,1794980.0,1794980.0,0.0,0.0,8370,0.044491,7.488
S8,S8_inst_15.txt,algo5,1794980.0,1794980.0,0.0,0.0,8550,0.073381,7.488
S8,S8_inst_15.txt,algo_union,1794980.0,1794980.0,0.0,0.0,8370,0.148549,7.488
S8,S8_inst_16.txt,algo1,1657752.0,1657752.0,0.0,0.0,7380,0.022613,8.063
S8,S8_inst_16.txt,algo2,1657752.0,1643676.0,14076.0,0.849102,8100,1.053814,8.063
S8,S8_inst_16.txt,algo3,1657752.0,1657752.0,0.0,0.0,7380,10.023228,8.063
S8,S8_inst_16.txt,algo4,1657752.0,1657752.0,0.0,0.0,7380,0.039413,8.063
S8,S8_inst_16.txt,algo5,1657752.0,1633350.0,24402.0,1.471993,8100,0.370258,8.063
S8,S8_inst_16.txt,algo_union,1657752.0,1657752.0,0.0,0.0,7380,0.326114,8.063
S8,S8_inst_17.txt,algo1,2020963.0,2020963.0,0.0,0.0,8010,0.023108,7.053
S8,S8_inst_17.txt,algo2,2020963.0,2020963.0,0.0,0.0,9000,0.688769,7.053
S8,S8_inst_17.txt,algo3,2020963.0,2020963.0,0.0,0.0,8010,10.016293,7.053
S8,S8_inst_17.txt,algo4,2020963.0,2020963.0,0.0,0.0,8010,0.033824,7.053
S8,S8_inst_17.txt,algo5,2020963.0,2020963.0,0.0,0.0,8550,0.103301,7.053
S8,S8_inst_17.txt,algo_union,2020963.0,2020963.0,0.0,0.0,8010,0.195197,7.053
S8,S8_inst_18.txt,algo1,1677752.0,1677752.0,0.0,0.0,7290,0.022217,7.063
S8,S8_inst_18.txt,algo2,1677752.0,1677752.0,0.0,0.0,9000,0.574999,7.063
S8,S8_inst_18.txt,algo3,1677752.0,1677752.0,0.0,0.0,7290,10.015546,7.063
S8,S8_inst_18.txt,algo4,1677752.0,1677752.0,0.0,0.0,7290,0.042333,7.063
S8,S8_inst_18.txt,algo5,1677752.0,1677752.0,0.0,0.0,8640,0.129376,7.063
S8,S8_inst_18.txt,algo_union,1677752.0,1677752.0,0.0,0.0,7290,0.255124,7.063
S8,S8_inst_19.txt,algo1,177788.0,86162.0,91626.0,51.536662,2970,0.015638,5.566
S8,S8_inst_19.txt,algo2,177788.0,13007.0,164781.0,92.683983,2970,1.776368,5.566
S8,S8_inst_19.txt,algo3,177788.0,86162.0,91626.0,51.536662,2970,10.016179,5.566
S8,S8_inst_19.txt,algo4,177788.0,158621.0,19167.0,10.780818,2970,9.971731,5.566
S8,S8_inst_19.txt,algo5,177788.0,-24748.0,202536.0,113.91995,2970,0.732809,5.566
S8,S8_inst_19.txt,algo_union,177788.0,158621.0,19167.0,10.780818,2970,10.170826,5.566
S8,S8_inst_20.txt,algo1,1121861.0,856061.0,265800.0,23.692775,4140,0.018230,6.251
S8,S8_inst_20.txt,algo2,1121861.0,801278.0,320583.0,28.576,4140,1.410774,6.251
S8,S8_inst_20.txt,algo3,1121861.0,856061.0,265800.0,23.692775,4140,10.024268,6.251
S8,S8_inst_20.txt,algo4,1121861.0,1103069.0,18792.0,1.675074,4140,9.970307,6.251
S8,S8_inst_20.txt,algo5,1121861.0,679607.0,442254.0,39.421461,4140,0.740455,6.251
S8,S8_inst_20.txt,algo_union,1121861.0,1103069.0,18792.0,1.675074,4140,10.204737,6.251
S8,S8_inst_21.txt,algo1,1962008.0,1962008.0,0.0,0.0,8100,0.028846,6.907
S8,S8_inst_21.txt,algo2,1962008.0,1933790.0,28218.0,1.43822,8280,0.990165,6.907
S8,S8_inst_21.txt,algo3,1962008.0,1962008.0,0.0,0.0,8100,10.015500,6.907
S8,S8_inst_21.txt,algo4,1962008.0,1962008.0,0.0,0.0,8100,0.054838,6.907
S8,S8_inst_21.txt,algo5,1962008.0,1953494.0,8514.0,0.433943,8370,0.221096,6.907
S8,S8_inst_21.txt,algo_union,1962008.0,1962008.0,0.0,0.0,8100,0.279741,6.907
S8,S8_inst_22.txt,algo1,1477587.0,1428807.0,48780.0,3.301328,4770,0.018268,6.980
S8,S8_inst_22.txt,algo2,1477587.0,995829.0,481758.0,32.604375,4410,1.534452,6.980
S8,S8_inst_22.txt,algo3,1477587.0,1428807.0,48780.0,3.301328,4770,10.030490,6.980
S8,S8_inst_22.txt,algo4,1477587.0,1477587.0,0.0,0.0,4770,9.966186,6.980
S8,S8_inst_22.txt,algo5,1477587.0,1351239.0,126348.0,8.550969,4770,0.734420,6.980
S8,S8_inst_22.txt,algo_union,1477587.0,1477587.0,0.0,0.0,4770,10.196048,6.980
S8,S8_inst_23.txt,algo1,1988812.0,1988812.0,0.0,0.0,7740,0.026978,6.748
S8,S8_inst_23.txt,algo2,1988812.0,1988812.0,0.0,0.0,8910,0.560959,6.748
S8,S8_inst_23.txt,algo3,1988812.0,1988812.0,0.0,0.0,7740,10.017063,6.748
S8,S8_inst_23.txt,algo4,1988812.0,1988812.0,0.0,0.0,7740,0.041453,6.748
S8,S8_inst_23.txt,algo5,1988812.0,1988812.0,0.0,0.0,8820,0.142030,6.748
S8,S8_inst_23.txt,algo_union,1988812.0,1988812.0,0.0,0.0,7740,0.263023,6.748
S8,S8_inst_24.txt,algo1,1738843.0,1738843.0,0.0,0.0,7110,0.022692,6.892
S8,S8_inst_24.txt,algo2,1738843.0,1738843.0,0.0,0.0,8910,0.709642,6.892
S8,S8_inst_24.txt,algo3,1738843.0,1738843.0,0.0,0.0,7110,10.021152,6.892
S8,S8_inst_24.txt,algo4,1738843.0,1738843.0,0.0,0.0,7110,0.051307,6.892
S8,S8_inst_24.txt,algo5,1738843.0,1738843.0,0.0,0.0,8010,0.088338,6.892
S8,S8_inst_24.txt,algo_union,1738843.0,1738843.0,0.0,0.0,7110,0.174126,6.892
S8,S8_inst_25.txt,algo1,1887929.0,1887929.0,0.0,0.0,7380,0.023459,7.356
S8,S8_inst_25.txt,algo2,1887929.0,1887929.0,0.0,0.0,8820,0.719599,7.356
S8,S8_inst_25.txt,algo3,1887929.0,1887929.0,0.0,0.0,7380,10.022532,7.356
S8,S8_inst_25.txt,algo4,1887929.0,1887929.0,0.0,0.0,7380,0.039686,7.356
S8,S8_inst_25.txt,algo5,1887929.0,1887929.0,0.0,0.0,8280,0.107510,7.356
S8,S8_inst_25.txt,algo_union,1887929.0,1887929.0,0.0,0.0,7380,0.204804,7.356
S8,S8_inst_26.txt,algo1,1768293.0,1678770.0,89523.0,5.062679,5670,0.023731,6.844
S8,S8_inst_26.txt,algo2,1768293.0,1435098.0,333195.0,18.842748,5670,1.134503,6.844
S8,S8_inst_26.txt,algo3,1768293.0,1678770.0,89523.0,5.062679,5670,10.015137,6.844
S8,S8_inst_26.txt,algo4,1768293.0,1768293.0,0.0,0.0,5670,9.975683,6.844
S8,S8_inst_26.txt,algo5,1768293.0,1539528.0,228765.0,12.937053,5670,0.858607,6.844
S8,S8_inst_26.txt,algo_union,1768293.0,1768293.0,0.0,0.0,5670,10.219639,6.844
S8,S8_inst_27.txt,algo1,1595399.0,1595399.0,0.0,0.0,6390,0.022081,7.721
S8,S8_inst_27.txt,algo2,1595399.0,1595399.0,0.0,0.0,8730,0.784023,7.721
S8,S8_inst_27.txt,algo3,1595399.0,1595399.0,0.0,0.0,6390,10.015013,7.721
S8,S8_inst_27.txt,algo4,1595399.0,1595399.0,0.0,0.0,6390,9.969919,7.721
S8,S8_inst_27.txt,algo5,1595399.0,1595399.0,0.0,0.0,7830,0.215629,7.721
S8,S8_inst_27.txt,algo_union,1595399.0,1595399.0,0.0,0.0,6390,10.206298,7.721
S8,S8_inst_28.txt,algo1,1667037.0,1667037.0,0.0,0.0,7650,0.027759,6.928
S8,S8_inst_28.txt,algo2,1667037.0,1667037.0,0.0,0.0,8910,0.868647,6.928
S8,S8_inst_28.txt,algo3,1667037.0,1667037.0,0.0,0.0,7650,10.019386,6.928
S8,S8_inst_28.txt,algo4,1667037.0,1667037.0,0.0,0.0,7650,0.037341,6.928
S8,S8_inst_28.txt,algo5,1667037.0,1667037.0,0.0,0.0,8280,0.080177,6.928
S8,S8_inst_28.txt,algo_union,1667037.0,1667037.0,0.0,0.0,7650,0.146436,6.928
S8,S8_inst_29.txt,algo1,1885883.0,1885883.0,0.0,0.0,7830,0.029258,8.171
S8,S8_inst_29.txt,algo2,1885883.0,1885883.0,0.0,0.0,8910,0.786160,8.171
S8,S8_inst_29.txt,algo3,1885883.0,1885883.0,0.0,0.0,7830,10.015964,8.171
S8,S8_inst_29.txt,algo4,1885883.0,1885883.0,0.0,0.0,7830,9.965254,8.171
S8,S8_inst_29.txt,algo5,1885883.0,1885883.0,0.0,0.0,8190,0.143044,8.171
S8,S8_inst_29.txt,algo_union,1885883.0,1885883.0,0.0,0.0,7830,10.161058,8.171
S8,S8_inst_30.txt,algo1,2135666.0,2135666.0,0.0,0.0,7560,0.024720,8.214
S8,S8_inst_30.txt,algo2,2135666.0,2135666.0,0.0,0.0,9000,0.481698,8.214
S8,S8_inst_30.txt,algo3,2135666.0,2135666.0,0.0,0.0,7560,10.021683,8.214
S8,S8_inst_30.txt,algo4,2135666.0,2135666.0,0.0,0.0,7560,0.035672,8.214
S8,S8_inst_30.txt,algo5,2135666.0,2135666.0,0.0,0.0,8730,0.181761,8.214
S8,S8_inst_30.txt,algo_union,2135666.0,2135666.0,0.0,0.0,7560,0.219005,8.214
S9,S9_inst_01.txt,algo1,2084037.0,2084037.0,0.0,0.0,7650,0.030598,8.047
S9,S9_inst_01.txt,algo2,2084037.0,2084037.0,0.0,0.0,9000,0.460583,8.047
S9,S9_inst_01.txt,algo3,2084037.0,2084037.0,0.0,0.0,7650,10.022485,8.047
S9,S9_inst_01.txt,algo4,2084037.0,2084037.0,0.0,0.0,7650,0.037772,8.047
S9,S9_inst_01.txt,algo5,2084037.0,2084037.0,0.0,0.0,8730,0.098249,8.047
S9,S9_inst_01.txt,algo_union,2084037.0,2084037.0,0.0,0.0,7650,0.320244,8.047
S9,S9_inst_02.txt,algo1,1685863.0,1685863.0,0.0,0.0,7470,0.022378,6.269
S9,S9_inst_02.txt,algo2,1685863.0,1685863.0,0.0,0.0,8910,0.582466,6.269
S9,S9_inst_02.txt,algo3,1685863.0,1685863.0,0.0,0.0,7470,10.020888,6.269
S9,S9_inst_02.txt,algo4,1685863.0,1685863.0,0.0,0.0,7470,0.035000,6.269
S9,S9_inst_02.txt,algo5,1685863.0,1685863.0,0.0,0.0,8640,0.101979,6.269
S9,S9_inst_02.txt,algo_union,1685863.0,1685863.0,0.0,0.0,7470,0.185630,6.269
S9,S9_inst_03.txt,algo1,2117582.0,2117582.0,0.0,0.0,7200,0.021706,5.842
S9,S9_inst_03.txt,algo2,2117582.0,2117582.0,0.0,0.0,9000,0.592595,5.842
S9,S9_inst_03.txt,algo3,2117582.0,2117582.0,0.0,0.0,7200,10.014978,5.842
S9,S9_inst_03.txt,algo4,2117582.0,2117582.0,0.0,0.0,7200,0.047810,5.842
S9,S9_inst_03.txt,algo5,2117582.0,2117582.0,0.0,0.0,8460,0.106211,5.842
S9,S9_inst_03.txt,algo_union,2117582.0,2117582.0,0.0,0.0,7200,0.211332,5.842
S9,S9_inst_04.txt,algo1,1629840.0,1629840.0,0.0,0.0,7560,0.022596,7.038
S9,S9_inst_04.txt,algo2,1629840.0,1629840.0,0.0,0.0,8910,0.551189,7.038
S9,S9_inst_04.txt,algo3,1629840.0,1629840.0,0.0,0.0,7560,10.035505,7.038
S9,S9_inst_04.txt,algo4,1629840.0,1629840.0,0.0,0.0,7560,0.050573,7.038
S9,S9_inst_04.txt,algo5,1629840.0,1629840.0,0.0,0.0,8550,0.089993,7.038
S9,S9_inst_04.txt,algo_union,1629840.0,1629840.0,0.0,0.0,7560,0.198712,7.038
S9,S9_inst_05.txt,algo1,1673386.0,1673386.0,0.0,0.0,7200,0.021708,8.060
S9,S9_inst_05.txt,algo2,1673386.0,1673386.0,0.0,0.0,8910,0.531564,8.060
S9,S9_inst_05.txt,algo3,1673386.0,1673386.0,0.0,0.0,7200,10.017146,8.060
S9,S9_inst_05.txt,algo4,1673386.0,1673386.0,0.0,0.0,7200,0.043776,8.060
S9,S9_inst_05.txt,algo5,1673386.0,1673386.0,0.0,0.0,8640,0.144258,8.060
S9,S9_inst_05.txt,algo_union,1673386.0,1673386.0,0.0,0.0,7200,0.280921,8.060
S9,S9_inst_06.txt,algo1,1944451.0,1944451.0,0.0,0.0,7740,0.073969,6.305
S9,S9_inst_06.txt,algo2,1944451.0,1944451.0,0.0,0.0,8910,0.546054,6.305
S9,S9_inst_06.txt,algo3,1944451.0,1944451.0,0.0,0.0,7740,10.015213,6.305
S9,S9_inst_06.txt,algo4,1944451.0,1944451.0,0.0,0.0,7740,0.052002,6.305
S9,S9_inst_06.txt,algo5,1944451.0,1944451.0,0.0,0.0,8640,0.122586,6.305
S9,S9_inst_06.txt,algo_union,1944451.0,1944451.0,0.0,0.0,7740,0.263214,6.305
S9,S9_inst_07.txt,algo1,1784800.0,1784800.0,0.0,0.0,7740,0.025746,8.891
S9,S9_inst_07.txt,algo2,1784800.0,1784800.0,0.0,0.0,9000,0.529284,8.891
S9,S9_inst_07.txt,algo3,1784800.0,1784800.0,0.0,0.0,7740,10.028074,8.891
S9,S9_inst_07.txt,algo4,1784800.0,1784800.0,0.0,0.0,7740,0.040909,8.891
S9,S9_inst_07.txt,algo5,1784800.0,1784800.0,0.0,0.0,8820,0.143483,8.891
S9,S9_inst_07.txt,algo_union,1784800.0,1784800.0,0.0,0.0,7740,0.308251,8.891
S9,S9_inst_08.txt,algo1,1622319.0,1622319.0,0.0,0.0,7740,0.023797,8.951
S9,S9_inst_08.txt,algo2,1622319.0,1622319.0,0.0,0.0,8910,0.506927,8.951
S9,S9_inst_08.txt,algo3,1622319.0,1622319.0,0.0,0.0,7740,10.015489,8.951
S9,S9_inst_08.txt,algo4,1622319.0,1622319.0,0.0,0.0,7740,0.036967,8.951
S9,S9_inst_08.txt,algo5,1622319.0,1622319.0,0.0,0.0,8550,0.104256,8.951
S9,S9_inst_08.txt,algo_union,1622319.0,1622319.0,0.0,0.0,7740,0.177791,8.951
S9,S9_inst_09.txt,algo1,2184128.0,2184128.0,0.0,0.0,7020,0.021909,6.683
S9,S9_inst_09.txt,algo2,2184128.0,2184128.0,0.0,0.0,9000,0.509304,6.683
S9,S9_inst_09.txt,algo3,2184128.0,2184128.0,0.0,0.0,7020,10.017343,6.683
S9,S9_inst_09.txt,algo4,2184128.0,2184128.0,0.0,0.0,7020,0.041698,6.683
S9,S9_inst_09.txt,algo5,2184128.0,2184128.0,0.0,0.0,8640,0.108539,6.683
S9,S9_inst_09.txt,algo_union,2184128.0,2184128.0,0.0,0.0,7020,0.208516,6.683
S9,S9_inst_10.txt,algo1,2067997.0,2067997.0,0.0,0.0,7380,0.023198,5.192
S9,S9_inst_10.txt,algo2,2067997.0,2067997.0,0.0,0.0,8820,0.612967,5.192
S9,S9_inst_10.txt,algo3,2067997.0,2067997.0,0.0,0.0,7380,10.012931,5.192
S9,S9_inst_10.txt,algo4,2067997.0,2067997.0,0.0,0.0,7380,0.043474,5.192
S9,S9_inst_10.txt,algo5,2067997.0,2067997.0,0.0,0.0,8280,0.075382,5.192
S9,S9_inst_10.txt,algo_union,2067997.0,2067997.0,0.0,0.0,7380,0.147187,5.192
S9,S9_inst_11.txt,algo1,1995581.0,1995581.0,0.0,0.0,7650,0.022507,6.211
S9,S9_inst_11.txt,algo2,1995581.0,1995581.0,0.0,0.0,9000,0.483048,6.211
S9,S9_inst_11.txt,algo3,1995581.0,1995581.0,0.0,0.0,7650,10.014850,6.211
S9,S9_inst_11.txt,algo4,1995581.0,1995581.0,0.0,0.0,7650,0.060701,6.211
S9,S9_inst_11.txt,algo5,1995581.0,1995581.0,0.0,0.0,8550,0.061996,6.211
S9,S9_inst_11.txt,algo_union,1995581.0,1995581.0,0.0,0.0,7650,0.144950,6.211
S9,S9_inst_12.txt,algo1,1742858.0,1742858.0,0.0,0.0,7200,0.026558,6.585
S9,S9_inst_12.txt,algo2,1742858.0,1742858.0,0.0,0.0,9000,0.644548,6.585
S9,S9_inst_12.txt,algo3,1742858.0,1742858.0,0.0,0.0,7200,10.027524,6.585
S9,S9_inst_12.txt,algo4,1742858.0,1742858.0,0.0,0.0,7200,0.047481,6.585
S9,S9_inst_12.txt,algo5,1742858.0,1742858.0,0.0,0.0,8550,0.139757,6.585
S9,S9_inst_12.txt,algo_union,1742858.0,1742858.0,0.0,0.0,7200,0.163625,6.585
S9,S9_inst_13.txt,algo1,2188851.0,2188851.0,0.0,0.0,6390,0.021275,7.016
S9,S9_inst_13.txt,algo2,2188851.0,2188851.0,0.0,0.0,8820,0.521628,7.016
S9,S9_inst_13.txt,algo3,2188851.0,2188851.0,0.0,0.0,6390,10.018224,7.016
S9,S9_inst_13.txt,algo4,2188851.0,2188851.0,0.0,0.0,6390,0.040774,7.016
S9,S9_inst_13.txt,algo5,2188851.0,2188851.0,0.0,0.0,8460,0.084094,7.016
S9,S9_inst_13.txt,algo_union,2188851.0,2188851.0,0.0,0.0,6390,0.182824,7.016
S9,S9_inst_14.txt,algo1,1948392.0,1948392.0,0.0,0.0,7560,0.022616,7.617
S9,S9_inst_14.txt,algo2,1948392.0,1948392.0,0.0,0.0,9000,0.581597,7.617
S9,S9_inst_14.txt,algo3,1948392.0,1948392.0,0.0,0.0,7560,10.017776,7.617
S9,S9_inst_14.txt,algo4,1948392.0,1948392.0,0.0,0.0,7560,0.036743,7.617
S9,S9_inst_14.txt,algo5,1948392.0,1948392.0,0.0,0.0,8730,0.138858,7.617
S9,S9_inst_14.txt,algo_union,1948392.0,1948392.0,0.0,0.0,7560,0.281237,7.617
S9,S9_inst_15.txt,algo1,2141283.0,2141283.0,0.0,0.0,7290,0.025741,8.864
S9,S9_inst_15.txt,algo2,2141283.0,2141283.0,0.0,0.0,8640,0.545307,8.864
S9,S9_inst_15.txt,algo3,2141283.0,2141283.0,0.0,0.0,7290,10.014991,8.864
S9,S9_inst_15.txt,algo4,2141283.0,2141283.0,0.0,0.0,7290,0.040748,8.864
S9,S9_inst_15.txt,algo5,2141283.0,2141283.0,0.0,0.0,8730,0.147180,8.864
S9,S9_inst_15.txt,algo_union,2141283.0,2141283.0,0.0,0.0,7290,0.294115,8.864
S9,S9_inst_16.txt,algo1,2026436.0,2026436.0,0.0,0.0,7470,0.022702,8.686
S9,S9_inst_16.txt,algo2,2026436.0,2026436.0,0.0,0.0,8730,0.456221,8.686
S9,S9_inst_16.txt,algo3,2026436.0,2026436.0,0.0,0.0,7470,10.015258,8.686
S9,S9_inst_16.txt,algo4,2026436.0,2026436.0,0.0,0.0,7470,0.043739,8.686
S9,S9_inst_16.txt,algo5,2026436.0,2026436.0,0.0,0.0,8550,0.091780,8.686
S9,S9_inst_16.txt,algo_union,2026436.0,2026436.0,0.0,0.0,7470,0.182596,8.686
S9,S9_inst_17.txt,algo1,1991738.0,1991738.0,0.0,0.0,7560,0.022582,7.713
S9,S9_inst_17.txt,algo2,1991738.0,1991738.0,0.0,0.0,8910,0.541230,7.713
S9,S9_inst_17.txt,algo3,1991738.0,1991738.0,0.0,0.0,7560,10.017550,7.713
S9,S9_inst_17.txt,algo4,1991738.0,1991738.0,0.0,0.0,7560,0.036205,7.713
S9,S9_inst_17.txt,algo5,1991738.0,1991738.0,0.0,0.0,8640,0.099129,7.713
S9,S9_inst_17.txt,algo_union,1991738.0,1991738.0,0.0,0.0,7560,0.198113,7.713
S9,S9_inst_18.txt,algo1,1934166.0,1934166.0,0.0,0.0,7470,0.043590,6.774
S9,S9_inst_18.txt,algo2,1934166.0,1934166.0,0.0,0.0,8820,0.537339,6.774
S9,S9_inst_18.txt,algo3,1934166.0,1934166.0,0.0,0.0,7470,10.015392,6.774
S9,S9_inst_18.txt,algo4,1934166.0,1934166.0,0.0,0.0,7470,0.049025,6.774
S9,S9_inst_18.txt,algo5,1934166.0,1934166.0,0.0,0.0,8910,0.116719,6.774
S9,S9_inst_18.txt,algo_union,1934166.0,1934166.0,0.0,0.0,7470,0.203434,6.774
S9,S9_inst_19.txt,algo1,1705523.0,1705523.0,0.0,0.0,7200,0.024077,7.090
S9,S9_inst_19.txt,algo2,1705523.0,1705523.0,0.0,0.0,9000,0.589579,7.090
S9,S9_inst_19.txt,algo3,1705523.0,1705523.0,0.0,0.0,7200,10.015199,7.090
S9,S9_inst_19.txt,algo4,1705523.0,1705523.0,0.0,0.0,7200,0.047311,7.090
S9,S9_inst_19.txt,algo5,1705523.0,1705523.0,0.0,0.0,8550,0.149127,7.090
S9,S9_inst_19.txt,algo_union,1705523.0,1705523.0,0.0,0.0,7200,0.170939,7.090
S9,S9_inst_20.txt,algo1,1893330.0,1893330.0,0.0,0.0,7200,0.032793,7.323
S9,S9_inst_20.txt,algo2,1893330.0,1893330.0,0.0,0.0,9000,0.516478,7.323
S9,S9_inst_20.txt,algo3,1893330.0,1893330.0,0.0,0.0,7200,10.026642,7.323
S9,S9_inst_20.txt,algo4,1893330.0,1893330.0,0.0,0.0,7200,0.037523,7.323
S9,S9_inst_20.txt,algo5,1893330.0,1893330.0,0.0,0.0,8730,0.189695,7.323
S9,S9_inst_20.txt,algo_union,1893330.0,1893330.0,0.0,0.0,7200,0.263573,7.323
S9,S9_inst_21.txt,algo1,1822571.0,1822571.0,0.0,0.0,7290,0.032335,7.623
S9,S9_inst_21.txt,algo2,1822571.0,1822571.0,0.0,0.0,9000,0.546768,7.623
S9,S9_inst_21.txt,algo3,1822571.0,1822571.0,0.0,0.0,7290,10.015076,7.623
S9,S9_inst_21.txt,algo4,1822571.0,1822571.0,0.0,0.0,7290,0.038669,7.623
S9,S9_inst_21.txt,algo5,1822571.0,1822571.0,0.0,0.0,8550,0.139717,7.623
S9,S9_inst_21.txt,algo_union,1822571.0,1822571.0,0.0,0.0,7290,0.230505,7.623
S9,S9_inst_22.txt,algo1,2144649.0,2144649.0,0.0,0.0,7110,0.026785,8.023
S9,S9_inst_22.txt,algo2,2144649.0,2144649.0,0.0,0.0,8730,0.444943,8.023
S9,S9_inst_22.txt,algo3,2144649.0,2144649.0,0.0,0.0,7110,10.014744,8.023
S9,S9_inst_22.txt,algo4,2144649.0,2144649.0,0.0,0.0,7110,0.041143,8.023
S9,S9_inst_22.txt,algo5,2144649.0,2144649.0,0.0,0.0,8460,0.157986,8.023
S9,S9_inst_22.txt,algo_union,2144649.0,2144649.0,0.0,0.0,7110,0.259845,8.023
S9,S9_inst_23.txt,algo1,2318451.0,2318451.0,0.0,0.0,6660,0.036417,8.321
S9,S9_inst_23.txt,algo2,2318451.0,2318451.0,0.0,0.0,8550,0.569007,8.321
S9,S9_inst_23.txt,algo3,2318451.0,2318451.0,0.0,0.0,6660,10.031713,8.321
S9,S9_inst_23.txt,algo4,2318451.0,2318451.0,0.0,0.0,6660,9.965021,8.321
S9,S9_inst_23.txt,algo5,2318451.0,2318451.0,0.0,0.0,7920,0.291693,8.321
S9,S9_inst_23.txt,algo_union,2318451.0,2318451.0,0.0,0.0,6660,10.357442,8.321
S9,S9_inst_24.txt,algo1,1714319.0,1714319.0,0.0,0.0,7560,0.025976,6.849
S9,S9_inst_24.txt,algo2,1714319.0,1714319.0,0.0,0.0,8910,0.609673,6.849
S9,S9_inst_24.txt,algo3,1714319.0,1714319.0,0.0,0.0,7560,10.014904,6.849
S9,S9_inst_24.txt,algo4,1714319.0,1714319.0,0.0,0.0,7560,0.036901,6.849
S9,S9_inst_24.txt,algo5,1714319.0,1714319.0,0.0,0.0,8100,0.110035,6.849
S9,S9_inst_24.txt,algo_union,1714319.0,1714319.0,0.0,0.0,7560,0.184883,6.849
S9,S9_inst_25.txt,algo1,1701011.0,1701011.0,0.0,0.0,7380,0.023605,8.386
S9,S9_inst_25.txt,algo2,1701011.0,1701011.0,0.0,0.0,9000,0.565488,8.386
S9,S9_inst_25.txt,algo3,1701011.0,1701011.0,0.0,0.0,7380,10.015225,8.386
S9,S9_inst_25.txt,algo4,1701011.0,1701011.0,0.0,0.0,7380,0.048876,8.386
S9,S9_inst_25.txt,algo5,1701011.0,1701011.0,0.0,0.0,8550,0.108564,8.386
S9,S9_inst_25.txt,algo_union,1701011.0,1701011.0,0.0,0.0,7380,0.209951,8.386
S9,S9_inst_26.txt,algo1,1786515.0,1786515.0,0.0,0.0,7470,0.022926,6.979
S9,S9_inst_26.txt,algo2,1786515.0,1786515.0,0.0,0.0,8730,0.594512,6.979
S9,S9_inst_26.txt,algo3,1786515.0,1786515.0,0.0,0.0,7470,10.029021,6.979
S9,S9_inst_26.txt,algo4,1786515.0,1786515.0,0.0,0.0,7470,0.038521,6.979
S9,S9_inst_26.txt,algo5,1786515.0,1786515.0,0.0,0.0,8730,0.070911,6.979
S9,S9_inst_26.txt,algo_union,1786515.0,1786515.0,0.0,0.0,7470,0.145536,6.979
S9,S9_inst_27.txt,algo1,1731331.0,1731331.0,0.0,0.0,7740,0.026053,7.101
S9,S9_inst_27.txt,algo2,1731331.0,1731331.0,0.0,0.0,9000,0.434391,7.101
S9,S9_inst_27.txt,algo3,1731331.0,1731331.0,0.0,0.0,7740,10.016528,7.101
S9,S9_inst_27.txt,algo4,1731331.0,1731331.0,0.0,0.0,7740,0.050355,7.101
S9,S9_inst_27.txt,algo5,1731331.0,1731331.0,0.0,0.0,8550,0.141700,7.101
S9,S9_inst_27.txt,algo_union,1731331.0,1731331.0,0.0,0.0,7740,0.262588,7.101
S9,S9_inst_28.txt,algo1,1637015.0,1637015.0,0.0,0.0,7200,0.023595,5.407
S9,S9_inst_28.txt,algo2,1637015.0,1637015.0,0.0,0.0,8910,0.798138,5.407
S9,S9_inst_28.txt,algo3,1637015.0,1637015.0,0.0,0.0,7200,10.015144,5.407
S9,S9_inst_28.txt,algo4,1637015.0,1637015.0,0.0,0.0,7200,0.056361,5.407
S9,S9_inst_28.txt,algo5,1637015.0,1637015.0,0.0,0.0,8460,0.105132,5.407
S9,S9_inst_28.txt,algo_union,1637015.0,1637015.0,0.0,0.0,7200,0.146565,5.407
S9,S9_inst_29.txt,algo1,1747982.0,1747982.0,0.0,0.0,7200,0.021830,7.877
S9,S9_inst_29.txt,algo2,1747982.0,1747982.0,0.0,0.0,9000,0.601008,7.877
S9,S9_inst_29.txt,algo3,1747982.0,1747982.0,0.0,0.0,7200,10.024549,7.877
S9,S9_inst_29.txt,algo4,1747982.0,1747982.0,0.0,0.0,7200,0.040272,7.877
S9,S9_inst_29.txt,algo5,1747982.0,1747982.0,0.0,0.0,8100,0.105331,7.877
S9,S9_inst_29.txt,algo_union,1747982.0,1747982.0,0.0,0.0,7200,0.174178,7.877
S9,S9_inst_30.txt,algo1,1528657.0,1528657.0,0.0,0.0,7560,0.026166,4.227
S9,S9_inst_30.txt,algo2,1528657.0,1528657.0,0.0,0.0,8640,0.704008,4.227
S9,S9_inst_30.txt,algo3,1528657.0,1528657.0,0.0,0.0,7560,10.015797,4.227
S9,S9_inst_30.txt,algo4,1528657.0,1528657.0,0.0,0.0,7560,9.965320,4.227
S9,S9_inst_30.txt,algo5,1528657.0,1528657.0,0.0,0.0,8370,0.099586,4.227
S9,S9_inst_30.txt,algo_union,1528657.0,1528657.0,0.0,0.0,7560,10.088283,4.227
S10,S10_inst_01.txt,algo1,1601581.0,1601581.0,0.0,0.0,7110,0.022125,0.491
S10,S10_inst_01.txt,algo2,1601581.0,1449730.0,151851.0,9.481319,7830,1.365729,0.491
S10,S10_inst_01.txt,algo3,1601581.0,1601581.0,0.0,0.0,7110,10.032348,0.491
S10,S10_inst_01.txt,algo4,1601581.0,1601581.0,0.0,0.0,7110,9.963251,0.491
S10,S10_inst_01.txt,algo5,1601581.0,1580167.0,21414.0,1.337054,7380,0.330113,0.491
S10,S10_inst_01.txt,algo_union,1601581.0,1601581.0,0.0,0.0,7110,10.391754,0.491
S10,S10_inst_02.txt,algo1,1878851.0,1878767.0,84.0,0.004471,7020,0.022328,0.476
S10,S10_inst_02.txt,algo2,1878851.0,1720595.0,158256.0,8.42302,7920,1.371247,0.476
S10,S10_inst_02.txt,algo3,1878851.0,1878767.0,84.0,0.004471,7020,10.014523,0.476
S10,S10_inst_02.txt,algo4,1878851.0,1878851.0,0.0,0.0,7020,9.962155,0.476
S10,S10_inst_02.txt,algo5,1878851.0,1878767.0,84.0,0.004471,7740,0.258919,0.476
S10,S10_inst_02.txt,algo_union,1878851.0,1878851.0,0.0,0.0,7020,10.337745,0.476
S10,S10_inst_03.txt,algo1,1983200.0,1970264.0,12936.0,0.652279,7920,0.026145,0.493
S10,S10_inst_03.txt,algo2,1983200.0,1757555.0,225645.0,11.377824,8010,1.089442,0.493
S10,S10_inst_03.txt,algo3,1983200.0,1970264.0,12936.0,0.652279,7920,10.012482,0.493
S10,S10_inst_03.txt,algo4,1983200.0,1970264.0,12936.0,0.652279,7920,9.972196,0.493
S10,S10_inst_03.txt,algo5,1983200.0,1978112.0,5088.0,0.256555,8010,0.263938,0.493
S10,S10_inst_03.txt,algo_union,1983200.0,1978112.0,5088.0,0.256555,8010,10.363567,0.493
S10,S10_inst_04.txt,algo1,1775216.0,1742114.0,33102.0,1.864674,7830,0.022418,0.482
S10,S10_inst_04.txt,algo2,1775216.0,1658408.0,116808.0,6.579932,8640,1.145959,0.482
S10,S10_inst_04.txt,algo3,1775216.0,1742114.0,33102.0,1.864674,7830,10.020228,0.482
S10,S10_inst_04.txt,algo4,1775216.0,1742114.0,33102.0,1.864674,7830,9.962122,0.482
S10,S10_inst_04.txt,algo5,1775216.0,1741394.0,33822.0,1.905233,7920,0.287069,0.482
S10,S10_inst_04.txt,algo_union,1775216.0,1742114.0,33102.0,1.864674,7830,10.400709,0.482
S10,S10_inst_05.txt,algo1,1946985.0,1759065.0,187920.0,9.651846,7110,0.021363,0.460
S10,S10_inst_05.txt,algo2,1946985.0,1691457.0,255528.0,13.124292,7830,0.999572,0.460
S10,S10_inst_05.txt,algo3,1946985.0,1759065.0,187920.0,9.651846,7110,10.012629,0.460
S10,S10_inst_05.txt,algo4,1946985.0,1835004.0,111981.0,5.751508,7200,9.966297,0.460
S10,S10_inst_05.txt,algo5,1946985.0,1807458.0,139527.0,7.166311,7830,0.319291,0.460
S10,S10_inst_05.txt,algo_union,1946985.0,1863588.0,83397.0,4.283392,7830,10.417996,0.460
S10,S10_inst_06.txt,algo1,1735702.0,1673227.0,62475.0,3.599408,6840,0.023443,0.528
S10,S10_inst_06.txt,algo2,1735702.0,1539817.0,195885.0,11.285635,8010,1.143184,0.528
S10,S10_inst_06.txt,algo3,1735702.0,1673227.0,62475.0,3.599408,6840,10.015454,0.528
S10,S10_inst_06.txt,algo4,1735702.0,1680343.0,55359.0,3.18943,6840,9.980008,0.528
S10,S10_inst_06.txt,algo5,1735702.0,1702366.0,33336.0,1.920606,8010,0.179466,0.528
S10,S10_inst_06.txt,algo_union,1735702.0,1709482.0,26220.0,1.510628,8010,10.177495,0.528
S10,S10_inst_07.txt,algo1,1608024.0,1578852.0,29172.0,1.814152,7380,0.021722,0.527
S10,S10_inst_07.txt,algo2,1608024.0,1522206.0,85818.0,5.336861,8100,1.287756,0.527
S10,S10_inst_07.txt,algo3,1608024.0,1578852.0,29172.0,1.814152,7380,10.015095,0.527
S10,S10_inst_07.txt,algo4,1608024.0,1587150.0,20874.0,1.298115,7470,9.965399,0.527
S10,S10_inst_07.txt,algo5,1608024.0,1577118.0,30906.0,1.921986,8100,0.284234,0.527
S10,S10_inst_07.txt,algo_union,1608024.0,1587150.0,20874.0,1.298115,7470,10.332823,0.527
S10,S10_inst_08.txt,algo1,1337277.0,1204191.0,133086.0,9.952014,7380,0.021951,0.472
S10,S10_inst_08.txt,algo2,1337277.0,1174200.0,163077.0,12.194706,7560,1.356665,0.472
S10,S10_inst_08.txt,algo3,1337277.0,1205433.0,131844.0,9.859139,7200,10.014550,0.472
S10,S10_inst_08.txt,algo4,1337277.0,1304550.0,32727.0,2.447287,7470,9.972040,0.472
S10,S10_inst_08.txt,algo5,1337277.0,1287453.0,49824.0,3.72578,7290,0.203146,0.472
S10,S10_inst_08.txt,algo_union,1337277.0,1327017.0,10260.0,0.767231,7380,10.164422,0.472
S10,S10_inst_09.txt,algo1,1710666.0,1605273.0,105393.0,6.160934,7290,0.021141,0.488
S10,S10_inst_09.txt,algo2,1710666.0,1659732.0,50934.0,2.977437,8370,1.285349,0.488
S10,S10_inst_09.txt,algo3,1710666.0,1605273.0,105393.0,6.160934,7290,10.015229,0.488
S10,S10_inst_09.txt,algo4,1710666.0,1659114.0,51552.0,3.013563,7470,9.973505,0.488
S10,S10_inst_09.txt,algo5,1710666.0,1655952.0,54714.0,3.198403,7650,0.234462,0.488
S10,S10_inst_09.txt,algo_union,1710666.0,1679322.0,31344.0,1.832269,7740,10.276866,0.488
S10,S10_inst_10.txt,algo1,1915913.0,1906193.0,9720.0,0.50733,8010,0.025610,0.482
S10,S10_inst_10.txt,algo2,1915913.0,1724201.0,191712.0,10.0063,8190,1.108058,0.482
S10,S10_inst_10.txt,algo3,1915913.0,1906193.0,9720.0,0.50733,8010,10.015162,0.482
S10,S10_inst_10.txt,algo4,1915913.0,1906193.0,9720.0,0.50733,8010,9.960928,0.482
S10,S10_inst_10.txt,algo5,1915913.0,1906193.0,9720.0,0.50733,8460,0.227264,0.482
S10,S10_inst_10.txt,algo_union,1915913.0,1906193.0,9720.0,0.50733,8010,10.276609,0.482
S10,S10_inst_11.txt,algo1,1576061.0,1552493.0,23568.0,1.495374,7290,0.026935,0.524
S10,S10_inst_11.txt,algo2,1576061.0,1545983.0,30078.0,1.908429,8010,0.924892,0.524
S10,S10_inst_11.txt,algo3,1576061.0,1552493.0,23568.0,1.495374,7290,10.011648,0.524
S10,S10_inst_11.txt,algo4,1576061.0,1569977.0,6084.0,0.386026,7380,9.964851,0.524
S10,S10_inst_11.txt,algo5,1576061.0,1566713.0,9348.0,0.593124,8010,0.311557,0.524
S10,S10_inst_11.txt,algo_union,1576061.0,1572320.0,3741.0,0.237364,8010,10.185320,0.524
S10,S10_inst_12.txt,algo1,1943754.0,1916628.0,27126.0,1.395547,7650,0.022623,0.508
S10,S10_inst_12.txt,algo2,1943754.0,1929084.0,14670.0,0.754725,8730,1.010933,0.508
S10,S10_inst_12.txt,algo3,1943754.0,1916628.0,27126.0,1.395547,7650,10.014113,0.508
S10,S10_inst_12.txt,algo4,1943754.0,1916628.0,27126.0,1.395547,7650,9.965589,0.508
S10,S10_inst_12.txt,algo5,1943754.0,1905837.0,37917.0,1.95071,8010,0.260661,0.508
S10,S10_inst_12.txt,algo_union,1943754.0,1916628.0,27126.0,1.395547,7650,10.532140,0.508
S10,S10_inst_13.txt,algo1,1826220.0,1624350.0,201870.0,11.05398,7020,0.021472,0.497
S10,S10_inst_13.txt,algo2,1826220.0,1656795.0,169425.0,9.27736,7740,1.045269,0.497
S10,S10_inst_13.txt,algo3,1826220.0,1624350.0,201870.0,11.05398,7020,10.013004,0.497
S10,S10_inst_13.txt,algo4,1826220.0,1733478.0,92742.0,5.078359,7200,9.971516,0.497
S10,S10_inst_13.txt,algo5,1826220.0,1721964.0,104256.0,5.708841,7650,0.217998,0.497
S10,S10_inst_13.txt,algo_union,1826220.0,1781058.0,45162.0,2.472977,7740,10.220317,0.497
S10,S10_inst_14.txt,algo1,1612699.0,1593700.0,18999.0,1.178087,6840,0.020817,0.517
S10,S10_inst_14.txt,algo2,1612699.0,1563424.0,49275.0,3.055437,7200,1.311303,0.517
S10,S10_inst_14.txt,algo3,1612699.0,1593700.0,18999.0,1.178087,6840,10.021013,0.517
S10,S10_inst_14.txt,algo4,1612699.0,1612699.0,0.0,0.0,6840,9.974680,0.517
S10,S10_inst_14.txt,algo5,1612699.0,1591018.0,21681.0,1.344392,7110,0.292037,0.517
S10,S10_inst_14.txt,algo_union,1612699.0,1612699.0,0.0,0.0,6840,10.157099,0.517
S10,S10_inst_15.txt,algo1,1611099.0,1611099.0,0.0,0.0,6840,0.021106,0.500
S10,S10_inst_15.txt,algo2,1611099.0,1595529.0,15570.0,0.966421,7740,1.283531,0.500
S10,S10_inst_15.txt,algo3,1611099.0,1611099.0,0.0,0.0,6840,10.022650,0.500
S10,S10_inst_15.txt,algo4,1611099.0,1611099.0,0.0,0.0,6840,9.966323,0.500
S10,S10_inst_15.txt,algo5,1611099.0,1611099.0,0.0,0.0,7110,0.262488,0.500
S10,S10_inst_15.txt,algo_union,1611099.0,1611099.0,0.0,0.0,6840,10.139714,0.500
S10,S10_inst_16.txt,algo1,1531103.0,1442234.0,88869.0,5.804247,6480,0.020685,0.490
S10,S10_inst_16.txt,algo2,1531103.0,1480892.0,50211.0,3.279401,7470,1.396999,0.490
S10,S10_inst_16.txt,algo3,1531103.0,1442234.0,88869.0,5.804247,6480,10.014407,0.490
S10,S10_inst_16.txt,algo4,1531103.0,1503101.0,28002.0,1.828878,6570,9.972106,0.490
S10,S10_inst_16.txt,algo5,1531103.0,1426187.0,104916.0,6.852315,6660,0.349337,0.490
S10,S10_inst_16.txt,algo_union,1531103.0,1503101.0,28002.0,1.828878,6570,10.231761,0.490
S10,S10_inst_17.txt,algo1,1803324.0,1798464.0,4860.0,0.269502,7830,0.023570,0.512
S10,S10_inst_17.txt,algo2,1803324.0,1752153.0,51171.0,2.837593,8010,1.307851,0.512
S10,S10_inst_17.txt,algo3,1803324.0,1798464.0,4860.0,0.269502,7830,10.032408,0.512
S10,S10_inst_17.txt,algo4,1803324.0,1798464.0,4860.0,0.269502,7830,9.961272,0.512
S10,S10_inst_17.txt,algo5,1803324.0,1798464.0,4860.0,0.269502,8190,0.238422,0.512
S10,S10_inst_17.txt,algo_union,1803324.0,1798464.0,4860.0,0.269502,7830,10.258547,0.512
S10,S10_inst_18.txt,algo1,1563447.0,1475448.0,87999.0,5.628525,6480,0.021723,0.500
S10,S10_inst_18.txt,algo2,1563447.0,1408983.0,154464.0,9.879708,7560,0.976805,0.500
S10,S10_inst_18.txt,algo3,1563447.0,1475448.0,87999.0,5.628525,6480,10.017094,0.500
S10,S10_inst_18.txt,algo4,1563447.0,1533585.0,29862.0,1.91001,6480,9.968431,0.500
S10,S10_inst_18.txt,algo5,1563447.0,1471929.0,91518.0,5.853604,6480,0.235446,0.500
S10,S10_inst_18.txt,algo_union,1563447.0,1533585.0,29862.0,1.91001,6480,10.285155,0.500
S10,S10_inst_19.txt,algo1,1757579.0,1607222.0,150357.0,8.554779,7560,0.022025,0.506
S10,S10_inst_19.txt,algo2,1757579.0,1665224.0,92355.0,5.254671,7920,1.471439,0.506
S10,S10_inst_19.txt,algo3,1757579.0,1607222.0,150357.0,8.554779,7560,10.014939,0.506
S10,S10_inst_19.txt,algo4,1757579.0,1692239.0,65340.0,3.717614,7650,9.966554,0.506
S10,S10_inst_19.txt,algo5,1757579.0,1658516.0,99063.0,5.636333,7920,0.304100,0.506
S10,S10_inst_19.txt,algo_union,1757579.0,1678148.0,79431.0,4.519342,7920,10.356368,0.506
S10,S10_inst_20.txt,algo1,1769478.0,1639527.0,129951.0,7.34403,7290,0.021661,0.471
S10,S10_inst_20.txt,algo2,1769478.0,1590060.0,179418.0,10.1396,7650,0.843770,0.471
S10,S10_inst_20.txt,algo3,1769478.0,1639527.0,129951.0,7.34403,7290,10.017598,0.471
S10,S10_inst_20.txt,algo4,1769478.0,1653468.0,116010.0,6.556171,7290,9.964955,0.471
S10,S10_inst_20.txt,algo5,1769478.0,1755537.0,13941.0,0.787859,7740,0.297101,0.471
S10,S10_inst_20.txt,algo_union,1769478.0,1769478.0,0.0,0.0,7740,10.387532,0.471
S10,S10_inst_21.txt,algo1,1976299.0,1792393.0,183906.0,9.305576,7200,0.046885,0.486
S10,S10_inst_21.txt,algo2,1976299.0,1915864.0,60435.0,3.057989,8190,0.942072,0.486
S10,S10_inst_21.txt,algo3,1976299.0,1792393.0,183906.0,9.305576,7200,10.017529,0.486
S10,S10_inst_21.txt,algo4,1976299.0,1921126.0,55173.0,2.791733,7200,9.964555,0.486
S10,S10_inst_21.txt,algo5,1976299.0,1894642.0,81657.0,4.131814,7650,0.223175,0.486
S10,S10_inst_21.txt,algo_union,1976299.0,1908769.0,67530.0,3.416993,7650,10.169948,0.486
S10,S10_inst_22.txt,algo1,1719136.0,1623796.0,95340.0,5.545809,7470,0.025735,0.495
S10,S10_inst_22.txt,algo2,1719136.0,1459120.0,260016.0,15.124807,7740,1.172617,0.495
S10,S10_inst_22.txt,algo3,1719136.0,1623796.0,95340.0,5.545809,7470,10.019155,0.495
S10,S10_inst_22.txt,algo4,1719136.0,1719136.0,0.0,0.0,7470,9.966566,0.495
S10,S10_inst_22.txt,algo5,1719136.0,1703704.0,15432.0,0.89766,7740,0.242428,0.495
S10,S10_inst_22.txt,algo_union,1719136.0,1719136.0,0.0,0.0,7740,10.315612,0.495
S10,S10_inst_23.txt,algo1,1722147.0,1719933.0,2214.0,0.12856,7470,0.023446,0.483
S10,S10_inst_23.txt,algo2,1722147.0,1681185.0,40962.0,2.378543,7740,0.884968,0.483
S10,S10_inst_23.txt,algo3,1722147.0,1719933.0,2214.0,0.12856,7470,10.012730,0.483
S10,S10_inst_23.txt,algo4,1722147.0,1719933.0,2214.0,0.12856,7470,9.961772,0.483
S10,S10_inst_23.txt,algo5,1722147.0,1722147.0,0.0,0.0,7650,0.277049,0.483
S10,S10_inst_23.txt,algo_union,1722147.0,1722147.0,0.0,0.0,7650,10.110976,0.483
S10,S10_inst_24.txt,algo1,1687046.0,1572383.0,114663.0,6.796673,7110,0.021236,0.456
S10,S10_inst_24.txt,algo2,1687046.0,1512191.0,174855.0,10.364566,7560,0.909989,0.456
S10,S10_inst_24.txt,algo3,1687046.0,1572383.0,114663.0,6.796673,7110,10.009922,0.456
S10,S10_inst_24.txt,algo4,1687046.0,1635746.0,51300.0,3.040818,7200,9.961889,0.456
S10,S10_inst_24.txt,algo5,1687046.0,1646396.0,40650.0,2.409537,7650,0.156537,0.456
S10,S10_inst_24.txt,algo_union,1687046.0,1663538.0,23508.0,1.393442,7650,10.118697,0.456
S10,S10_inst_25.txt,algo1,1638711.0,1583139.0,55572.0,3.391202,7380,0.021935,0.464
S10,S10_inst_25.txt,algo2,1638711.0,1518579.0,120132.0,7.330884,7650,0.967826,0.464
S10,S10_inst_25.txt,algo3,1638711.0,1583139.0,55572.0,3.391202,7380,10.011177,0.464
S10,S10_inst_25.txt,algo4,1638711.0,1638711.0,0.0,0.0,7380,9.961662,0.464
S10,S10_inst_25.txt,algo5,1638711.0,1583139.0,55572.0,3.391202,7560,0.253071,0.464
S10,S10_inst_25.txt,algo_union,1638711.0,1638711.0,0.0,0.0,7380,10.124040,0.464
S10,S10_inst_26.txt,algo1,1429646.0,1423154.0,6492.0,0.454098,7470,0.022938,0.453
S10,S10_inst_26.txt,algo2,1429646.0,1315373.0,114273.0,7.993098,7470,0.913866,0.453
S10,S10_inst_26.txt,algo3,1429646.0,1423154.0,6492.0,0.454098,7470,10.010224,0.453
S10,S10_inst_26.txt,algo4,1429646.0,1429646.0,0.0,0.0,7470,9.969928,0.453
S10,S10_inst_26.txt,algo5,1429646.0,1423613.0,6033.0,0.421993,7920,0.260854,0.453
S10,S10_inst_26.txt,algo_union,1429646.0,1423613.0,6033.0,0.421993,7920,10.377328,0.453
S10,S10_inst_27.txt,algo1,1755528.0,1655760.0,99768.0,5.683077,7110,0.021994,0.494
S10,S10_inst_27.txt,algo2,1755528.0,1651428.0,104100.0,5.92984,8280,0.999262,0.494
S10,S10_inst_27.txt,algo3,1755528.0,1655760.0,99768.0,5.683077,7110,10.017584,0.494
S10,S10_inst_27.txt,algo4,1755528.0,1714554.0,40974.0,2.333999,7110,9.966940,0.494
S10,S10_inst_27.txt,algo5,1755528.0,1739730.0,15798.0,0.8999,7650,0.172744,0.494
S10,S10_inst_27.txt,algo_union,1755528.0,1741806.0,13722.0,0.781645,7650,10.084679,0.494
S10,S10_inst_28.txt,algo1,1559671.0,1448164.0,111507.0,7.149392,7200,0.021565,0.449
S10,S10_inst_28.txt,algo2,1559671.0,1449187.0,110484.0,7.083802,7740,1.293781,0.449
S10,S10_inst_28.txt,algo3,1559671.0,1448164.0,111507.0,7.149392,7200,10.014777,0.449
S10,S10_inst_28.txt,algo4,1559671.0,1471261.0,88410.0,5.668503,7200,9.960992,0.449
S10,S10_inst_28.txt,algo5,1559671.0,1452565.0,107106.0,6.867218,7200,0.237145,0.449
S10,S10_inst_28.txt,algo_union,1559671.0,1471261.0,88410.0,5.668503,7200,10.151278,0.449
S10,S10_inst_29.txt,algo1,1562137.0,1499236.0,62901.0,4.026599,7020,0.021740,0.470
S10,S10_inst_29.txt,algo2,1562137.0,1384576.0,177561.0,11.366545,7020,0.772469,0.470
S10,S10_inst_29.txt,algo3,1562137.0,1499236.0,62901.0,4.026599,7020,10.010250,0.470
S10,S10_inst_29.txt,algo4,1562137.0,1517002.0,45135.0,2.889311,7020,9.966276,0.470
S10,S10_inst_29.txt,algo5,1562137.0,1499236.0,62901.0,4.026599,7200,0.180409,0.470
S10,S10_inst_29.txt,algo_union,1562137.0,1517002.0,45135.0,2.889311,7020,10.111232,0.470
S10,S10_inst_30.txt,algo1,1553435.0,1470680.0,82755.0,5.327226,7290,0.022084,0.465
S10,S10_inst_30.txt,algo2,1553435.0,1440758.0,112677.0,7.253409,8010,1.385857,0.465
S10,S10_inst_30.txt,algo3,1553435.0,1470884.0,82551.0,5.314094,7200,10.019887,0.465
S10,S10_inst_30.txt,algo4,1553435.0,1502264.0,51171.0,3.294055,7290,9.962177,0.465
S10,S10_inst_30.txt,algo5,1553435.0,1484930.0,68505.0,4.409905,7830,0.179069,0.465
S10,S10_inst_30.txt,algo_union,1553435.0,1502264.0,51171.0,3.294055,7830,10.134882,0.465
S11,S11_inst_01.txt,algo1,1868896.0,1868896.0,0.0,0.0,7290,0.021649,5.284
S11,S11_inst_01.txt,algo2,1868896.0,1835566.0,33330.0,1.783406,8640,0.761375,5.284
S11,S11_inst_01.txt,algo3,1868896.0,1868896.0,0.0,0.0,7290,10.023468,5.284
S11,S11_inst_01.txt,algo4,1868896.0,1868896.0,0.0,0.0,7290,9.967120,5.284
S11,S11_inst_01.txt,algo5,1868896.0,1868896.0,0.0,0.0,8370,0.198801,5.284
S11,S11_inst_01.txt,algo_union,1868896.0,1868896.0,0.0,0.0,7290,10.318145,5.284
S11,S11_inst_02.txt,algo1,1744443.0,1744443.0,0.0,0.0,7740,0.024970,5.026
S11,S11_inst_02.txt,algo2,1744443.0,1744443.0,0.0,0.0,8910,0.818537,5.026
S11,S11_inst_02.txt,algo3,1744443.0,1744443.0,0.0,0.0,7740,10.015108,5.026
S11,S11_inst_02.txt,algo4,1744443.0,1744443.0,0.0,0.0,7740,0.042007,5.026
S11,S11_inst_02.txt,algo5,1744443.0,1744443.0,0.0,0.0,8550,0.105024,5.026
S11,S11_inst_02.txt,algo_union,1744443.0,1744443.0,0.0,0.0,7740,0.174401,5.026
S11,S11_inst_03.txt,algo1,1776266.0,1776266.0,0.0,0.0,7650,0.022465,5.450
S11,S11_inst_03.txt,algo2,1776266.0,1776266.0,0.0,0.0,9000,0.867729,5.450
S11,S11_inst_03.txt,algo3,1776266.0,1776266.0,0.0,0.0,7650,10.014789,5.450
S11,S11_inst_03.txt,algo4,1776266.0,1776266.0,0.0,0.0,7650,0.048848,5.450
S11,S11_inst_03.txt,algo5,1776266.0,1776266.0,0.0,0.0,8730,0.084259,5.450
S11,S11_inst_03.txt,algo_union,1776266.0,1776266.0,0.0,0.0,7650,0.167270,5.450
S11,S11_inst_04.txt,algo1,1804050.0,1804050.0,0.0,0.0,7560,0.022695,5.324
S11,S11_inst_04.txt,algo2,1804050.0,1804050.0,0.0,0.0,8730,0.684150,5.324
S11,S11_inst_04.txt,algo3,1804050.0,1804050.0,0.0,0.0,7560,10.022408,5.324
S11,S11_inst_04.txt,algo4,1804050.0,1804050.0,0.0,0.0,7560,0.044580,5.324
S11,S11_inst_04.txt,algo5,1804050.0,1804050.0,0.0,0.0,8190,0.071379,5.324
S11,S11_inst_04.txt,algo_union,1804050.0,1804050.0,0.0,0.0,7560,0.137270,5.324
S11,S11_inst_05.txt,algo1,1854543.0,1854543.0,0.0,0.0,7830,0.026100,6.066
S11,S11_inst_05.txt,algo2,1854543.0,1854543.0,0.0,0.0,8820,0.827991,6.066
S11,S11_inst_05.txt,algo3,1854543.0,1854543.0,0.0,0.0,7830,10.021219,6.066
S11,S11_inst_05.txt,algo4,1854543.0,1854543.0,0.0,0.0,7830,0.039423,6.066
S11,S11_inst_05.txt,algo5,1854543.0,1854543.0,0.0,0.0,8190,0.097550,6.066
S11,S11_inst_05.txt,algo_union,1854543.0,1854543.0,0.0,0.0,7830,0.159633,6.066
S11,S11_inst_06.txt,algo1,1860134.0,1860134.0,0.0,0.0,7470,0.022282,5.047
S11,S11_inst_06.txt,algo2,1860134.0,1860134.0,0.0,0.0,9000,0.809993,5.047
S11,S11_inst_06.txt,algo3,1860134.0,1860134.0,0.0,0.0,7470,10.018780,5.047
S11,S11_inst_06.txt,algo4,1860134.0,1860134.0,0.0,0.0,7470,0.039268,5.047
S11,S11_inst_06.txt,algo5,1860134.0,1860134.0,0.0,0.0,8370,0.079545,5.047
S11,S11_inst_06.txt,algo_union,1860134.0,1860134.0,0.0,0.0,7470,0.155772,5.047
S11,S11_inst_07.txt,algo1,1887038.0,1887038.0,0.0,0.0,7650,0.022439,5.015
S11,S11_inst_07.txt,algo2,1887038.0,1887038.0,0.0,0.0,8910,0.847762,5.015
S11,S11_inst_07.txt,algo3,1887038.0,1887038.0,0.0,0.0,7650,10.017969,5.015
S11,S11_inst_07.txt,algo4,1887038.0,1887038.0,0.0,0.0,7650,0.049275,5.015
S11,S11_inst_07.txt,algo5,1887038.0,1887038.0,0.0,0.0,8010,0.097250,5.015
S11,S11_inst_07.txt,algo_union,1887038.0,1887038.0,0.0,0.0,7650,0.194527,5.015
S11,S11_inst_08.txt,algo1,1643099.0,1643099.0,0.0,0.0,8010,0.030637,5.708
S11,S11_inst_08.txt,algo2,1643099.0,1643099.0,0.0,0.0,8910,0.869806,5.708
S11,S11_inst_08.txt,algo3,1643099.0,1643099.0,0.0,0.0,8010,10.018843,5.708
S11,S11_inst_08.txt,algo4,1643099.0,1643099.0,0.0,0.0,8010,0.036428,5.708
S11,S11_inst_08.txt,algo5,1643099.0,1643099.0,0.0,0.0,8280,0.062600,5.708
S11,S11_inst_08.txt,algo_union,1643099.0,1643099.0,0.0,0.0,8010,0.129166,5.708
S11,S11_inst_09.txt,algo1,2176999.0,2176999.0,0.0,0.0,7290,0.022722,5.478
S11,S11_inst_09.txt,algo2,2176999.0,2176999.0,0.0,0.0,8910,0.896916,5.478
S11,S11_inst_09.txt,algo3,2176999.0,2176999.0,0.0,0.0,7290,10.018341,5.478
S11,S11_inst_09.txt,algo4,2176999.0,2176999.0,0.0,0.0,7290,0.043711,5.478
S11,S11_inst_09.txt,algo5,2176999.0,2176999.0,0.0,0.0,7920,0.086381,5.478
S11,S11_inst_09.txt,algo_union,2176999.0,2176999.0,0.0,0.0,7290,0.124364,5.478
S11,S11_inst_10.txt,algo1,2085651.0,2085651.0,0.0,0.0,8100,0.038251,5.644
S11,S11_inst_10.txt,algo2,2085651.0,2085651.0,0.0,0.0,8910,0.863136,5.644
S11,S11_inst_10.txt,algo3,2085651.0,2085651.0,0.0,0.0,8100,10.015089,5.644
S11,S11_inst_10.txt,algo4,2085651.0,2085651.0,0.0,0.0,8100,0.088060,5.644
S11,S11_inst_10.txt,algo5,2085651.0,2085651.0,0.0,0.0,8460,0.186038,5.644
S11,S11_inst_10.txt,algo_union,2085651.0,2085651.0,0.0,0.0,8100,0.146512,5.644
S11,S11_inst_11.txt,algo1,1818861.0,1818861.0,0.0,0.0,7560,0.055434,5.211
S11,S11_inst_11.txt,algo2,1818861.0,1818861.0,0.0,0.0,9000,0.803869,5.211
S11,S11_inst_11.txt,algo3,1818861.0,1818861.0,0.0,0.0,7560,10.018311,5.211
S11,S11_inst_11.txt,algo4,1818861.0,1818861.0,0.0,0.0,7560,0.034661,5.211
S11,S11_inst_11.txt,algo5,1818861.0,1818861.0,0.0,0.0,8550,0.133548,5.211
S11,S11_inst_11.txt,algo_union,1818861.0,1818861.0,0.0,0.0,7560,0.161748,5.211
S11,S11_inst_12.txt,algo1,1805945.0,1805945.0,0.0,0.0,7470,0.041398,5.246
S11,S11_inst_12.txt,algo2,1805945.0,1805945.0,0.0,0.0,8640,0.765126,5.246
S11,S11_inst_12.txt,algo3,1805945.0,1805945.0,0.0,0.0,7470,10.015133,5.246
S11,S11_inst_12.txt,algo4,1805945.0,1805945.0,0.0,0.0,7470,9.966954,5.246
S11,S11_inst_12.txt,algo5,1805945.0,1805945.0,0.0,0.0,8370,0.408693,5.246
S11,S11_inst_12.txt,algo_union,1805945.0,1805945.0,0.0,0.0,7470,10.260283,5.246
S11,S11_inst_13.txt,algo1,1989632.0,1989632.0,0.0,0.0,7740,0.034992,5.520
S11,S11_inst_13.txt,algo2,1989632.0,1989632.0,0.0,0.0,9000,0.810353,5.520
S11,S11_inst_13.txt,algo3,1989632.0,1989632.0,0.0,0.0,7740,10.013329,5.520
S11,S11_inst_13.txt,algo4,1989632.0,1989632.0,0.0,0.0,7740,0.052603,5.520
S11,S11_inst_13.txt,algo5,1989632.0,1989632.0,0.0,0.0,8460,0.140002,5.520
S11,S11_inst_13.txt,algo_union,1989632.0,1989632.0,0.0,0.0,7740,0.141043,5.520
S11,S11_inst_14.txt,algo1,2024487.0,2024487.0,0.0,0.0,7110,0.042558,4.520
S11,S11_inst_14.txt,algo2,2024487.0,2024487.0,0.0,0.0,9000,0.843650,4.520
S11,S11_inst_14.txt,algo3,2024487.0,2024487.0,0.0,0.0,7110,10.022390,4.520
S11,S11_inst_14.txt,algo4,2024487.0,2024487.0,0.0,0.0,7110,0.029306,4.520
S11,S11_inst_14.txt,algo5,2024487.0,2024487.0,0.0,0.0,8190,0.174520,4.520
S11,S11_inst_14.txt,algo_union,2024487.0,2024487.0,0.0,0.0,7110,0.099864,4.520
S11,S11_inst_15.txt,algo1,1882982.0,1882982.0,0.0,0.0,7740,0.041489,5.524
S11,S11_inst_15.txt,algo2,1882982.0,1882982.0,0.0,0.0,9000,0.730779,5.524
S11,S11_inst_15.txt,algo3,1882982.0,1882982.0,0.0,0.0,7740,10.012982,5.524
S11,S11_inst_15.txt,algo4,1882982.0,1882982.0,0.0,0.0,7740,0.035840,5.524
S11,S11_inst_15.txt,algo5,1882982.0,1882982.0,0.0,0.0,8190,0.153640,5.524
S11,S11_inst_15.txt,algo_union,1882982.0,1882982.0,0.0,0.0,7740,0.146241,5.524
S11,S11_inst_16.txt,algo1,2013747.0,2013747.0,0.0,0.0,7560,0.241395,5.600
S11,S11_inst_16.txt,algo2,2013747.0,2013747.0,0.0,0.0,8730,0.665480,5.600
S11,S11_inst_16.txt,algo3,2013747.0,2013747.0,0.0,0.0,7560,10.020638,5.600
S11,S11_inst_16.txt,algo4,2013747.0,2013747.0,0.0,0.0,7560,0.035863,5.600
S11,S11_inst_16.txt,algo5,2013747.0,2013747.0,0.0,0.0,8820,0.299302,5.600
S11,S11_inst_16.txt,algo_union,2013747.0,2013747.0,0.0,0.0,7560,0.155851,5.600
S11,S11_inst_17.txt,algo1,1783499.0,1783499.0,0.0,0.0,7110,0.100589,5.080
S11,S11_inst_17.txt,algo2,1783499.0,1783499.0,0.0,0.0,8640,0.764063,5.080
S11,S11_inst_17.txt,algo3,1783499.0,1783499.0,0.0,0.0,7110,10.027444,5.080
S11,S11_inst_17.txt,algo4,1783499.0,1783499.0,0.0,0.0,7110,0.034988,5.080
S11,S11_inst_17.txt,algo5,1783499.0,1783499.0,0.0,0.0,8190,0.138686,5.080
S11,S11_inst_17.txt,algo_union,1783499.0,1783499.0,0.0,0.0,7110,0.102083,5.080
S11,S11_inst_18.txt,algo1,1674394.0,1674394.0,0.0,0.0,7110,0.033322,5.208
S11,S11_inst_18.txt,algo2,1674394.0,1674394.0,0.0,0.0,8820,0.686527,5.208
S11,S11_inst_18.txt,algo3,1674394.0,1674394.0,0.0,0.0,7110,10.014718,5.208
S11,S11_inst_18.txt,algo4,1674394.0,1674394.0,0.0,0.0,7110,0.035060,5.208
S11,S11_inst_18.txt,algo5,1674394.0,1674394.0,0.0,0.0,8100,0.120881,5.208
S11,S11_inst_18.txt,algo_union,1674394.0,1674394.0,0.0,0.0,7110,0.144136,5.208
S11,S11_inst_19.txt,algo1,2135961.0,2135961.0,0.0,0.0,7830,0.307739,5.305
S11,S11_inst_19.txt,algo2,2135961.0,2135961.0,0.0,0.0,8910,0.872048,5.305
S11,S11_inst_19.txt,algo3,2135961.0,2135961.0,0.0,0.0,7830,10.020608,5.305
S11,S11_inst_19.txt,algo4,2135961.0,2135961.0,0.0,0.0,7830,0.042659,5.305
S11,S11_inst_19.txt,algo5,2135961.0,2135961.0,0.0,0.0,8460,0.106018,5.305
S11,S11_inst_19.txt,algo_union,2135961.0,2135961.0,0.0,0.0,7830,0.122957,5.305
S11,S11_inst_20.txt,algo1,1932373.0,1932373.0,0.0,0.0,7830,0.024633,5.323
S11,S11_inst_20.txt,algo2,1932373.0,1932373.0,0.0,0.0,8820,0.854590,5.323
S11,S11_inst_20.txt,algo3,1932373.0,1932373.0,0.0,0.0,7830,10.022025,5.323
S11,S11_inst_20.txt,algo4,1932373.0,1932373.0,0.0,0.0,7830,0.048967,5.323
S11,S11_inst_20.txt,algo5,1932373.0,1932373.0,0.0,0.0,8460,0.078751,5.323
S11,S11_inst_20.txt,algo_union,1932373.0,1932373.0,0.0,0.0,7830,0.125935,5.323
S11,S11_inst_21.txt,algo1,1959764.0,1959764.0,0.0,0.0,7740,0.024258,5.334
S11,S11_inst_21.txt,algo2,1959764.0,1959764.0,0.0,0.0,8910,0.872586,5.334
S11,S11_inst_21.txt,algo3,1959764.0,1959764.0,0.0,0.0,7740,10.015739,5.334
S11,S11_inst_21.txt,algo4,1959764.0,1959764.0,0.0,0.0,7740,0.051996,5.334
S11,S11_inst_21.txt,algo5,1959764.0,1959764.0,0.0,0.0,8190,0.099159,5.334
S11,S11_inst_21.txt,algo_union,1959764.0,1959764.0,0.0,0.0,7740,0.133769,5.334
S11,S11_inst_22.txt,algo1,1818604.0,1818604.0,0.0,0.0,7110,0.022808,5.548
S11,S11_inst_22.txt,algo2,1818604.0,1818604.0,0.0,0.0,8550,0.905686,5.548
S11,S11_inst_22.txt,algo3,1818604.0,1818604.0,0.0,0.0,7110,10.016608,5.548
S11,S11_inst_22.txt,algo4,1818604.0,1818604.0,0.0,0.0,7110,0.046862,5.548
S11,S11_inst_22.txt,algo5,1818604.0,1818604.0,0.0,0.0,8460,0.135557,5.548
S11,S11_inst_22.txt,algo_union,1818604.0,1818604.0,0.0,0.0,7110,0.202005,5.548
S11,S11_inst_23.txt,algo1,1932888.0,1932888.0,0.0,0.0,7200,0.026640,4.939
S11,S11_inst_23.txt,algo2,1932888.0,1932888.0,0.0,0.0,8910,0.799291,4.939
S11,S11_inst_23.txt,algo3,1932888.0,1932888.0,0.0,0.0,7200,10.024143,4.939
S11,S11_inst_23.txt,algo4,1932888.0,1932888.0,0.0,0.0,7200,9.967822,4.939
S11,S11_inst_23.txt,algo5,1932888.0,1932888.0,0.0,0.0,8370,0.336938,4.939
S11,S11_inst_23.txt,algo_union,1932888.0,1932888.0,0.0,0.0,7200,10.311930,4.939
S11,S11_inst_24.txt,algo1,1758533.0,1758533.0,0.0,0.0,7740,0.037736,4.968
S11,S11_inst_24.txt,algo2,1758533.0,1758533.0,0.0,0.0,9000,0.853301,4.968
S11,S11_inst_24.txt,algo3,1758533.0,1758533.0,0.0,0.0,7740,10.022979,4.968
S11,S11_inst_24.txt,algo4,1758533.0,1758533.0,0.0,0.0,7740,0.043690,4.968
S11,S11_inst_24.txt,algo5,1758533.0,1758533.0,0.0,0.0,8280,0.107700,4.968
S11,S11_inst_24.txt,algo_union,1758533.0,1758533.0,0.0,0.0,7740,0.123666,4.968
S11,S11_inst_25.txt,algo1,1927827.0,1927827.0,0.0,0.0,7470,0.029701,5.244
S11,S11_inst_25.txt,algo2,1927827.0,1927827.0,0.0,0.0,8820,0.878967,5.244
S11,S11_inst_25.txt,algo3,1927827.0,1927827.0,0.0,0.0,7470,10.023359,5.244
S11,S11_inst_25.txt,algo4,1927827.0,1927827.0,0.0,0.0,7470,0.043194,5.244
S11,S11_inst_25.txt,algo5,1927827.0,1927827.0,0.0,0.0,8100,0.113272,5.244
S11,S11_inst_25.txt,algo_union,1927827.0,1927827.0,0.0,0.0,7470,0.206317,5.244
S11,S11_inst_26.txt,algo1,2008750.0,2008750.0,0.0,0.0,7380,0.022530,5.439
S11,S11_inst_26.txt,algo2,2008750.0,2008750.0,0.0,0.0,9000,0.856481,5.439
S11,S11_inst_26.txt,algo3,2008750.0,2008750.0,0.0,0.0,7380,10.022557,5.439
S11,S11_inst_26.txt,algo4,2008750.0,2008750.0,0.0,0.0,7380,0.041095,5.439
S11,S11_inst_26.txt,algo5,2008750.0,2008750.0,0.0,0.0,8010,0.114380,5.439
S11,S11_inst_26.txt,algo_union,2008750.0,2008750.0,0.0,0.0,7380,0.163695,5.439
S11,S11_inst_27.txt,algo1,1704023.0,1704023.0,0.0,0.0,7380,0.027187,5.606
S11,S11_inst_27.txt,algo2,1704023.0,1704023.0,0.0,0.0,9000,0.865045,5.606
S11,S11_inst_27.txt,algo3,1704023.0,1704023.0,0.0,0.0,7380,10.022851,5.606
S11,S11_inst_27.txt,algo4,1704023.0,1704023.0,0.0,0.0,7380,0.025623,5.606
S11,S11_inst_27.txt,algo5,1704023.0,1704023.0,0.0,0.0,8190,0.065500,5.606
S11,S11_inst_27.txt,algo_union,1704023.0,1704023.0,0.0,0.0,7380,0.125615,5.606
S11,S11_inst_28.txt,algo1,1894397.0,1894397.0,0.0,0.0,7380,0.023964,5.396
S11,S11_inst_28.txt,algo2,1894397.0,1894397.0,0.0,0.0,9000,0.550437,5.396
S11,S11_inst_28.txt,algo3,1894397.0,1894397.0,0.0,0.0,7380,10.012648,5.396
S11,S11_inst_28.txt,algo4,1894397.0,1894397.0,0.0,0.0,7380,0.046458,5.396
S11,S11_inst_28.txt,algo5,1894397.0,1894397.0,0.0,0.0,8640,0.164864,5.396
S11,S11_inst_28.txt,algo_union,1894397.0,1894397.0,0.0,0.0,7380,0.267321,5.396
S11,S11_inst_29.txt,algo1,1795822.0,1795822.0,0.0,0.0,7560,0.023471,5.432
S11,S11_inst_29.txt,algo2,1795822.0,1795822.0,0.0,0.0,9000,0.905193,5.432
S11,S11_inst_29.txt,algo3,1795822.0,1795822.0,0.0,0.0,7560,10.019596,5.432
S11,S11_inst_29.txt,algo4,1795822.0,1795822.0,0.0,0.0,7560,0.057213,5.432
S11,S11_inst_29.txt,algo5,1795822.0,1795822.0,0.0,0.0,8190,0.070617,5.432
S11,S11_inst_29.txt,algo_union,1795822.0,1795822.0,0.0,0.0,7560,0.137581,5.432
S11,S11_inst_30.txt,algo1,2201391.0,2201391.0,0.0,0.0,7380,0.026590,5.092
S11,S11_inst_30.txt,algo2,2201391.0,2201391.0,0.0,0.0,8910,0.859643,5.092
S11,S11_inst_30.txt,algo3,2201391.0,2201391.0,0.0,0.0,7380,10.019364,5.092
S11,S11_inst_30.txt,algo4,2201391.0,2201391.0,0.0,0.0,7380,0.042797,5.092
S11,S11_inst_30.txt,algo5,2201391.0,2201391.0,0.0,0.0,8010,0.110544,5.092
S11,S11_inst_30.txt,algo_union,2201391.0,2201391.0,0.0,0.0,7380,0.203269,5.092
S12,S12_inst_01.txt,algo1,-3103563.0,-3103563.0,0.0,0.0,0,0.010349,6.627
S12,S12_inst_01.txt,algo2,-3103563.0,-3103563.0,0.0,0.0,0,1.871138,6.627
S12,S12_inst_01.txt,algo3,-3103563.0,-3103563.0,0.0,0.0,0,10.025364,6.627
S12,S12_inst_01.txt,algo4,-3103563.0,-3103563.0,0.0,0.0,0,9.984245,6.627
S12,S12_inst_01.txt,algo5,-3103563.0,-3103563.0,0.0,0.0,0,0.412515,6.627
S12,S12_inst_01.txt,algo_union,-3103563.0,-3103563.0,0.0,0.0,0,10.175399,6.627
S12,S12_inst_02.txt,algo1,-2873641.0,-2873641.0,0.0,0.0,0,0.014647,6.753
S12,S12_inst_02.txt,algo2,-2873641.0,-2873641.0,0.0,0.0,0,2.080900,6.753
S12,S12_inst_02.txt,algo3,-2873641.0,-2873641.0,0.0,0.0,0,10.014044,6.753
S12,S12_inst_02.txt,algo4,-2873641.0,-2873641.0,0.0,0.0,0,9.964943,6.753
S12,S12_inst_02.txt,algo5,-2873641.0,-2873641.0,0.0,0.0,0,1.471175,6.753
S12,S12_inst_02.txt,algo_union,-2873641.0,-2873641.0,0.0,0.0,0,10.294253,6.753
S12,S12_inst_03.txt,algo1,-3019615.0,-3019615.0,0.0,0.0,0,0.025828,7.281
S12,S12_inst_03.txt,algo2,-3019615.0,-3019615.0,0.0,0.0,0,2.344994,7.281
S12,S12_inst_03.txt,algo3,-3019615.0,-3019615.0,0.0,0.0,0,10.017474,7.281
S12,S12_inst_03.txt,algo4,-3019615.0,-3019615.0,0.0,0.0,0,9.971989,7.281
S12,S12_inst_03.txt,algo5,-3019615.0,-3067273.0,47658.0,1.578281,0,0.723501,7.281
S12,S12_inst_03.txt,algo_union,-3019615.0,-3019615.0,0.0,0.0,0,10.292856,7.281
S12,S12_inst_04.txt,algo1,-3299890.0,-3299890.0,0.0,0.0,0,0.016804,6.765
S12,S12_inst_04.txt,algo2,-3299890.0,-3299890.0,0.0,0.0,0,2.107234,6.765
S12,S12_inst_04.txt,algo3,-3299890.0,-3299890.0,0.0,0.0,0,10.015943,6.765
S12,S12_inst_04.txt,algo4,-3299890.0,-3299890.0,0.0,0.0,0,9.973518,6.765
S12,S12_inst_04.txt,algo5,-3299890.0,-3299890.0,0.0,0.0,0,0.641142,6.765
S12,S12_inst_04.txt,algo_union,-3299890.0,-3299890.0,0.0,0.0,0,10.293153,6.765
S12,S12_inst_05.txt,algo1,-3069096.0,-3150525.0,81429.0,2.653192,0,0.013532,7.023
S12,S12_inst_05.txt,algo2,-3069096.0,-3069096.0,0.0,0.0,0,2.184057,7.023
S12,S12_inst_05.txt,algo3,-3069096.0,-3150525.0,81429.0,2.653192,0,10.014344,7.023
S12,S12_inst_05.txt,algo4,-3069096.0,-3069096.0,0.0,0.0,0,9.972891,7.023
S12,S12_inst_05.txt,algo5,-3069096.0,-3069096.0,0.0,0.0,0,0.595302,7.023
S12,S12_inst_05.txt,algo_union,-3069096.0,-3069096.0,0.0,0.0,0,10.306298,7.023
S12,S12_inst_06.txt,algo1,-3761072.0,-3761072.0,0.0,0.0,0,0.010377,5.795
S12,S12_inst_06.txt,algo2,-3761072.0,-3761072.0,0.0,0.0,0,1.900841,5.795
S12,S12_inst_06.txt,algo3,-3761072.0,-3761072.0,0.0,0.0,0,10.021485,5.795
S12,S12_inst_06.txt,algo4,-3761072.0,-3761072.0,0.0,0.0,0,9.977949,5.795
S12,S12_inst_06.txt,algo5,-3761072.0,-3761072.0,0.0,0.0,0,1.231816,5.795
S12,S12_inst_06.txt,algo_union,-3761072.0,-3761072.0,0.0,0.0,0,10.167558,5.795
S12,S12_inst_07.txt,algo1,-2478421.0,-2478421.0,0.0,0.0,0,0.018628,6.832
S12,S12_inst_07.txt,algo2,-2478421.0,-2478421.0,0.0,0.0,0,2.069310,6.832
S12,S12_inst_07.txt,algo3,-2478421.0,-2478421.0,0.0,0.0,0,10.014785,6.832
S12,S12_inst_07.txt,algo4,-2478421.0,-2478421.0,0.0,0.0,0,9.966225,6.832
S12,S12_inst_07.txt,algo5,-2478421.0,-2478421.0,0.0,0.0,0,0.777561,6.832
S12,S12_inst_07.txt,algo_union,-2478421.0,-2478421.0,0.0,0.0,0,10.237486,6.832
S12,S12_inst_08.txt,algo1,-2505725.0,-2822999.0,317274.0,12.661964,0,0.010620,6.706
S12,S12_inst_08.txt,algo2,-2505725.0,-2568800.0,63075.0,2.517236,0,1.763885,6.706
S12,S12_inst_08.txt,algo3,-2505725.0,-2822999.0,317274.0,12.661964,0,10.011905,6.706
S12,S12_inst_08.txt,algo4,-2505725.0,-2615312.0,109587.0,4.373465,0,9.969612,6.706
S12,S12_inst_08.txt,algo5,-2505725.0,-2615312.0,109587.0,4.373465,0,0.838785,6.706
S12,S12_inst_08.txt,algo_union,-2505725.0,-2615312.0,109587.0,4.373465,0,10.291788,6.706
S12,S12_inst_09.txt,algo1,-2498244.0,-2605260.0,107016.0,4.283649,0,0.016194,8.047
S12,S12_inst_09.txt,algo2,-2498244.0,-2498244.0,0.0,0.0,0,1.913379,8.047
S12,S12_inst_09.txt,algo3,-2498244.0,-2605260.0,107016.0,4.283649,0,10.022663,8.047
S12,S12_inst_09.txt,algo4,-2498244.0,-2498244.0,0.0,0.0,0,9.979998,8.047
S12,S12_inst_09.txt,algo5,-2498244.0,-2650836.0,152592.0,6.10797,0,0.562721,8.047
S12,S12_inst_09.txt,algo_union,-2498244.0,-2498244.0,0.0,0.0,0,10.373196,8.047
S12,S12_inst_10.txt,algo1,-3545469.0,-3545469.0,0.0,0.0,0,0.010315,6.658
S12,S12_inst_10.txt,algo2,-3545469.0,-3545469.0,0.0,0.0,0,2.086482,6.658
S12,S12_inst_10.txt,algo3,-3545469.0,-3545469.0,0.0,0.0,0,10.013963,6.658
S12,S12_inst_10.txt,algo4,-3545469.0,-3545469.0,0.0,0.0,0,9.971440,6.658
S12,S12_inst_10.txt,algo5,-3545469.0,-3545469.0,0.0,0.0,0,1.207305,6.658
S12,S12_inst_10.txt,algo_union,-3545469.0,-3545469.0,0.0,0.0,0,10.275772,6.658
S12,S12_inst_11.txt,algo1,-2980456.0,-3053266.0,72810.0,2.442915,0,0.029223,7.295
S12,S12_inst_11.txt,algo2,-2980456.0,-2980456.0,0.0,0.0,0,1.944579,7.295
S12,S12_inst_11.txt,algo3,-2980456.0,-3053266.0,72810.0,2.442915,0,10.016741,7.295
S12,S12_inst_11.txt,algo4,-2980456.0,-2980456.0,0.0,0.0,0,9.971224,7.295
S12,S12_inst_11.txt,algo5,-2980456.0,-2980456.0,0.0,0.0,0,0.741403,7.295
S12,S12_inst_11.txt,algo_union,-2980456.0,-2980456.0,0.0,0.0,0,10.173190,7.295
S12,S12_inst_12.txt,algo1,-2413750.0,-2413750.0,0.0,0.0,0,0.011648,5.787
S12,S12_inst_12.txt,algo2,-2413750.0,-2413750.0,0.0,0.0,0,1.872031,5.787
S12,S12_inst_12.txt,algo3,-2413750.0,-2413750.0,0.0,0.0,0,10.018651,5.787
S12,S12_inst_12.txt,algo4,-2413750.0,-2413750.0,0.0,0.0,0,9.966153,5.787
S12,S12_inst_12.txt,algo5,-2413750.0,-2413750.0,0.0,0.0,0,0.757616,5.787
S12,S12_inst_12.txt,algo_union,-2413750.0,-2413750.0,0.0,0.0,0,10.185306,5.787
S12,S12_inst_13.txt,algo1,-2537116.0,-2537116.0,0.0,0.0,0,0.009627,6.866
S12,S12_inst_13.txt,algo2,-2537116.0,-2537116.0,0.0,0.0,0,1.947441,6.866
S12,S12_inst_13.txt,algo3,-2537116.0,-2537116.0,0.0,0.0,0,10.014323,6.866
S12,S12_inst_13.txt,algo4,-2537116.0,-2537116.0,0.0,0.0,0,9.981122,6.866
S12,S12_inst_13.txt,algo5,-2537116.0,-2537116.0,0.0,0.0,0,0.519767,6.866
S12,S12_inst_13.txt,algo_union,-2537116.0,-2537116.0,0.0,0.0,0,10.231453,6.866
S12,S12_inst_14.txt,algo1,-3056212.0,-3100438.0,44226.0,1.447085,0,0.009952,7.208
S12,S12_inst_14.txt,algo2,-3056212.0,-3056212.0,0.0,0.0,0,2.196751,7.208
S12,S12_inst_14.txt,algo3,-3056212.0,-3100438.0,44226.0,1.447085,0,10.022543,7.208
S12,S12_inst_14.txt,algo4,-3056212.0,-3056212.0,0.0,0.0,0,9.985802,7.208
S12,S12_inst_14.txt,algo5,-3056212.0,-3056212.0,0.0,0.0,0,0.398820,7.208
S12,S12_inst_14.txt,algo_union,-3056212.0,-3056212.0,0.0,0.0,0,10.185948,7.208
S12,S12_inst_15.txt,algo1,-3240742.0,-3310492.0,69750.0,2.152285,0,0.012187,6.483
S12,S12_inst_15.txt,algo2,-3240742.0,-3240742.0,0.0,0.0,0,2.155639,6.483
S12,S12_inst_15.txt,algo3,-3240742.0,-3310492.0,69750.0,2.152285,0,10.012871,6.483
S12,S12_inst_15.txt,algo4,-3240742.0,-3310492.0,69750.0,2.152285,0,9.984236,6.483
S12,S12_inst_15.txt,algo5,-3240742.0,-3310492.0,69750.0,2.152285,0,0.710021,6.483
S12,S12_inst_15.txt,algo_union,-3240742.0,-3310492.0,69750.0,2.152285,0,10.185504,6.483
S12,S12_inst_16.txt,algo1,-3437939.0,-3437939.0,0.0,0.0,0,0.010633,6.559
S12,S12_inst_16.txt,algo2,-3437939.0,-3437939.0,0.0,0.0,0,1.876393,6.559
S12,S12_inst_16.txt,algo3,-3437939.0,-3437939.0,0.0,0.0,0,10.013109,6.559
S12,S12_inst_16.txt,algo4,-3437939.0,-3437939.0,0.0,0.0,0,9.977131,6.559
S12,S12_inst_16.txt,algo5,-3437939.0,-3437939.0,0.0,0.0,0,0.871514,6.559
S12,S12_inst_16.txt,algo_union,-3437939.0,-3437939.0,0.0,0.0,0,10.118503,6.559
S12,S12_inst_17.txt,algo1,-2858202.0,-2858202.0,0.0,0.0,0,0.020365,7.126
S12,S12_inst_17.txt,algo2,-2858202.0,-2858202.0,0.0,0.0,0,1.987475,7.126
S12,S12_inst_17.txt,algo3,-2858202.0,-2858202.0,0.0,0.0,0,10.013658,7.126
S12,S12_inst_17.txt,algo4,-2858202.0,-2858202.0,0.0,0.0,0,9.967058,7.126
S12,S12_inst_17.txt,algo5,-2858202.0,-2858202.0,0.0,0.0,0,0.502548,7.126
S12,S12_inst_17.txt,algo_union,-2858202.0,-2858202.0,0.0,0.0,0,10.169807,7.126
S12,S12_inst_18.txt,algo1,-2605298.0,-2621912.0,16614.0,0.637701,0,0.009996,6.870
S12,S12_inst_18.txt,algo2,-2605298.0,-2605298.0,0.0,0.0,0,2.140463,6.870
S12,S12_inst_18.txt,algo3,-2605298.0,-2621912.0,16614.0,0.637701,0,10.014308,6.870
S12,S12_inst_18.txt,algo4,-2605298.0,-2605298.0,0.0,0.0,0,9.965893,6.870
S12,S12_inst_18.txt,algo5,-2605298.0,-2605298.0,0.0,0.0,0,0.431974,6.870
S12,S12_inst_18.txt,algo_union,-2605298.0,-2605298.0,0.0,0.0,0,10.194964,6.870
S12,S12_inst_19.txt,algo1,-2953975.0,-2953975.0,0.0,0.0,0,0.014664,7.066
S12,S12_inst_19.txt,algo2,-2953975.0,-2953975.0,0.0,0.0,0,1.520633,7.066
S12,S12_inst_19.txt,algo3,-2953975.0,-2953975.0,0.0,0.0,0,10.012457,7.066
S12,S12_inst_19.txt,algo4,-2953975.0,-2953975.0,0.0,0.0,0,9.970516,7.066
S12,S12_inst_19.txt,algo5,-2953975.0,-2953975.0,0.0,0.0,0,0.533380,7.066
S12,S12_inst_19.txt,algo_union,-2953975.0,-2953975.0,0.0,0.0,0,10.203729,7.066
S12,S12_inst_20.txt,algo1,-2791556.0,-2791556.0,0.0,0.0,0,0.010430,6.265
S12,S12_inst_20.txt,algo2,-2791556.0,-2791556.0,0.0,0.0,0,2.002917,6.265
S12,S12_inst_20.txt,algo3,-2791556.0,-2791556.0,0.0,0.0,0,10.016507,6.265
S12,S12_inst_20.txt,algo4,-2791556.0,-2791556.0,0.0,0.0,0,9.967930,6.265
S12,S12_inst_20.txt,algo5,-2791556.0,-2791556.0,0.0,0.0,0,0.800022,6.265
S12,S12_inst_20.txt,algo_union,-2791556.0,-2791556.0,0.0,0.0,0,10.178962,6.265
S12,S12_inst_21.txt,algo1,-2396915.0,-2545667.0,148752.0,6.205977,0,0.026929,6.099
S12,S12_inst_21.txt,algo2,-2396915.0,-2396915.0,0.0,0.0,0,1.699912,6.099
S12,S12_inst_21.txt,algo3,-2396915.0,-2545667.0,148752.0,6.205977,0,10.025169,6.099
S12,S12_inst_21.txt,algo4,-2396915.0,-2396915.0,0.0,0.0,0,9.974313,6.099
S12,S12_inst_21.txt,algo5,-2396915.0,-2396915.0,0.0,0.0,0,0.803951,6.099
S12,S12_inst_21.txt,algo_union,-2396915.0,-2396915.0,0.0,0.0,0,10.155155,6.099
S12,S12_inst_22.txt,algo1,-3268682.0,-3268682.0,0.0,0.0,0,0.049321,7.014
S12,S12_inst_22.txt,algo2,-3268682.0,-3268682.0,0.0,0.0,0,1.979848,7.014
S12,S12_inst_22.txt,algo3,-3268682.0,-3268682.0,0.0,0.0,0,10.014807,7.014
S12,S12_inst_22.txt,algo4,-3268682.0,-3268682.0,0.0,0.0,0,9.965006,7.014
S12,S12_inst_22.txt,algo5,-3268682.0,-3268682.0,0.0,0.0,0,0.977983,7.014
S12,S12_inst_22.txt,algo_union,-3268682.0,-3268682.0,0.0,0.0,0,10.165843,7.014
S12,S12_inst_23.txt,algo1,-3100879.0,-3200563.0,99684.0,3.214701,0,0.014187,7.598
S12,S12_inst_23.txt,algo2,-3100879.0,-3100879.0,0.0,0.0,0,1.775834,7.598
S12,S12_inst_23.txt,algo3,-3100879.0,-3200563.0,99684.0,3.214701,0,9.848550,7.598
S12,S12_inst_23.txt,algo4,-3100879.0,-3100879.0,0.0,0.0,0,9.972756,7.598
S12,S12_inst_23.txt,algo5,-3100879.0,-3100879.0,0.0,0.0,0,0.706037,7.598
S12,S12_inst_23.txt,algo_union,-3100879.0,-3100879.0,0.0,0.0,0,10.220810,7.598
S12,S12_inst_24.txt,algo1,-2066751.0,-2144079.0,77328.0,3.741525,0,0.010461,7.491
S12,S12_inst_24.txt,algo2,-2066751.0,-2066751.0,0.0,0.0,0,1.701014,7.491
S12,S12_inst_24.txt,algo3,-2066751.0,-2144079.0,77328.0,3.741525,0,10.014402,7.491
S12,S12_inst_24.txt,algo4,-2066751.0,-2144079.0,77328.0,3.741525,0,9.977890,7.491
S12,S12_inst_24.txt,algo5,-2066751.0,-2144079.0,77328.0,3.741525,0,0.610026,7.491
S12,S12_inst_24.txt,algo_union,-2066751.0,-2144079.0,77328.0,3.741525,0,10.420002,7.491
S12,S12_inst_25.txt,algo1,-3459513.0,-3653550.0,194037.0,5.608795,0,0.009920,9.878
S12,S12_inst_25.txt,algo2,-3459513.0,-3459513.0,0.0,0.0,0,2.110808,9.878
S12,S12_inst_25.txt,algo3,-3459513.0,-3653550.0,194037.0,5.608795,0,10.014183,9.878
S12,S12_inst_25.txt,algo4,-3459513.0,-3459513.0,0.0,0.0,0,9.977756,9.878
S12,S12_inst_25.txt,algo5,-3459513.0,-3459513.0,0.0,0.0,0,0.558850,9.878
S12,S12_inst_25.txt,algo_union,-3459513.0,-3459513.0,0.0,0.0,0,10.199197,9.878
S12,S12_inst_26.txt,algo1,-2891986.0,-2891986.0,0.0,0.0,0,0.010556,7.056
S12,S12_inst_26.txt,algo2,-2891986.0,-2891986.0,0.0,0.0,0,2.236468,7.056
S12,S12_inst_26.txt,algo3,-2891986.0,-2891986.0,0.0,0.0,0,10.015368,7.056
S12,S12_inst_26.txt,algo4,-2891986.0,-2891986.0,0.0,0.0,0,9.975372,7.056
S12,S12_inst_26.txt,algo5,-2891986.0,-2891986.0,0.0,0.0,0,1.126972,7.056
S12,S12_inst_26.txt,algo_union,-2891986.0,-2891986.0,0.0,0.0,0,10.223145,7.056
S12,S12_inst_27.txt,algo1,-2921605.0,-2921605.0,0.0,0.0,0,0.060094,8.166
S12,S12_inst_27.txt,algo2,-2921605.0,-2921605.0,0.0,0.0,0,2.329408,8.166
S12,S12_inst_27.txt,algo3,-2921605.0,-2921605.0,0.0,0.0,0,10.013822,8.166
S12,S12_inst_27.txt,algo4,-2921605.0,-2921605.0,0.0,0.0,0,9.972788,8.166
S12,S12_inst_27.txt,algo5,-2921605.0,-2921605.0,0.0,0.0,0,0.846086,8.166
S12,S12_inst_27.txt,algo_union,-2921605.0,-2921605.0,0.0,0.0,0,10.359741,8.166
S12,S12_inst_28.txt,algo1,-2827262.0,-2838350.0,11088.0,0.392182,0,0.013224,6.491
S12,S12_inst_28.txt,algo2,-2827262.0,-2827262.0,0.0,0.0,0,1.644068,6.491
S12,S12_inst_28.txt,algo3,-2827262.0,-2838350.0,11088.0,0.392182,0,10.014336,6.491
S12,S12_inst_28.txt,algo4,-2827262.0,-2838350.0,11088.0,0.392182,0,9.969758,6.491
S12,S12_inst_28.txt,algo5,-2827262.0,-2827262.0,0.0,0.0,0,0.745522,6.491
S12,S12_inst_28.txt,algo_union,-2827262.0,-2827262.0,0.0,0.0,0,10.193367,6.491
S12,S12_inst_29.txt,algo1,-2093816.0,-2118554.0,24738.0,1.181479,0,0.009782,7.342
S12,S12_inst_29.txt,algo2,-2093816.0,-2093816.0,0.0,0.0,0,1.625830,7.342
S12,S12_inst_29.txt,algo3,-2093816.0,-2118554.0,24738.0,1.181479,0,10.014247,7.342
S12,S12_inst_29.txt,algo4,-2093816.0,-2118554.0,24738.0,1.181479,0,9.976608,7.342
S12,S12_inst_29.txt,algo5,-2093816.0,-2118554.0,24738.0,1.181479,0,0.765084,7.342
S12,S12_inst_29.txt,algo_union,-2093816.0,-2118554.0,24738.0,1.181479,0,10.158894,7.342
S12,S12_inst_30.txt,algo1,-2814337.0,-2825113.0,10776.0,0.382897,0,0.016141,8.408
S12,S12_inst_30.txt,algo2,-2814337.0,-2814337.0,0.0,0.0,0,1.865400,8.408
S12,S12_inst_30.txt,algo3,-2814337.0,-2825113.0,10776.0,0.382897,0,10.018557,8.408
S12,S12_inst_30.txt,algo4,-2814337.0,-2825113.0,10776.0,0.382897,0,9.965427,8.408
S12,S12_inst_30.txt,algo5,-2814337.0,-2825113.0,10776.0,0.382897,0,0.497841,8.408
S12,S12_inst_30.txt,algo_union,-2814337.0,-2825113.0,10776.0,0.382897,0,10.233832,8.408
S13,S13_inst_01.txt,algo1,-668899.0,-910498.0,241599.0,36.118906,1890,0.015863,6.838
S13,S13_inst_01.txt,algo2,-668899.0,-913693.0,244794.0,36.596556,1890,1.928022,6.838
S13,S13_inst_01.txt,algo3,-668899.0,-910498.0,241599.0,36.118906,1890,10.021778,6.838
S13,S13_inst_01.txt,algo4,-668899.0,-671833.0,2934.0,0.438631,1890,9.977789,6.838
S13,S13_inst_01.txt,algo5,-668899.0,-1867822.0,1198923.0,179.238271,1890,1.267590,6.838
S13,S13_inst_01.txt,algo_union,-668899.0,-671833.0,2934.0,0.438631,1890,10.393629,6.838
S13,S13_inst_02.txt,algo1,555142.0,456289.0,98853.0,17.806795,2970,0.027649,6.895
S13,S13_inst_02.txt,algo2,555142.0,24772.0,530370.0,95.537718,2970,1.652218,6.895
S13,S13_inst_02.txt,algo3,555142.0,456289.0,98853.0,17.806795,2970,10.016013,6.895
S13,S13_inst_02.txt,algo4,555142.0,555142.0,0.0,0.0,2970,9.980604,6.895
S13,S13_inst_02.txt,algo5,555142.0,17614.0,537528.0,96.827118,2970,0.716074,6.895
S13,S13_inst_02.txt,algo_union,555142.0,555142.0,0.0,0.0,2970,10.497486,6.895
S13,S13_inst_03.txt,algo1,-50756.0,-292373.0,241617.0,476.036331,1980,0.015579,7.387
S13,S13_inst_03.txt,algo2,-50756.0,-440186.0,389430.0,767.259043,1980,1.656831,7.387
S13,S13_inst_03.txt,algo3,-50756.0,-292373.0,241617.0,476.036331,1980,10.009639,7.387
S13,S13_inst_03.txt,algo4,-50756.0,-121916.0,71160.0,140.200173,1980,9.972366,7.387
S13,S13_inst_03.txt,algo5,-50756.0,-696902.0,646146.0,1273.043581,1980,0.559176,7.387
S13,S13_inst_03.txt,algo_union,-50756.0,-121916.0,71160.0,140.200173,1980,10.280116,7.387
S13,S13_inst_04.txt,algo1,-1859256.0,-1938915.0,79659.0,4.284456,900,0.013954,6.787
S13,S13_inst_04.txt,algo2,-1859256.0,-2017929.0,158673.0,8.53422,900,1.747760,6.787
S13,S13_inst_04.txt,algo3,-1859256.0,-1938915.0,79659.0,4.284456,900,10.013228,6.787
S13,S13_inst_04.txt,algo4,-1859256.0,-1905822.0,46566.0,2.50455,900,9.978267,6.787
S13,S13_inst_04.txt,algo5,-1859256.0,-2264979.0,405723.0,21.821793,900,0.560204,6.787
S13,S13_inst_04.txt,algo_union,-1859256.0,-1905822.0,46566.0,2.50455,900,10.147701,6.787
S13,S13_inst_05.txt,algo1,435280.0,271057.0,164223.0,37.728129,2610,0.015314,7.664
S13,S13_inst_05.txt,algo2,435280.0,60478.0,374802.0,86.105955,2610,1.386790,7.664
S13,S13_inst_05.txt,algo3,435280.0,293728.0,141552.0,32.519757,2520,10.010556,7.664
S13,S13_inst_05.txt,algo4,435280.0,382081.0,53199.0,12.221788,2610,9.973870,7.664
S13,S13_inst_05.txt,algo5,435280.0,-689975.0,1125255.0,258.512911,2610,0.676688,7.664
S13,S13_inst_05.txt,algo_union,435280.0,382081.0,53199.0,12.221788,2610,10.473962,7.664
S13,S13_inst_06.txt,algo1,755894.0,461969.0,293925.0,38.88442,2700,0.020419,7.400
S13,S13_inst_06.txt,algo2,755894.0,-156424.0,912318.0,120.693907,2700,1.728763,7.400
S13,S13_inst_06.txt,algo3,755894.0,461969.0,293925.0,38.88442,2700,10.018645,7.400
S13,S13_inst_06.txt,algo4,755894.0,755894.0,0.0,0.0,2700,9.980728,7.400
S13,S13_inst_06.txt,algo5,755894.0,-199807.0,955701.0,126.433204,2700,1.466356,7.400
S13,S13_inst_06.txt,algo_union,755894.0,755894.0,0.0,0.0,2700,10.444872,7.400
S13,S13_inst_07.txt,algo1,-261895.0,-546001.0,284106.0,108.48088,1260,0.014372,7.707
S13,S13_inst_07.txt,algo2,-261895.0,-730477.0,468582.0,178.919796,1260,1.959260,7.707
S13,S13_inst_07.txt,algo3,-261895.0,-546001.0,284106.0,108.48088,1260,10.019249,7.707
S13,S13_inst_07.txt,algo4,-261895.0,-351181.0,89286.0,34.092289,1260,9.993111,7.707
S13,S13_inst_07.txt,algo5,-261895.0,-923206.0,661311.0,252.509975,1260,0.455254,7.707
S13,S13_inst_07.txt,algo_union,-261895.0,-351181.0,89286.0,34.092289,1260,10.194916,7.707
S13,S13_inst_08.txt,algo1,-930327.0,-987681.0,57354.0,6.164929,1350,0.011868,7.647
S13,S13_inst_08.txt,algo2,-930327.0,-1212816.0,282489.0,30.364485,1350,2.147106,7.647
S13,S13_inst_08.txt,algo3,-930327.0,-987681.0,57354.0,6.164929,1350,10.014363,7.647
S13,S13_inst_08.txt,algo4,-930327.0,-943410.0,13083.0,1.40628,1350,9.985035,7.647
S13,S13_inst_08.txt,algo5,-930327.0,-1428726.0,498399.0,53.572454,1350,0.458284,7.647
S13,S13_inst_08.txt,algo_union,-930327.0,-943410.0,13083.0,1.40628,1350,10.257838,7.647
S13,S13_inst_09.txt,algo1,-1108110.0,-1258293.0,150183.0,13.553077,990,0.011298,7.282
S13,S13_inst_09.txt,algo2,-1108110.0,-1326834.0,218724.0,19.738474,990,1.658911,7.282
S13,S13_inst_09.txt,algo3,-1108110.0,-1258293.0,150183.0,13.553077,990,10.010762,7.282
S13,S13_inst_09.txt,algo4,-1108110.0,-1108110.0,0.0,0.0,990,9.974747,7.282
S13,S13_inst_09.txt,algo5,-1108110.0,-1994562.0,886452.0,79.996751,990,0.391275,7.282
S13,S13_inst_09.txt,algo_union,-1108110.0,-1108110.0,0.0,0.0,990,10.181441,7.282
S13,S13_inst_10.txt,algo1,-59971.0,-186064.0,126093.0,210.256624,2430,0.014007,7.683
S13,S13_inst_10.txt,algo2,-59971.0,-401467.0,341496.0,569.435227,2430,1.921514,7.683
S13,S13_inst_10.txt,algo3,-59971.0,-186064.0,126093.0,210.256624,2430,10.022423,7.683
S13,S13_inst_10.txt,algo4,-59971.0,-71593.0,11622.0,19.379367,2430,9.984022,7.683
S13,S13_inst_10.txt,algo5,-59971.0,-1013392.0,953421.0,1589.803405,2430,0.583022,7.683
S13,S13_inst_10.txt,algo_union,-59971.0,-71593.0,11622.0,19.379367,2430,10.331629,7.683
S13,S13_inst_11.txt,algo1,36618.0,-13827.0,50445.0,137.760118,2610,0.018781,7.093
S13,S13_inst_11.txt,algo2,36618.0,-229872.0,266490.0,727.756841,2610,1.743303,7.093
S13,S13_inst_11.txt,algo3,36618.0,-13827.0,50445.0,137.760118,2610,10.014347,7.093
S13,S13_inst_11.txt,algo4,36618.0,36618.0,0.0,0.0,2610,9.979776,7.093
S13,S13_inst_11.txt,algo5,36618.0,-551820.0,588438.0,1606.963788,2610,0.599480,7.093
S13,S13_inst_11.txt,algo_union,36618.0,36618.0,0.0,0.0,2610,10.376018,7.093
S13,S13_inst_12.txt,algo1,-1599885.0,-1745211.0,145326.0,9.083528,720,0.011371,8.614
S13,S13_inst_12.txt,algo2,-1599885.0,-1817511.0,217626.0,13.602603,720,2.401664,8.614
S13,S13_inst_12.txt,algo3,-1599885.0,-1745211.0,145326.0,9.083528,720,10.016716,8.614
S13,S13_inst_12.txt,algo4,-1599885.0,-1679142.0,79257.0,4.953919,720,9.988624,8.614
S13,S13_inst_12.txt,algo5,-1599885.0,-2062203.0,462318.0,28.896952,720,1.239074,8.614
S13,S13_inst_12.txt,algo_union,-1599885.0,-1679142.0,79257.0,4.953919,720,10.310096,8.614
S13,S13_inst_13.txt,algo1,1027636.0,804115.0,223521.0,21.75099,2970,0.020868,8.048
S13,S13_inst_13.txt,algo2,1027636.0,297736.0,729900.0,71.027095,2970,1.196894,8.048
S13,S13_inst_13.txt,algo3,1027636.0,804115.0,223521.0,21.75099,2970,10.013968,8.048
S13,S13_inst_13.txt,algo4,1027636.0,1027636.0,0.0,0.0,2970,9.980980,8.048
S13,S13_inst_13.txt,algo5,1027636.0,-75029.0,1102665.0,107.301126,2970,0.653475,8.048
S13,S13_inst_13.txt,algo_union,1027636.0,1027636.0,0.0,0.0,2970,10.438168,8.048
S13,S13_inst_14.txt,algo1,-326494.0,-405208.0,78714.0,24.108866,1980,0.014254,8.032
S13,S13_inst_14.txt,algo2,-326494.0,-782320.0,455826.0,139.612367,1980,2.143486,8.032
S13,S13_inst_14.txt,algo3,-326494.0,-405208.0,78714.0,24.108866,1980,10.014821,8.032
S13,S13_inst_14.txt,algo4,-326494.0,-331006.0,4512.0,1.381955,1980,9.991103,8.032
S13,S13_inst_14.txt,algo5,-326494.0,-1206649.0,880155.0,269.577695,1980,0.705651,8.032
S13,S13_inst_14.txt,algo_union,-326494.0,-331006.0,4512.0,1.381955,1980,10.343993,8.032
S13,S13_inst_15.txt,algo1,-574513.0,-757585.0,183072.0,31.865597,1800,0.013031,7.990
S13,S13_inst_15.txt,algo2,-574513.0,-1048696.0,474183.0,82.536514,1800,2.062349,7.990
S13,S13_inst_15.txt,algo3,-574513.0,-725365.0,150852.0,26.257369,1800,10.023993,7.990
S13,S13_inst_15.txt,algo4,-574513.0,-588586.0,14073.0,2.449553,1800,9.968900,7.990
S13,S13_inst_15.txt,algo5,-574513.0,-1238974.0,664461.0,115.656391,1800,0.584954,7.990
S13,S13_inst_15.txt,algo_union,-574513.0,-588586.0,14073.0,2.449553,1800,10.268175,7.990
S13,S13_inst_16.txt,algo1,227365.0,-23216.0,250581.0,110.210894,2610,0.015653,8.346
S13,S13_inst_16.txt,algo2,227365.0,-216734.0,444099.0,195.324258,2610,1.563104,8.346
S13,S13_inst_16.txt,algo3,227365.0,-23216.0,250581.0,110.210894,2610,10.015126,8.346
S13,S13_inst_16.txt,algo4,227365.0,227365.0,0.0,0.0,2610,9.976476,8.346
S13,S13_inst_16.txt,algo5,227365.0,-508562.0,735927.0,323.676467,2610,0.775166,8.346
S13,S13_inst_16.txt,algo_union,227365.0,227365.0,0.0,0.0,2610,10.280140,8.346
S13,S13_inst_17.txt,algo1,108613.0,-131012.0,239625.0,220.622762,2250,0.022940,8.645
S13,S13_inst_17.txt,algo2,108613.0,-169904.0,278517.0,256.43063,2250,1.776013,8.645
S13,S13_inst_17.txt,algo3,108613.0,-131012.0,239625.0,220.622762,2250,10.014341,8.645
S13,S13_inst_17.txt,algo4,108613.0,95215.0,13398.0,12.33554,2250,9.972107,8.645
S13,S13_inst_17.txt,algo5,108613.0,-699239.0,807852.0,743.789417,2250,1.331001,8.645
S13,S13_inst_17.txt,algo_union,108613.0,95215.0,13398.0,12.33554,2250,10.393791,8.645
S13,S13_inst_18.txt,algo1,606434.0,449183.0,157251.0,25.930439,2880,0.018256,7.695
S13,S13_inst_18.txt,algo2,606434.0,-22423.0,628857.0,103.697517,2880,1.326197,7.695
S13,S13_inst_18.txt,algo3,606434.0,449183.0,157251.0,25.930439,2880,10.020296,7.695
S13,S13_inst_18.txt,algo4,606434.0,606434.0,0.0,0.0,2880,9.964914,7.695
S13,S13_inst_18.txt,algo5,606434.0,-466171.0,1072605.0,176.870855,2880,0.616972,7.695
S13,S13_inst_18.txt,algo_union,606434.0,606434.0,0.0,0.0,2880,10.393220,7.695
S13,S13_inst_19.txt,algo1,231820.0,45790.0,186030.0,80.247606,1890,0.013670,11.488
S13,S13_inst_19.txt,algo2,231820.0,-186752.0,418572.0,180.559054,1890,1.626881,11.488
S13,S13_inst_19.txt,algo3,231820.0,45790.0,186030.0,80.247606,1890,10.014780,11.488
S13,S13_inst_19.txt,algo4,231820.0,231820.0,0.0,0.0,1890,9.983098,11.488
S13,S13_inst_19.txt,algo5,231820.0,-752948.0,984768.0,424.798551,1890,0.491266,11.488
S13,S13_inst_19.txt,algo_union,231820.0,231820.0,0.0,0.0,1890,10.321913,11.488
S13,S13_inst_20.txt,algo1,-969558.0,-1142610.0,173052.0,17.848545,1170,0.012132,7.587
S13,S13_inst_20.txt,algo2,-969558.0,-1416204.0,446646.0,46.066971,1170,2.103261,7.587
S13,S13_inst_20.txt,algo3,-969558.0,-1142610.0,173052.0,17.848545,1170,10.014276,7.587
S13,S13_inst_20.txt,algo4,-969558.0,-979869.0,10311.0,1.063474,1170,9.992380,7.587
S13,S13_inst_20.txt,algo5,-969558.0,-1550091.0,580533.0,59.876047,1170,0.424241,7.587
S13,S13_inst_20.txt,algo_union,-969558.0,-979869.0,10311.0,1.063474,1170,10.237269,7.587
S13,S13_inst_21.txt,algo1,-1691946.0,-1758126.0,66180.0,3.911472,720,0.013025,6.855
S13,S13_inst_21.txt,algo2,-1691946.0,-1691946.0,0.0,0.0,720,2.059879,6.855
S13,S13_inst_21.txt,algo3,-1691946.0,-1758126.0,66180.0,3.911472,720,10.020507,6.855
S13,S13_inst_21.txt,algo4,-1691946.0,-1758126.0,66180.0,3.911472,720,9.980037,6.855
S13,S13_inst_21.txt,algo5,-1691946.0,-1758126.0,66180.0,3.911472,720,0.733965,6.855
S13,S13_inst_21.txt,algo_union,-1691946.0,-1758126.0,66180.0,3.911472,720,10.258294,6.855
S13,S13_inst_22.txt,algo1,622444.0,501940.0,120504.0,19.359814,2970,0.015521,8.343
S13,S13_inst_22.txt,algo2,622444.0,102973.0,519471.0,83.456664,2970,1.192648,8.343
S13,S13_inst_22.txt,algo3,622444.0,501940.0,120504.0,19.359814,2970,10.022072,8.343
S13,S13_inst_22.txt,algo4,622444.0,622444.0,0.0,0.0,2970,9.962335,8.343
S13,S13_inst_22.txt,algo5,622444.0,-74597.0,697041.0,111.984532,2970,1.335991,8.343
S13,S13_inst_22.txt,algo_union,622444.0,622444.0,0.0,0.0,2970,10.434659,8.343
S13,S13_inst_23.txt,algo1,-76528.0,-288112.0,211584.0,276.479197,2430,0.014078,7.400
S13,S13_inst_23.txt,algo2,-76528.0,-604843.0,528315.0,690.355164,2430,1.856199,7.400
S13,S13_inst_23.txt,algo3,-76528.0,-288112.0,211584.0,276.479197,2430,10.014799,7.400
S13,S13_inst_23.txt,algo4,-76528.0,-102436.0,25908.0,33.854276,2430,9.976126,7.400
S13,S13_inst_23.txt,algo5,-76528.0,-975484.0,898956.0,1174.675936,2430,0.665539,7.400
S13,S13_inst_23.txt,algo_union,-76528.0,-102436.0,25908.0,33.854276,2430,10.454387,7.400
S13,S13_inst_24.txt,algo1,-674086.0,-846163.0,172077.0,25.527455,1440,0.013871,7.458
S13,S13_inst_24.txt,algo2,-674086.0,-1122706.0,448620.0,66.552339,1440,2.096159,7.458
S13,S13_inst_24.txt,algo3,-674086.0,-846163.0,172077.0,25.527455,1440,10.014341,7.458
S13,S13_inst_24.txt,algo4,-674086.0,-846163.0,172077.0,25.527455,1440,9.968799,7.458
S13,S13_inst_24.txt,algo5,-674086.0,-1565200.0,891114.0,132.195892,1440,0.534677,7.458
S13,S13_inst_24.txt,algo_union,-674086.0,-846163.0,172077.0,25.527455,1440,10.264624,7.458
S13,S13_inst_25.txt,algo1,407395.0,229993.0,177402.0,43.545453,2250,0.022232,7.106
S13,S13_inst_25.txt,algo2,407395.0,-117257.0,524652.0,128.78214,2250,1.137790,7.106
S13,S13_inst_25.txt,algo3,407395.0,229993.0,177402.0,43.545453,2250,10.010876,7.106
S13,S13_inst_25.txt,algo4,407395.0,341443.0,65952.0,16.188711,2250,9.970905,7.106
S13,S13_inst_25.txt,algo5,407395.0,-822869.0,1230264.0,301.983088,2250,0.805115,7.106
S13,S13_inst_25.txt,algo_union,407395.0,341443.0,65952.0,16.188711,2250,10.377154,7.106
S13,S13_inst_26.txt,algo1,-2000641.0,-2041087.0,40446.0,2.021652,180,0.010064,5.070
S13,S13_inst_26.txt,algo2,-2000641.0,-2019592.0,18951.0,0.947246,180,1.751498,5.070
S13,S13_inst_26.txt,algo3,-2000641.0,-2000641.0,0.0,0.0,180,10.019988,5.070
S13,S13_inst_26.txt,algo4,-2000641.0,-2000641.0,0.0,0.0,180,9.984113,5.070
S13,S13_inst_26.txt,algo5,-2000641.0,-2000641.0,0.0,0.0,180,1.453025,5.070
S13,S13_inst_26.txt,algo_union,-2000641.0,-2000641.0,0.0,0.0,180,10.156545,5.070
S13,S13_inst_27.txt,algo1,-79440.0,-304374.0,224934.0,283.149547,2430,0.058928,8.306
S13,S13_inst_27.txt,algo2,-79440.0,-632694.0,553254.0,696.442598,2430,2.010268,8.306
S13,S13_inst_27.txt,algo3,-79440.0,-304374.0,224934.0,283.149547,2430,10.018053,8.306
S13,S13_inst_27.txt,algo4,-79440.0,-86895.0,7455.0,9.384441,2430,9.970575,8.306
S13,S13_inst_27.txt,algo5,-79440.0,-917472.0,838032.0,1054.924471,2430,0.889841,8.306
S13,S13_inst_27.txt,algo_union,-79440.0,-86895.0,7455.0,9.384441,2430,10.414561,8.306
S13,S13_inst_28.txt,algo1,471078.0,291873.0,179205.0,38.041471,2700,0.014990,7.505
S13,S13_inst_28.txt,algo2,471078.0,-199992.0,671070.0,142.454116,2700,1.442643,7.505
S13,S13_inst_28.txt,algo3,471078.0,291873.0,179205.0,38.041471,2700,10.014206,7.505
S13,S13_inst_28.txt,algo4,471078.0,471078.0,0.0,0.0,2700,9.969565,7.505
S13,S13_inst_28.txt,algo5,471078.0,-349860.0,820938.0,174.267956,2700,0.793263,7.505
S13,S13_inst_28.txt,algo_union,471078.0,471078.0,0.0,0.0,2700,10.380687,7.505
S13,S13_inst_29.txt,algo1,186848.0,97190.0,89658.0,47.984458,2610,0.029309,8.523
S13,S13_inst_29.txt,algo2,186848.0,-33733.0,220581.0,118.053712,2610,2.005181,8.523
S13,S13_inst_29.txt,algo3,186848.0,97190.0,89658.0,47.984458,2610,10.016429,8.523
S13,S13_inst_29.txt,algo4,186848.0,186848.0,0.0,0.0,2610,9.977884,8.523
S13,S13_inst_29.txt,algo5,186848.0,-594664.0,781512.0,418.260832,2610,0.883475,8.523
S13,S13_inst_29.txt,algo_union,186848.0,186848.0,0.0,0.0,2610,10.478098,8.523
S13,S13_inst_30.txt,algo1,-547632.0,-742680.0,195048.0,35.616618,1260,0.012072,6.755
S13,S13_inst_30.txt,algo2,-547632.0,-814803.0,267171.0,48.786594,1260,1.353289,6.755
S13,S13_inst_30.txt,algo3,-547632.0,-742680.0,195048.0,35.616618,1260,10.015181,6.755
S13,S13_inst_30.txt,algo4,-547632.0,-560592.0,12960.0,2.366553,1260,9.987383,6.755
S13,S13_inst_30.txt,algo5,-547632.0,-892722.0,345090.0,63.014944,1260,0.471538,6.755
S13,S13_inst_30.txt,algo_union,-547632.0,-560592.0,12960.0,2.366553,1260,10.196086,6.755
S14,S14_inst_01.txt,algo1,1813782.0,1813782.0,0.0,0.0,7020,0.021673,7.353
S14,S14_inst_01.txt,algo2,1813782.0,1813782.0,0.0,0.0,9000,0.802336,7.353
S14,S14_inst_01.txt,algo3,1813782.0,1813782.0,0.0,0.0,7020,10.026875,7.353
S14,S14_inst_01.txt,algo4,1813782.0,1813782.0,0.0,0.0,7020,0.043395,7.353
S14,S14_inst_01.txt,algo5,1813782.0,1813782.0,0.0,0.0,7650,0.085295,7.353
S14,S14_inst_01.txt,algo_union,1813782.0,1813782.0,0.0,0.0,7020,0.281573,7.353
S14,S14_inst_02.txt,algo1,2057922.0,2016948.0,40974.0,1.991038,6570,0.024631,8.042
S14,S14_inst_02.txt,algo2,2057922.0,1691454.0,366468.0,17.807672,6570,0.953427,8.042
S14,S14_inst_02.txt,algo3,2057922.0,2016948.0,40974.0,1.991038,6570,10.016408,8.042
S14,S14_inst_02.txt,algo4,2057922.0,2057922.0,0.0,0.0,6570,9.972810,8.042
S14,S14_inst_02.txt,algo5,2057922.0,1918881.0,139041.0,6.756379,6570,0.612778,8.042
S14,S14_inst_02.txt,algo_union,2057922.0,2057922.0,0.0,0.0,6570,10.237283,8.042
S14,S14_inst_03.txt,algo1,1892682.0,1892682.0,0.0,0.0,7020,0.022487,7.820
S14,S14_inst_03.txt,algo2,1892682.0,1892682.0,0.0,0.0,8820,0.616643,7.820
S14,S14_inst_03.txt,algo3,1892682.0,1892682.0,0.0,0.0,7020,10.017712,7.820
S14,S14_inst_03.txt,algo4,1892682.0,1892682.0,0.0,0.0,7020,0.042205,7.820
S14,S14_inst_03.txt,algo5,1892682.0,1892682.0,0.0,0.0,8370,0.181184,7.820
S14,S14_inst_03.txt,algo_union,1892682.0,1892682.0,0.0,0.0,7020,0.251619,7.820
S14,S14_inst_04.txt,algo1,2013898.0,2013898.0,0.0,0.0,7110,0.055514,7.443
S14,S14_inst_04.txt,algo2,2013898.0,2013898.0,0.0,0.0,8910,0.706865,7.443
S14,S14_inst_04.txt,algo3,2013898.0,2013898.0,0.0,0.0,7110,10.014934,7.443
S14,S14_inst_04.txt,algo4,2013898.0,2013898.0,0.0,0.0,7110,0.054313,7.443
S14,S14_inst_04.txt,algo5,2013898.0,2013898.0,0.0,0.0,8100,0.172731,7.443
S14,S14_inst_04.txt,algo_union,2013898.0,2013898.0,0.0,0.0,7110,0.181639,7.443
S14,S14_inst_05.txt,algo1,1710899.0,1710899.0,0.0,0.0,7740,0.027742,8.417
S14,S14_inst_05.txt,algo2,1710899.0,1710899.0,0.0,0.0,8910,0.656480,8.417
S14,S14_inst_05.txt,algo3,1710899.0,1710899.0,0.0,0.0,7740,10.015619,8.417
S14,S14_inst_05.txt,algo4,1710899.0,1710899.0,0.0,0.0,7740,0.028029,8.417
S14,S14_inst_05.txt,algo5,1710899.0,1710899.0,0.0,0.0,8730,0.158772,8.417
S14,S14_inst_05.txt,algo_union,1710899.0,1710899.0,0.0,0.0,7740,0.249751,8.417
S14,S14_inst_06.txt,algo1,1924969.0,1924969.0,0.0,0.0,6840,0.286949,8.305
S14,S14_inst_06.txt,algo2,1924969.0,1924969.0,0.0,0.0,8910,0.560963,8.305
S14,S14_inst_06.txt,algo3,1924969.0,1924969.0,0.0,0.0,6840,10.016139,8.305
S14,S14_inst_06.txt,algo4,1924969.0,1924969.0,0.0,0.0,6840,0.036464,8.305
S14,S14_inst_06.txt,algo5,1924969.0,1924969.0,0.0,0.0,8550,0.147115,8.305
S14,S14_inst_06.txt,algo_union,1924969.0,1924969.0,0.0,0.0,6840,0.223009,8.305
S14,S14_inst_07.txt,algo1,1557232.0,1557232.0,0.0,0.0,7020,0.023067,7.269
S14,S14_inst_07.txt,algo2,1557232.0,1557232.0,0.0,0.0,8820,0.821927,7.269
S14,S14_inst_07.txt,algo3,1557232.0,1557232.0,0.0,0.0,7020,10.012208,7.269
S14,S14_inst_07.txt,algo4,1557232.0,1557232.0,0.0,0.0,7020,9.964653,7.269
S14,S14_inst_07.txt,algo5,1557232.0,1557232.0,0.0,0.0,8010,0.150259,7.269
S14,S14_inst_07.txt,algo_union,1557232.0,1557232.0,0.0,0.0,7020,10.180983,7.269
S14,S14_inst_08.txt,algo1,1828862.0,1670618.0,158244.0,8.652594,5670,0.021332,6.026
S14,S14_inst_08.txt,algo2,1828862.0,1287092.0,541770.0,29.62334,5670,0.838656,6.026
S14,S14_inst_08.txt,algo3,1828862.0,1670618.0,158244.0,8.652594,5670,10.013022,6.026
S14,S14_inst_08.txt,algo4,1828862.0,1828862.0,0.0,0.0,5670,9.966641,6.026
S14,S14_inst_08.txt,algo5,1828862.0,1431398.0,397464.0,21.732859,5670,0.674998,6.026
S14,S14_inst_08.txt,algo_union,1828862.0,1828862.0,0.0,0.0,5670,10.182089,6.026
S14,S14_inst_09.txt,algo1,1621195.0,1541992.0,79203.0,4.88547,6300,0.023635,7.307
S14,S14_inst_09.txt,algo2,1621195.0,1355668.0,265527.0,16.378474,6300,1.214083,7.307
S14,S14_inst_09.txt,algo3,1621195.0,1541992.0,79203.0,4.88547,6300,10.019710,7.307
S14,S14_inst_09.txt,algo4,1621195.0,1598947.0,22248.0,1.372321,6300,9.969329,7.307
S14,S14_inst_09.txt,algo5,1621195.0,1432102.0,189093.0,11.663804,6300,0.989029,7.307
S14,S14_inst_09.txt,algo_union,1621195.0,1598947.0,22248.0,1.372321,6300,10.221769,7.307
S14,S14_inst_10.txt,algo1,1982503.0,1982503.0,0.0,0.0,7020,0.106735,7.149
S14,S14_inst_10.txt,algo2,1982503.0,1982503.0,0.0,0.0,8910,0.703744,7.149
S14,S14_inst_10.txt,algo3,1982503.0,1982503.0,0.0,0.0,7020,10.014964,7.149
S14,S14_inst_10.txt,algo4,1982503.0,1982503.0,0.0,0.0,7020,0.052902,7.149
S14,S14_inst_10.txt,algo5,1982503.0,1982503.0,0.0,0.0,8730,0.259495,7.149
S14,S14_inst_10.txt,algo_union,1982503.0,1982503.0,0.0,0.0,7020,0.198927,7.149
S14,S14_inst_11.txt,algo1,1817814.0,1817814.0,0.0,0.0,7560,0.045527,6.997
S14,S14_inst_11.txt,algo2,1817814.0,1817814.0,0.0,0.0,9000,0.699075,6.997
S14,S14_inst_11.txt,algo3,1817814.0,1817814.0,0.0,0.0,7560,10.019010,6.997
S14,S14_inst_11.txt,algo4,1817814.0,1817814.0,0.0,0.0,7560,0.049760,6.997
S14,S14_inst_11.txt,algo5,1817814.0,1817814.0,0.0,0.0,8730,0.467509,6.997
S14,S14_inst_11.txt,algo_union,1817814.0,1817814.0,0.0,0.0,7560,0.195712,6.997
S14,S14_inst_12.txt,algo1,1785791.0,1785791.0,0.0,0.0,7560,0.067219,6.801
S14,S14_inst_12.txt,algo2,1785791.0,1655576.0,130215.0,7.291727,7740,0.769851,6.801
S14,S14_inst_12.txt,algo3,1785791.0,1785791.0,0.0,0.0,7560,10.010455,6.801
S14,S14_inst_12.txt,algo4,1785791.0,1785791.0,0.0,0.0,7560,0.024584,6.801
S14,S14_inst_12.txt,algo5,1785791.0,1714934.0,70857.0,3.967822,7740,0.538893,6.801
S14,S14_inst_12.txt,algo_union,1785791.0,1785791.0,0.0,0.0,7560,0.297212,6.801
S14,S14_inst_13.txt,algo1,1928165.0,1928165.0,0.0,0.0,7560,0.024146,8.000
S14,S14_inst_13.txt,algo2,1928165.0,1928165.0,0.0,0.0,8910,0.639919,8.000
S14,S14_inst_13.txt,algo3,1928165.0,1928165.0,0.0,0.0,7560,10.011904,8.000
S14,S14_inst_13.txt,algo4,1928165.0,1928165.0,0.0,0.0,7560,0.047559,8.000
S14,S14_inst_13.txt,algo5,1928165.0,1928165.0,0.0,0.0,8550,0.114446,8.000
S14,S14_inst_13.txt,algo_union,1928165.0,1928165.0,0.0,0.0,7560,0.214960,8.000
S14,S14_inst_14.txt,algo1,1785182.0,1785182.0,0.0,0.0,7020,0.024074,7.165
S14,S14_inst_14.txt,algo2,1785182.0,1640285.0,144897.0,8.116651,7200,0.923754,7.165
S14,S14_inst_14.txt,algo3,1785182.0,1785182.0,0.0,0.0,7020,10.017111,7.165
S14,S14_inst_14.txt,algo4,1785182.0,1785182.0,0.0,0.0,7020,9.969282,7.165
S14,S14_inst_14.txt,algo5,1785182.0,1695032.0,90150.0,5.049905,7200,0.546719,7.165
S14,S14_inst_14.txt,algo_union,1785182.0,1785182.0,0.0,0.0,7020,10.228918,7.165
S14,S14_inst_15.txt,algo1,1555695.0,1555695.0,0.0,0.0,6570,0.021504,7.122
S14,S14_inst_15.txt,algo2,1555695.0,1555695.0,0.0,0.0,9000,0.731447,7.122
S14,S14_inst_15.txt,algo3,1555695.0,1555695.0,0.0,0.0,6570,10.011980,7.122
S14,S14_inst_15.txt,algo4,1555695.0,1555695.0,0.0,0.0,6570,0.047445,7.122
S14,S14_inst_15.txt,algo5,1555695.0,1555695.0,0.0,0.0,7470,0.072017,7.122
S14,S14_inst_15.txt,algo_union,1555695.0,1555695.0,0.0,0.0,6570,0.121573,7.122
S14,S14_inst_16.txt,algo1,1584357.0,1584357.0,0.0,0.0,7380,0.027431,7.182
S14,S14_inst_16.txt,algo2,1584357.0,1584357.0,0.0,0.0,9000,0.699460,7.182
S14,S14_inst_16.txt,algo3,1584357.0,1584357.0,0.0,0.0,7380,10.014507,7.182
S14,S14_inst_16.txt,algo4,1584357.0,1584357.0,0.0,0.0,7380,0.049474,7.182
S14,S14_inst_16.txt,algo5,1584357.0,1584357.0,0.0,0.0,8460,0.121450,7.182
S14,S14_inst_16.txt,algo_union,1584357.0,1584357.0,0.0,0.0,7380,0.160581,7.182
S14,S14_inst_17.txt,algo1,172436.0,39224.0,133212.0,77.25301,2700,0.027995,4.837
S14,S14_inst_17.txt,algo2,172436.0,-217891.0,390327.0,226.360505,2700,1.385035,4.837
S14,S14_inst_17.txt,algo3,172436.0,39224.0,133212.0,77.25301,2700,10.012435,4.837
S14,S14_inst_17.txt,algo4,172436.0,110696.0,61740.0,35.804588,2700,9.968391,4.837
S14,S14_inst_17.txt,algo5,172436.0,-229405.0,401841.0,233.037765,2700,0.739054,4.837
S14,S14_inst_17.txt,algo_union,172436.0,110696.0,61740.0,35.804588,2700,10.123215,4.837
S14,S14_inst_18.txt,algo1,1795388.0,1795388.0,0.0,0.0,7020,0.023027,6.606
S14,S14_inst_18.txt,algo2,1795388.0,1748300.0,47088.0,2.62272,7920,0.835022,6.606
S14,S14_inst_18.txt,algo3,1795388.0,1795388.0,0.0,0.0,7020,10.012571,6.606
S14,S14_inst_18.txt,algo4,1795388.0,1795388.0,0.0,0.0,7020,0.028822,6.606
S14,S14_inst_18.txt,algo5,1795388.0,1786934.0,8454.0,0.470873,8100,0.259202,6.606
S14,S14_inst_18.txt,algo_union,1795388.0,1795388.0,0.0,0.0,7020,0.294222,6.606
S14,S14_inst_19.txt,algo1,1913326.0,1913326.0,0.0,0.0,7650,0.023350,6.983
S14,S14_inst_19.txt,algo2,1913326.0,1913326.0,0.0,0.0,8910,0.619629,6.983
S14,S14_inst_19.txt,algo3,1913326.0,1913326.0,0.0,0.0,7650,10.019339,6.983
S14,S14_inst_19.txt,algo4,1913326.0,1913326.0,0.0,0.0,7650,0.044621,6.983
S14,S14_inst_19.txt,algo5,1913326.0,1913326.0,0.0,0.0,8190,0.081429,6.983
S14,S14_inst_19.txt,algo_union,1913326.0,1913326.0,0.0,0.0,7650,0.161910,6.983
S14,S14_inst_20.txt,algo1,1931697.0,1931697.0,0.0,0.0,7110,0.022386,7.002
S14,S14_inst_20.txt,algo2,1931697.0,1931697.0,0.0,0.0,8730,0.505181,7.002
S14,S14_inst_20.txt,algo3,1931697.0,1931697.0,0.0,0.0,7110,10.010557,7.002
S14,S14_inst_20.txt,algo4,1931697.0,1931697.0,0.0,0.0,7110,0.051176,7.002
S14,S14_inst_20.txt,algo5,1931697.0,1931697.0,0.0,0.0,8100,0.114316,7.002
S14,S14_inst_20.txt,algo_union,1931697.0,1931697.0,0.0,0.0,7110,0.222371,7.002
S14,S14_inst_21.txt,algo1,2104991.0,2104991.0,0.0,0.0,7200,0.021490,7.459
S14,S14_inst_21.txt,algo2,2104991.0,2104991.0,0.0,0.0,8910,0.787261,7.459
S14,S14_inst_21.txt,algo3,2104991.0,2104991.0,0.0,0.0,7200,10.016979,7.459
S14,S14_inst_21.txt,algo4,2104991.0,2104991.0,0.0,0.0,7200,0.047310,7.459
S14,S14_inst_21.txt,algo5,2104991.0,2104991.0,0.0,0.0,8550,0.112768,7.459
S14,S14_inst_21.txt,algo_union,2104991.0,2104991.0,0.0,0.0,7200,0.184620,7.459
S14,S14_inst_22.txt,algo1,1918220.0,1918220.0,0.0,0.0,7740,0.024449,7.076
S14,S14_inst_22.txt,algo2,1918220.0,1918220.0,0.0,0.0,8910,0.620668,7.076
S14,S14_inst_22.txt,algo3,1918220.0,1918220.0,0.0,0.0,7740,10.013053,7.076
S14,S14_inst_22.txt,algo4,1918220.0,1918220.0,0.0,0.0,7740,0.038242,7.076
S14,S14_inst_22.txt,algo5,1918220.0,1918220.0,0.0,0.0,8640,0.112074,7.076
S14,S14_inst_22.txt,algo_union,1918220.0,1918220.0,0.0,0.0,7740,0.168049,7.076
S14,S14_inst_23.txt,algo1,1919741.0,1919741.0,0.0,0.0,8190,0.035086,7.080
S14,S14_inst_23.txt,algo2,1919741.0,1919741.0,0.0,0.0,9000,0.690574,7.080
S14,S14_inst_23.txt,algo3,1919741.0,1919741.0,0.0,0.0,8190,10.016302,7.080
S14,S14_inst_23.txt,algo4,1919741.0,1919741.0,0.0,0.0,8190,0.030810,7.080
S14,S14_inst_23.txt,algo5,1919741.0,1919741.0,0.0,0.0,8550,0.159424,7.080
S14,S14_inst_23.txt,algo_union,1919741.0,1919741.0,0.0,0.0,8190,0.153562,7.080
S14,S14_inst_24.txt,algo1,1983560.0,1983560.0,0.0,0.0,7470,0.136585,6.745
S14,S14_inst_24.txt,algo2,1983560.0,1983560.0,0.0,0.0,9000,0.673619,6.745
S14,S14_inst_24.txt,algo3,1983560.0,1983560.0,0.0,0.0,7470,10.016171,6.745
S14,S14_inst_24.txt,algo4,1983560.0,1983560.0,0.0,0.0,7470,0.044821,6.745
S14,S14_inst_24.txt,algo5,1983560.0,1983560.0,0.0,0.0,8190,0.079221,6.745
S14,S14_inst_24.txt,algo_union,1983560.0,1983560.0,0.0,0.0,7470,0.106312,6.745
S14,S14_inst_25.txt,algo1,1611756.0,1611756.0,0.0,0.0,7110,0.022246,8.130
S14,S14_inst_25.txt,algo2,1611756.0,1611756.0,0.0,0.0,8820,0.558994,8.130
S14,S14_inst_25.txt,algo3,1611756.0,1611756.0,0.0,0.0,7110,10.012195,8.130
S14,S14_inst_25.txt,algo4,1611756.0,1611756.0,0.0,0.0,7110,9.962300,8.130
S14,S14_inst_25.txt,algo5,1611756.0,1611756.0,0.0,0.0,8460,0.224079,8.130
S14,S14_inst_25.txt,algo_union,1611756.0,1611756.0,0.0,0.0,7110,10.269370,8.130
S14,S14_inst_26.txt,algo1,1829681.0,1829681.0,0.0,0.0,7470,0.022201,7.141
S14,S14_inst_26.txt,algo2,1829681.0,1829681.0,0.0,0.0,8910,0.497284,7.141
S14,S14_inst_26.txt,algo3,1829681.0,1829681.0,0.0,0.0,7470,10.010804,7.141
S14,S14_inst_26.txt,algo4,1829681.0,1829681.0,0.0,0.0,7470,0.042975,7.141
S14,S14_inst_26.txt,algo5,1829681.0,1829681.0,0.0,0.0,8550,0.118072,7.141
S14,S14_inst_26.txt,algo_union,1829681.0,1829681.0,0.0,0.0,7470,0.230384,7.141
S14,S14_inst_27.txt,algo1,1857634.0,1857634.0,0.0,0.0,7740,0.022541,7.154
S14,S14_inst_27.txt,algo2,1857634.0,1857634.0,0.0,0.0,9000,0.582791,7.154
S14,S14_inst_27.txt,algo3,1857634.0,1857634.0,0.0,0.0,7740,10.017004,7.154
S14,S14_inst_27.txt,algo4,1857634.0,1857634.0,0.0,0.0,7740,0.038395,7.154
S14,S14_inst_27.txt,algo5,1857634.0,1857634.0,0.0,0.0,8730,0.098902,7.154
S14,S14_inst_27.txt,algo_union,1857634.0,1857634.0,0.0,0.0,7740,0.194308,7.154
S14,S14_inst_28.txt,algo1,-59502.0,-246333.0,186831.0,313.991126,2340,0.013939,5.367
S14,S14_inst_28.txt,algo2,-59502.0,-209571.0,150069.0,252.208329,2340,1.424402,5.367
S14,S14_inst_28.txt,algo3,-59502.0,-246333.0,186831.0,313.991126,2340,10.011464,5.367
S14,S14_inst_28.txt,algo4,-59502.0,-94329.0,34827.0,58.530806,2340,9.973121,5.367
S14,S14_inst_28.txt,algo5,-59502.0,-156978.0,97476.0,163.819704,2340,0.635404,5.367
S14,S14_inst_28.txt,algo_union,-59502.0,-61770.0,2268.0,3.811637,2340,10.158461,5.367
S14,S14_inst_29.txt,algo1,1991151.0,1991151.0,0.0,0.0,7110,0.026415,7.792
S14,S14_inst_29.txt,algo2,1991151.0,1991151.0,0.0,0.0,9000,0.692625,7.792
S14,S14_inst_29.txt,algo3,1991151.0,1991151.0,0.0,0.0,7110,10.023805,7.792
S14,S14_inst_29.txt,algo4,1991151.0,1991151.0,0.0,0.0,7110,0.028024,7.792
S14,S14_inst_29.txt,algo5,1991151.0,1991151.0,0.0,0.0,8640,0.127763,7.792
S14,S14_inst_29.txt,algo_union,1991151.0,1991151.0,0.0,0.0,7110,0.226339,7.792
S14,S14_inst_30.txt,algo1,1857746.0,1857746.0,0.0,0.0,6930,0.021906,6.993
S14,S14_inst_30.txt,algo2,1857746.0,1857746.0,0.0,0.0,8910,0.655687,6.993
S14,S14_inst_30.txt,algo3,1857746.0,1857746.0,0.0,0.0,6930,10.012086,6.993
S14,S14_inst_30.txt,algo4,1857746.0,1857746.0,0.0,0.0,6930,0.050222,6.993
S14,S14_inst_30.txt,algo5,1857746.0,1857746.0,0.0,0.0,8010,0.074460,6.993
S14,S14_inst_30.txt,algo_union,1857746.0,1857746.0,0.0,0.0,6930,0.148146,6.993
