parallel scenario jobs=14 workers=14 algorithms=algo2,algo3,algo4 max_seconds=10.0
S1 [1/90] running S1_inst_01.txt algo2
S3 [1/90] running S3_inst_01.txt algo2
S4 [1/90] running S4_inst_01.txt algo2
S5 [1/90] running S5_inst_01.txt algo2
S6 [1/90] running S6_inst_01.txt algo2
S8 [1/90] running S8_inst_01.txt algo2
S7 [1/90] running S7_inst_01.txt algo2
S2 [1/90] running S2_inst_01.txt algo2
S12 [1/90] running S12_inst_01.txt algo2
S14 [1/90] running S14_inst_01.txt algo2
S9 [1/90] running S9_inst_01.txt algo2
S10 [1/90] running S10_inst_01.txt algo2
S11 [1/90] running S11_inst_01.txt algo2
S13 [1/90] running S13_inst_01.txt algo2
S2 [1/90] ok S2_inst_01.txt algo2 seconds=0.057683 profit=151660 moving_time=900
S2 [2/90] running S2_inst_01.txt algo3
S3 [1/90] ok S3_inst_01.txt algo2 seconds=0.154468 profit=616066 moving_time=2970
S3 [2/90] running S3_inst_01.txt algo3
S9 [1/90] ok S9_inst_01.txt algo2 seconds=0.460583 profit=2084037 moving_time=9000
S9 [2/90] running S9_inst_01.txt algo3
S1 [1/90] ok S1_inst_01.txt algo2 seconds=0.543543 profit=2076945 moving_time=8910
S1 [2/90] running S1_inst_01.txt algo3
S5 [1/90] ok S5_inst_01.txt algo2 seconds=0.598540 profit=1670050 moving_time=8640
S5 [2/90] running S5_inst_01.txt algo3
S7 [1/90] ok S7_inst_01.txt algo2 seconds=0.655944 profit=1954527 moving_time=9000
S7 [2/90] running S7_inst_01.txt algo3
S11 [1/90] ok S11_inst_01.txt algo2 seconds=0.761375 profit=1835566 moving_time=8640
S11 [2/90] running S11_inst_01.txt algo3
S14 [1/90] ok S14_inst_01.txt algo2 seconds=0.802336 profit=1813782 moving_time=9000
S14 [2/90] running S14_inst_01.txt algo3
S6 [1/90] ok S6_inst_01.txt algo2 seconds=0.877051 profit=1893458 moving_time=9000
S6 [2/90] running S6_inst_01.txt algo3
S8 [1/90] ok S8_inst_01.txt algo2 seconds=1.182416 profit=1025913 moving_time=5940
S8 [2/90] running S8_inst_01.txt algo3
S10 [1/90] ok S10_inst_01.txt algo2 seconds=1.365729 profit=1449730 moving_time=7830
S10 [2/90] running S10_inst_01.txt algo3
S12 [1/90] ok S12_inst_01.txt algo2 seconds=1.871138 profit=-3103563 moving_time=0
S12 [2/90] running S12_inst_01.txt algo3
S13 [1/90] ok S13_inst_01.txt algo2 seconds=1.928022 profit=-913693 moving_time=1890
S13 [2/90] running S13_inst_01.txt algo3
S4 [1/90] ok S4_inst_01.txt algo2 seconds=3.536986 profit=4219610 moving_time=21060
S4 [2/90] running S4_inst_01.txt algo3
S2 [2/90] ok S2_inst_01.txt algo3 seconds=10.020215 profit=151660 moving_time=630
S2 [3/90] running S2_inst_01.txt algo4
S2 [3/90] ok S2_inst_01.txt algo4 seconds=0.039407 profit=151660 moving_time=630
S2 [4/90] running S2_inst_02.txt algo2
S3 [2/90] ok S3_inst_01.txt algo3 seconds=10.027336 profit=616066 moving_time=2700
S3 [3/90] running S3_inst_01.txt algo4
S2 [4/90] ok S2_inst_02.txt algo2 seconds=0.056988 profit=116227 moving_time=810
S2 [5/90] running S2_inst_02.txt algo3
S3 [3/90] ok S3_inst_01.txt algo4 seconds=0.044986 profit=616066 moving_time=2700
S3 [4/90] running S3_inst_02.txt algo2
S3 [4/90] ok S3_inst_02.txt algo2 seconds=0.172008 profit=539819 moving_time=2880
S3 [5/90] running S3_inst_02.txt algo3
S9 [2/90] ok S9_inst_01.txt algo3 seconds=10.022485 profit=2084037 moving_time=7650
S9 [3/90] running S9_inst_01.txt algo4
S9 [3/90] ok S9_inst_01.txt algo4 seconds=0.037772 profit=2084037 moving_time=7650
S9 [4/90] running S9_inst_02.txt algo2
S1 [2/90] ok S1_inst_01.txt algo3 seconds=10.024514 profit=2076945 moving_time=7020
S1 [3/90] running S1_inst_01.txt algo4
S5 [2/90] ok S5_inst_01.txt algo3 seconds=10.022974 profit=1670050 moving_time=7740
S5 [3/90] running S5_inst_01.txt algo4
S1 [3/90] ok S1_inst_01.txt algo4 seconds=0.036576 profit=2076945 moving_time=7020
S1 [4/90] running S1_inst_02.txt algo2
S7 [2/90] ok S7_inst_01.txt algo3 seconds=10.033992 profit=1954527 moving_time=7830
S7 [3/90] running S7_inst_01.txt algo4
S5 [3/90] ok S5_inst_01.txt algo4 seconds=0.051281 profit=1670050 moving_time=7740
S5 [4/90] running S5_inst_02.txt algo2
S7 [3/90] ok S7_inst_01.txt algo4 seconds=0.039186 profit=1954527 moving_time=7830
S7 [4/90] running S7_inst_02.txt algo2
S11 [2/90] ok S11_inst_01.txt algo3 seconds=10.023468 profit=1868896 moving_time=7290
S11 [3/90] running S11_inst_01.txt algo4
S14 [2/90] ok S14_inst_01.txt algo3 seconds=10.026875 profit=1813782 moving_time=7020
S14 [3/90] running S14_inst_01.txt algo4
Restricted license - for non-production use only - expires 2027-11-29
S14 [3/90] ok S14_inst_01.txt algo4 seconds=0.043395 profit=1813782 moving_time=7020
S14 [4/90] running S14_inst_02.txt algo2
S6 [2/90] ok S6_inst_01.txt algo3 seconds=10.033111 profit=1893458 moving_time=9000
S6 [3/90] running S6_inst_01.txt algo4
S6 [3/90] ok S6_inst_01.txt algo4 seconds=0.049071 profit=1893458 moving_time=9000
S6 [4/90] running S6_inst_02.txt algo2
S1 [4/90] ok S1_inst_02.txt algo2 seconds=0.448990 profit=1968696 moving_time=9000
S1 [5/90] running S1_inst_02.txt algo3
S9 [4/90] ok S9_inst_02.txt algo2 seconds=0.582466 profit=1685863 moving_time=8910
S9 [5/90] running S9_inst_02.txt algo3
S8 [2/90] ok S8_inst_01.txt algo3 seconds=10.028686 profit=1348581 moving_time=5940
S8 [3/90] running S8_inst_01.txt algo4
Restricted license - for non-production use only - expires 2027-11-29
S10 [2/90] ok S10_inst_01.txt algo3 seconds=10.032348 profit=1601581 moving_time=7110
S10 [3/90] running S10_inst_01.txt algo4
Restricted license - for non-production use only - expires 2027-11-29
S5 [4/90] ok S5_inst_02.txt algo2 seconds=0.883614 profit=1720307 moving_time=8820
S5 [5/90] running S5_inst_02.txt algo3
S14 [4/90] ok S14_inst_02.txt algo2 seconds=0.953427 profit=1691454 moving_time=6570
S14 [5/90] running S14_inst_02.txt algo3
S6 [4/90] ok S6_inst_02.txt algo2 seconds=0.947155 profit=1857071 moving_time=9000
S6 [5/90] running S6_inst_02.txt algo3
S13 [2/90] ok S13_inst_01.txt algo3 seconds=10.021778 profit=-910498 moving_time=1890
S13 [3/90] running S13_inst_01.txt algo4
S12 [2/90] ok S12_inst_01.txt algo3 seconds=10.025364 profit=-3103563 moving_time=0
S12 [3/90] running S12_inst_01.txt algo4
Restricted license - for non-production use only - expires 2027-11-29
S7 [4/90] ok S7_inst_02.txt algo2 seconds=1.313474 profit=1224414 moving_time=4770
S7 [5/90] running S7_inst_02.txt algo3
Restricted license - for non-production use only - expires 2027-11-29
S4 [2/90] ok S4_inst_01.txt algo3 seconds=10.039659 profit=4186598 moving_time=18630
S4 [3/90] running S4_inst_01.txt algo4
Restricted license - for non-production use only - expires 2027-11-29
S2 [5/90] ok S2_inst_02.txt algo3 seconds=10.020359 profit=116227 moving_time=720
S2 [6/90] running S2_inst_02.txt algo4
S2 [6/90] ok S2_inst_02.txt algo4 seconds=0.021562 profit=116227 moving_time=720
S2 [7/90] running S2_inst_03.txt algo2
S2 [7/90] ok S2_inst_03.txt algo2 seconds=0.062420 profit=143222 moving_time=900
S2 [8/90] running S2_inst_03.txt algo3
S3 [5/90] ok S3_inst_02.txt algo3 seconds=10.016169 profit=539819 moving_time=2430
S3 [6/90] running S3_inst_02.txt algo4
S3 [6/90] ok S3_inst_02.txt algo4 seconds=0.031668 profit=539819 moving_time=2430
S3 [7/90] running S3_inst_03.txt algo2
S3 [7/90] ok S3_inst_03.txt algo2 seconds=0.158231 profit=515235 moving_time=2970
S3 [8/90] running S3_inst_03.txt algo3
S11 [3/90] ok S11_inst_01.txt algo4 seconds=9.967120 profit=1868896 moving_time=7290
S11 [4/90] running S11_inst_02.txt algo2
S1 [5/90] ok S1_inst_02.txt algo3 seconds=10.015088 profit=1968696 moving_time=8100
S1 [6/90] running S1_inst_02.txt algo4
S9 [5/90] ok S9_inst_02.txt algo3 seconds=10.020888 profit=1685863 moving_time=7470
S9 [6/90] running S9_inst_02.txt algo4
S1 [6/90] ok S1_inst_02.txt algo4 seconds=0.057468 profit=1968696 moving_time=8100
S1 [7/90] running S1_inst_03.txt algo2
S8 [3/90] ok S8_inst_01.txt algo4 seconds=9.973538 profit=1392105 moving_time=5940
S8 [4/90] running S8_inst_02.txt algo2
S9 [6/90] ok S9_inst_02.txt algo4 seconds=0.035000 profit=1685863 moving_time=7470
S9 [7/90] running S9_inst_03.txt algo2
S10 [3/90] ok S10_inst_01.txt algo4 seconds=9.963251 profit=1601581 moving_time=7110
S10 [4/90] running S10_inst_02.txt algo2
S11 [4/90] ok S11_inst_02.txt algo2 seconds=0.818537 profit=1744443 moving_time=8910
S11 [5/90] running S11_inst_02.txt algo3
S1 [7/90] ok S1_inst_03.txt algo2 seconds=0.576827 profit=1861859 moving_time=8640
S1 [8/90] running S1_inst_03.txt algo3
S9 [7/90] ok S9_inst_03.txt algo2 seconds=0.592595 profit=2117582 moving_time=9000
S9 [8/90] running S9_inst_03.txt algo3
S13 [3/90] ok S13_inst_01.txt algo4 seconds=9.977789 profit=-671833 moving_time=1890
S13 [4/90] running S13_inst_02.txt algo2
S14 [5/90] ok S14_inst_02.txt algo3 seconds=10.016408 profit=2016948 moving_time=6570
S14 [6/90] running S14_inst_02.txt algo4
S5 [5/90] ok S5_inst_02.txt algo3 seconds=10.016339 profit=1720307 moving_time=7200
S5 [6/90] running S5_inst_02.txt algo4
S6 [5/90] ok S6_inst_02.txt algo3 seconds=10.016820 profit=1857071 moving_time=9000
S6 [6/90] running S6_inst_02.txt algo4
S12 [3/90] ok S12_inst_01.txt algo4 seconds=9.984245 profit=-3103563 moving_time=0
S12 [4/90] running S12_inst_02.txt algo2
Restricted license - for non-production use only - expires 2027-11-29
Restricted license - for non-production use only - expires 2027-11-29
S6 [6/90] ok S6_inst_02.txt algo4 seconds=0.048803 profit=1857071 moving_time=9000
S6 [7/90] running S6_inst_03.txt algo2
S8 [4/90] ok S8_inst_02.txt algo2 seconds=0.884810 profit=1874352 moving_time=9000
S8 [5/90] running S8_inst_02.txt algo3
S7 [5/90] ok S7_inst_02.txt algo3 seconds=10.014070 profit=1556415 moving_time=4770
S7 [6/90] running S7_inst_02.txt algo4
Restricted license - for non-production use only - expires 2027-11-29
S10 [4/90] ok S10_inst_02.txt algo2 seconds=1.371247 profit=1720595 moving_time=7920
S10 [5/90] running S10_inst_02.txt algo3
S6 [7/90] ok S6_inst_03.txt algo2 seconds=0.779080 profit=2065068 moving_time=9000
S6 [8/90] running S6_inst_03.txt algo3
S4 [3/90] ok S4_inst_01.txt algo4 seconds=9.973639 profit=4245146 moving_time=18990
S4 [4/90] running S4_inst_02.txt algo2
S13 [4/90] ok S13_inst_02.txt algo2 seconds=1.652218 profit=24772 moving_time=2970
S13 [5/90] running S13_inst_02.txt algo3
S12 [4/90] ok S12_inst_02.txt algo2 seconds=2.080900 profit=-2873641 moving_time=0
S12 [5/90] running S12_inst_02.txt algo3
S4 [4/90] ok S4_inst_02.txt algo2 seconds=1.836528 profit=4463651 moving_time=21420
S4 [5/90] running S4_inst_02.txt algo3
S2 [8/90] ok S2_inst_03.txt algo3 seconds=10.010049 profit=143222 moving_time=810
S2 [9/90] running S2_inst_03.txt algo4
S2 [9/90] ok S2_inst_03.txt algo4 seconds=0.042473 profit=143222 moving_time=810
S2 [10/90] running S2_inst_04.txt algo2
S2 [10/90] ok S2_inst_04.txt algo2 seconds=0.059256 profit=153613 moving_time=900
S2 [11/90] running S2_inst_04.txt algo3
S3 [8/90] ok S3_inst_03.txt algo3 seconds=10.013945 profit=515235 moving_time=2430
S3 [9/90] running S3_inst_03.txt algo4
S3 [9/90] ok S3_inst_03.txt algo4 seconds=0.047022 profit=515235 moving_time=2430
S3 [10/90] running S3_inst_04.txt algo2
S3 [10/90] ok S3_inst_04.txt algo2 seconds=0.157086 profit=462023 moving_time=2970
S3 [11/90] running S3_inst_04.txt algo3
S11 [5/90] ok S11_inst_02.txt algo3 seconds=10.015108 profit=1744443 moving_time=7740
S11 [6/90] running S11_inst_02.txt algo4
S11 [6/90] ok S11_inst_02.txt algo4 seconds=0.042007 profit=1744443 moving_time=7740
S11 [7/90] running S11_inst_03.txt algo2
S1 [8/90] ok S1_inst_03.txt algo3 seconds=10.017919 profit=1861859 moving_time=6750
S1 [9/90] running S1_inst_03.txt algo4
S9 [8/90] ok S9_inst_03.txt algo3 seconds=10.014978 profit=2117582 moving_time=7200
S9 [9/90] running S9_inst_03.txt algo4
S1 [9/90] ok S1_inst_03.txt algo4 seconds=0.050886 profit=1861859 moving_time=6750
S1 [10/90] running S1_inst_04.txt algo2
S9 [9/90] ok S9_inst_03.txt algo4 seconds=0.047810 profit=2117582 moving_time=7200
S9 [10/90] running S9_inst_04.txt algo2
S5 [6/90] ok S5_inst_02.txt algo4 seconds=9.973894 profit=1720307 moving_time=7200
S5 [7/90] running S5_inst_03.txt algo2
S14 [6/90] ok S14_inst_02.txt algo4 seconds=9.972810 profit=2057922 moving_time=6570
S14 [7/90] running S14_inst_03.txt algo2
S7 [6/90] ok S7_inst_02.txt algo4 seconds=9.972216 profit=1626945 moving_time=4770
S7 [7/90] running S7_inst_03.txt algo2
S8 [5/90] ok S8_inst_02.txt algo3 seconds=10.018728 profit=1874352 moving_time=6930
S8 [6/90] running S8_inst_02.txt algo4
S8 [6/90] ok S8_inst_02.txt algo4 seconds=0.038790 profit=1874352 moving_time=6930
S8 [7/90] running S8_inst_03.txt algo2
S5 [7/90] ok S5_inst_03.txt algo2 seconds=0.451938 profit=1618603 moving_time=8910
S5 [8/90] running S5_inst_03.txt algo3
S9 [10/90] ok S9_inst_04.txt algo2 seconds=0.551189 profit=1629840 moving_time=8910
S9 [11/90] running S9_inst_04.txt algo3
S1 [10/90] ok S1_inst_04.txt algo2 seconds=0.614135 profit=2325960 moving_time=8910
S1 [11/90] running S1_inst_04.txt algo3
S11 [7/90] ok S11_inst_03.txt algo2 seconds=0.867729 profit=1776266 moving_time=9000
S11 [8/90] running S11_inst_03.txt algo3
S14 [7/90] ok S14_inst_03.txt algo2 seconds=0.616643 profit=1892682 moving_time=8820
S14 [8/90] running S14_inst_03.txt algo3
S10 [5/90] ok S10_inst_02.txt algo3 seconds=10.014523 profit=1878767 moving_time=7020
S10 [6/90] running S10_inst_02.txt algo4
S7 [7/90] ok S7_inst_03.txt algo2 seconds=0.685609 profit=1990041 moving_time=9000
S7 [8/90] running S7_inst_03.txt algo3
S6 [8/90] ok S6_inst_03.txt algo3 seconds=10.012745 profit=2065068 moving_time=9000
S6 [9/90] running S6_inst_03.txt algo4
S6 [9/90] ok S6_inst_03.txt algo4 seconds=0.045765 profit=2065068 moving_time=9000
S6 [10/90] running S6_inst_04.txt algo2
S8 [7/90] ok S8_inst_03.txt algo2 seconds=0.794847 profit=1979061 moving_time=8910
S8 [8/90] running S8_inst_03.txt algo3
S13 [5/90] ok S13_inst_02.txt algo3 seconds=10.016013 profit=456289 moving_time=2970
S13 [6/90] running S13_inst_02.txt algo4
S6 [10/90] ok S6_inst_04.txt algo2 seconds=0.965588 profit=2212228 moving_time=9000
S6 [11/90] running S6_inst_04.txt algo3
S12 [5/90] ok S12_inst_02.txt algo3 seconds=10.014044 profit=-2873641 moving_time=0
S12 [6/90] running S12_inst_02.txt algo4
S4 [5/90] ok S4_inst_02.txt algo3 seconds=10.020941 profit=4463651 moving_time=18270
S4 [6/90] running S4_inst_02.txt algo4
S2 [11/90] ok S2_inst_04.txt algo3 seconds=10.020053 profit=153613 moving_time=630
S2 [12/90] running S2_inst_04.txt algo4
S2 [12/90] ok S2_inst_04.txt algo4 seconds=0.025949 profit=153613 moving_time=630
S2 [13/90] running S2_inst_05.txt algo2
S2 [13/90] ok S2_inst_05.txt algo2 seconds=0.068127 profit=198431 moving_time=900
S2 [14/90] running S2_inst_05.txt algo3
S3 [11/90] ok S3_inst_04.txt algo3 seconds=10.017737 profit=462023 moving_time=2700
S3 [12/90] running S3_inst_04.txt algo4
S3 [12/90] ok S3_inst_04.txt algo4 seconds=0.027851 profit=462023 moving_time=2700
S3 [13/90] running S3_inst_05.txt algo2
S3 [13/90] ok S3_inst_05.txt algo2 seconds=0.167062 profit=490314 moving_time=2970
S3 [14/90] running S3_inst_05.txt algo3
S5 [8/90] ok S5_inst_03.txt algo3 seconds=10.011629 profit=1618603 moving_time=7290
S5 [9/90] running S5_inst_03.txt algo4
S5 [9/90] ok S5_inst_03.txt algo4 seconds=0.033251 profit=1618603 moving_time=7290
S5 [10/90] running S5_inst_04.txt algo2
S9 [11/90] ok S9_inst_04.txt algo3 seconds=10.035505 profit=1629840 moving_time=7560
S9 [12/90] running S9_inst_04.txt algo4
S1 [11/90] ok S1_inst_04.txt algo3 seconds=10.029183 profit=2325960 moving_time=7200
S1 [12/90] running S1_inst_04.txt algo4
S11 [8/90] ok S11_inst_03.txt algo3 seconds=10.014789 profit=1776266 moving_time=7650
S11 [9/90] running S11_inst_03.txt algo4
S9 [12/90] ok S9_inst_04.txt algo4 seconds=0.050573 profit=1629840 moving_time=7560
S9 [13/90] running S9_inst_05.txt algo2
S11 [9/90] ok S11_inst_03.txt algo4 seconds=0.048848 profit=1776266 moving_time=7650
S11 [10/90] running S11_inst_04.txt algo2
S14 [8/90] ok S14_inst_03.txt algo3 seconds=10.017712 profit=1892682 moving_time=7020
S14 [9/90] running S14_inst_03.txt algo4
S14 [9/90] ok S14_inst_03.txt algo4 seconds=0.042205 profit=1892682 moving_time=7020
S14 [10/90] running S14_inst_04.txt algo2
S10 [6/90] ok S10_inst_02.txt algo4 seconds=9.962155 profit=1878851 moving_time=7020
S10 [7/90] running S10_inst_03.txt algo2
S7 [8/90] ok S7_inst_03.txt algo3 seconds=10.014447 profit=1990041 moving_time=7290
S7 [9/90] running S7_inst_03.txt algo4
S7 [9/90] ok S7_inst_03.txt algo4 seconds=0.030042 profit=1990041 moving_time=7290
S7 [10/90] running S7_inst_04.txt algo2
S8 [8/90] ok S8_inst_03.txt algo3 seconds=10.022032 profit=1979061 moving_time=7470
S8 [9/90] running S8_inst_03.txt algo4
S5 [10/90] ok S5_inst_04.txt algo2 seconds=0.533179 profit=1670351 moving_time=8820
S5 [11/90] running S5_inst_04.txt algo3
S8 [9/90] ok S8_inst_03.txt algo4 seconds=0.041250 profit=1979061 moving_time=7470
S8 [10/90] running S8_inst_04.txt algo2
S9 [13/90] ok S9_inst_05.txt algo2 seconds=0.531564 profit=1673386 moving_time=8910
S9 [14/90] running S9_inst_05.txt algo3
S7 [10/90] ok S7_inst_04.txt algo2 seconds=0.454147 profit=1817887 moving_time=8910
S7 [11/90] running S7_inst_04.txt algo3
S11 [10/90] ok S11_inst_04.txt algo2 seconds=0.684150 profit=1804050 moving_time=8730
S11 [11/90] running S11_inst_04.txt algo3
S14 [10/90] ok S14_inst_04.txt algo2 seconds=0.706865 profit=2013898 moving_time=8910
S14 [11/90] running S14_inst_04.txt algo3
S13 [6/90] ok S13_inst_02.txt algo4 seconds=9.980604 profit=555142 moving_time=2970
S13 [7/90] running S13_inst_03.txt algo2
S10 [7/90] ok S10_inst_03.txt algo2 seconds=1.089442 profit=1757555 moving_time=8010
S10 [8/90] running S10_inst_03.txt algo3
S8 [10/90] ok S8_inst_04.txt algo2 seconds=0.809682 profit=1655807 moving_time=8910
S8 [11/90] running S8_inst_04.txt algo3
S6 [11/90] ok S6_inst_04.txt algo3 seconds=10.020270 profit=2212228 moving_time=9000
S6 [12/90] running S6_inst_04.txt algo4
S6 [12/90] ok S6_inst_04.txt algo4 seconds=0.052628 profit=2212228 moving_time=9000
S6 [13/90] running S6_inst_05.txt algo2
S12 [6/90] ok S12_inst_02.txt algo4 seconds=9.964943 profit=-2873641 moving_time=0
S12 [7/90] running S12_inst_03.txt algo2
S6 [13/90] ok S6_inst_05.txt algo2 seconds=0.991289 profit=1674750 moving_time=9000
S6 [14/90] running S6_inst_05.txt algo3
S13 [7/90] ok S13_inst_03.txt algo2 seconds=1.656831 profit=-440186 moving_time=1980
S13 [8/90] running S13_inst_03.txt algo3
S4 [6/90] ok S4_inst_02.txt algo4 seconds=9.976314 profit=4463651 moving_time=18270
S4 [7/90] running S4_inst_03.txt algo2
S12 [7/90] ok S12_inst_03.txt algo2 seconds=2.344994 profit=-3019615 moving_time=0
S12 [8/90] running S12_inst_03.txt algo3
S4 [7/90] ok S4_inst_03.txt algo2 seconds=1.695330 profit=4871285 moving_time=21240
S4 [8/90] running S4_inst_03.txt algo3
S2 [14/90] ok S2_inst_05.txt algo3 seconds=10.013919 profit=198431 moving_time=900
S2 [15/90] running S2_inst_05.txt algo4
S2 [15/90] ok S2_inst_05.txt algo4 seconds=0.026501 profit=198431 moving_time=900
S2 [16/90] running S2_inst_06.txt algo2
S2 [16/90] ok S2_inst_06.txt algo2 seconds=0.054526 profit=182005 moving_time=900
S2 [17/90] running S2_inst_06.txt algo3
S3 [14/90] ok S3_inst_05.txt algo3 seconds=10.012923 profit=490314 moving_time=2430
S3 [15/90] running S3_inst_05.txt algo4
S3 [15/90] ok S3_inst_05.txt algo4 seconds=0.035522 profit=490314 moving_time=2430
S3 [16/90] running S3_inst_06.txt algo2
S3 [16/90] ok S3_inst_06.txt algo2 seconds=0.164980 profit=507162 moving_time=2970
S3 [17/90] running S3_inst_06.txt algo3
S1 [12/90] ok S1_inst_04.txt algo4 seconds=9.966441 profit=2325960 moving_time=7200
S1 [13/90] running S1_inst_05.txt algo2
S1 [13/90] ok S1_inst_05.txt algo2 seconds=0.487367 profit=1994277 moving_time=8820
S1 [14/90] running S1_inst_05.txt algo3
S5 [11/90] ok S5_inst_04.txt algo3 seconds=10.010696 profit=1670351 moving_time=6930
S5 [12/90] running S5_inst_04.txt algo4
S9 [14/90] ok S9_inst_05.txt algo3 seconds=10.017146 profit=1673386 moving_time=7200
S9 [15/90] running S9_inst_05.txt algo4
S9 [15/90] ok S9_inst_05.txt algo4 seconds=0.043776 profit=1673386 moving_time=7200
S9 [16/90] running S9_inst_06.txt algo2
S7 [11/90] ok S7_inst_04.txt algo3 seconds=10.013727 profit=1817887 moving_time=7290
S7 [12/90] running S7_inst_04.txt algo4
S11 [11/90] ok S11_inst_04.txt algo3 seconds=10.022408 profit=1804050 moving_time=7560
S11 [12/90] running S11_inst_04.txt algo4
S7 [12/90] ok S7_inst_04.txt algo4 seconds=0.034928 profit=1817887 moving_time=7290
S7 [13/90] running S7_inst_05.txt algo2
S11 [12/90] ok S11_inst_04.txt algo4 seconds=0.044580 profit=1804050 moving_time=7560
S11 [13/90] running S11_inst_05.txt algo2
S14 [11/90] ok S14_inst_04.txt algo3 seconds=10.014934 profit=2013898 moving_time=7110
S14 [12/90] running S14_inst_04.txt algo4
S14 [12/90] ok S14_inst_04.txt algo4 seconds=0.054313 profit=2013898 moving_time=7110
S14 [13/90] running S14_inst_05.txt algo2
S9 [16/90] ok S9_inst_06.txt algo2 seconds=0.546054 profit=1944451 moving_time=8910
S9 [17/90] running S9_inst_06.txt algo3
S10 [8/90] ok S10_inst_03.txt algo3 seconds=10.012482 profit=1970264 moving_time=7920
S10 [9/90] running S10_inst_03.txt algo4
S8 [11/90] ok S8_inst_04.txt algo3 seconds=10.016163 profit=1655807 moving_time=7560
S8 [12/90] running S8_inst_04.txt algo4
S8 [12/90] ok S8_inst_04.txt algo4 seconds=0.054017 profit=1655807 moving_time=7560
S8 [13/90] running S8_inst_05.txt algo2
S7 [13/90] ok S7_inst_05.txt algo2 seconds=0.736887 profit=1921815 moving_time=8910
S7 [14/90] running S7_inst_05.txt algo3
S14 [13/90] ok S14_inst_05.txt algo2 seconds=0.656480 profit=1710899 moving_time=8910
S14 [14/90] running S14_inst_05.txt algo3
S11 [13/90] ok S11_inst_05.txt algo2 seconds=0.827991 profit=1854543 moving_time=8820
S11 [14/90] running S11_inst_05.txt algo3
S8 [13/90] ok S8_inst_05.txt algo2 seconds=0.709429 profit=1880022 moving_time=9000
S8 [14/90] running S8_inst_05.txt algo3
S6 [14/90] ok S6_inst_05.txt algo3 seconds=10.014735 profit=1674750 moving_time=9000
S6 [15/90] running S6_inst_05.txt algo4
S6 [15/90] ok S6_inst_05.txt algo4 seconds=0.037716 profit=1674750 moving_time=9000
S6 [16/90] running S6_inst_06.txt algo2
S13 [8/90] ok S13_inst_03.txt algo3 seconds=10.009639 profit=-292373 moving_time=1980
S13 [9/90] running S13_inst_03.txt algo4
S6 [16/90] ok S6_inst_06.txt algo2 seconds=0.568912 profit=1825883 moving_time=8910
S6 [17/90] running S6_inst_06.txt algo3
S12 [8/90] ok S12_inst_03.txt algo3 seconds=10.017474 profit=-3019615 moving_time=0
S12 [9/90] running S12_inst_03.txt algo4
S4 [8/90] ok S4_inst_03.txt algo3 seconds=10.018795 profit=4871285 moving_time=18810
S4 [9/90] running S4_inst_03.txt algo4
S4 [9/90] ok S4_inst_03.txt algo4 seconds=0.057390 profit=4871285 moving_time=18810
S4 [10/90] running S4_inst_04.txt algo2
S4 [10/90] ok S4_inst_04.txt algo2 seconds=1.906805 profit=4100045 moving_time=21150
S4 [11/90] running S4_inst_04.txt algo3
S2 [17/90] ok S2_inst_06.txt algo3 seconds=10.010561 profit=182005 moving_time=810
S2 [18/90] running S2_inst_06.txt algo4
S2 [18/90] ok S2_inst_06.txt algo4 seconds=0.026685 profit=182005 moving_time=810
S2 [19/90] running S2_inst_07.txt algo2
S2 [19/90] ok S2_inst_07.txt algo2 seconds=0.059425 profit=171673 moving_time=900
S2 [20/90] running S2_inst_07.txt algo3
S3 [17/90] ok S3_inst_06.txt algo3 seconds=10.013891 profit=507162 moving_time=2430
S3 [18/90] running S3_inst_06.txt algo4
S3 [18/90] ok S3_inst_06.txt algo4 seconds=0.044659 profit=507162 moving_time=2430
S3 [19/90] running S3_inst_07.txt algo2
S3 [19/90] ok S3_inst_07.txt algo2 seconds=0.126834 profit=676874 moving_time=2970
S3 [20/90] running S3_inst_07.txt algo3
S1 [14/90] ok S1_inst_05.txt algo3 seconds=10.017290 profit=1994277 moving_time=6750
S1 [15/90] running S1_inst_05.txt algo4
S5 [12/90] ok S5_inst_04.txt algo4 seconds=9.969590 profit=1670351 moving_time=6930
S5 [13/90] running S5_inst_05.txt algo2
S1 [15/90] ok S1_inst_05.txt algo4 seconds=0.046355 profit=1994277 moving_time=6750
S1 [16/90] running S1_inst_06.txt algo2
S5 [13/90] ok S5_inst_05.txt algo2 seconds=0.533136 profit=1410427 moving_time=9000
S5 [14/90] running S5_inst_05.txt algo3
S1 [16/90] ok S1_inst_06.txt algo2 seconds=0.532573 profit=2177625 moving_time=8730
S1 [17/90] running S1_inst_06.txt algo3
S10 [9/90] ok S10_inst_03.txt algo4 seconds=9.972196 profit=1970264 moving_time=7920
S10 [10/90] running S10_inst_04.txt algo2
S9 [17/90] ok S9_inst_06.txt algo3 seconds=10.015213 profit=1944451 moving_time=7740
S9 [18/90] running S9_inst_06.txt algo4
S9 [18/90] ok S9_inst_06.txt algo4 seconds=0.052002 profit=1944451 moving_time=7740
S9 [19/90] running S9_inst_07.txt algo2
S7 [14/90] ok S7_inst_05.txt algo3 seconds=10.014639 profit=1921815 moving_time=7290
S7 [15/90] running S7_inst_05.txt algo4
S7 [15/90] ok S7_inst_05.txt algo4 seconds=0.049165 profit=1921815 moving_time=7290
S7 [16/90] running S7_inst_06.txt algo2
S14 [14/90] ok S14_inst_05.txt algo3 seconds=10.015619 profit=1710899 moving_time=7740
S14 [15/90] running S14_inst_05.txt algo4
S14 [15/90] ok S14_inst_05.txt algo4 seconds=0.028029 profit=1710899 moving_time=7740
S14 [16/90] running S14_inst_06.txt algo2
S11 [14/90] ok S11_inst_05.txt algo3 seconds=10.021219 profit=1854543 moving_time=7830
S11 [15/90] running S11_inst_05.txt algo4
S11 [15/90] ok S11_inst_05.txt algo4 seconds=0.039423 profit=1854543 moving_time=7830
S11 [16/90] running S11_inst_06.txt algo2
S9 [19/90] ok S9_inst_07.txt algo2 seconds=0.529284 profit=1784800 moving_time=9000
S9 [20/90] running S9_inst_07.txt algo3
S8 [14/90] ok S8_inst_05.txt algo3 seconds=10.022345 profit=1880022 moving_time=7470
S8 [15/90] running S8_inst_05.txt algo4
S7 [16/90] ok S7_inst_06.txt algo2 seconds=0.588193 profit=2080882 moving_time=8820
S7 [17/90] running S7_inst_06.txt algo3
S8 [15/90] ok S8_inst_05.txt algo4 seconds=0.046123 profit=1880022 moving_time=7470
S8 [16/90] running S8_inst_06.txt algo2
S14 [16/90] ok S14_inst_06.txt algo2 seconds=0.560963 profit=1924969 moving_time=8910
S14 [17/90] running S14_inst_06.txt algo3
S10 [10/90] ok S10_inst_04.txt algo2 seconds=1.145959 profit=1658408 moving_time=8640
S10 [11/90] running S10_inst_04.txt algo3
S11 [16/90] ok S11_inst_06.txt algo2 seconds=0.809993 profit=1860134 moving_time=9000
S11 [17/90] running S11_inst_06.txt algo3
S13 [9/90] ok S13_inst_03.txt algo4 seconds=9.972366 profit=-121916 moving_time=1980
S13 [10/90] running S13_inst_04.txt algo2
S8 [16/90] ok S8_inst_06.txt algo2 seconds=0.566082 profit=1762008 moving_time=8730
S8 [17/90] running S8_inst_06.txt algo3
S6 [17/90] ok S6_inst_06.txt algo3 seconds=10.015417 profit=1825883 moving_time=8910
S6 [18/90] running S6_inst_06.txt algo4
S12 [9/90] ok S12_inst_03.txt algo4 seconds=9.971989 profit=-3019615 moving_time=0
S12 [10/90] running S12_inst_04.txt algo2
S13 [10/90] ok S13_inst_04.txt algo2 seconds=1.747760 profit=-2017929 moving_time=900
S13 [11/90] running S13_inst_04.txt algo3
S12 [10/90] ok S12_inst_04.txt algo2 seconds=2.107234 profit=-3299890 moving_time=0
S12 [11/90] running S12_inst_04.txt algo3
S4 [11/90] ok S4_inst_04.txt algo3 seconds=10.025486 profit=4100045 moving_time=18720
S4 [12/90] running S4_inst_04.txt algo4
S2 [20/90] ok S2_inst_07.txt algo3 seconds=10.014574 profit=171673 moving_time=900
S2 [21/90] running S2_inst_07.txt algo4
S2 [21/90] ok S2_inst_07.txt algo4 seconds=0.040438 profit=171673 moving_time=900
S2 [22/90] running S2_inst_08.txt algo2
S2 [22/90] ok S2_inst_08.txt algo2 seconds=0.067910 profit=106480 moving_time=900
S2 [23/90] running S2_inst_08.txt algo3
S3 [20/90] ok S3_inst_07.txt algo3 seconds=10.018321 profit=676874 moving_time=2610
S3 [21/90] running S3_inst_07.txt algo4
S3 [21/90] ok S3_inst_07.txt algo4 seconds=0.029326 profit=676874 moving_time=2610
S3 [22/90] running S3_inst_08.txt algo2
S3 [22/90] ok S3_inst_08.txt algo2 seconds=0.164019 profit=573058 moving_time=2970
S3 [23/90] running S3_inst_08.txt algo3
S5 [14/90] ok S5_inst_05.txt algo3 seconds=10.020140 profit=1410427 moving_time=7740
S5 [15/90] running S5_inst_05.txt algo4
S1 [17/90] ok S1_inst_06.txt algo3 seconds=10.023799 profit=2177625 moving_time=7830
S1 [18/90] running S1_inst_06.txt algo4
S5 [15/90] ok S5_inst_05.txt algo4 seconds=0.042895 profit=1410427 moving_time=7740
S5 [16/90] running S5_inst_06.txt algo2
S1 [18/90] ok S1_inst_06.txt algo4 seconds=0.040225 profit=2177625 moving_time=7830
S1 [19/90] running S1_inst_07.txt algo2
S1 [19/90] ok S1_inst_07.txt algo2 seconds=0.609466 profit=1677512 moving_time=9000
S1 [20/90] running S1_inst_07.txt algo3
S5 [16/90] ok S5_inst_06.txt algo2 seconds=0.715293 profit=1568036 moving_time=8910
S5 [17/90] running S5_inst_06.txt algo3
S9 [20/90] ok S9_inst_07.txt algo3 seconds=10.028074 profit=1784800 moving_time=7740
S9 [21/90] running S9_inst_07.txt algo4
S9 [21/90] ok S9_inst_07.txt algo4 seconds=0.040909 profit=1784800 moving_time=7740
S9 [22/90] running S9_inst_08.txt algo2
S7 [17/90] ok S7_inst_06.txt algo3 seconds=10.013141 profit=2080882 moving_time=7290
S7 [18/90] running S7_inst_06.txt algo4
S14 [17/90] ok S14_inst_06.txt algo3 seconds=10.016139 profit=1924969 moving_time=6840
S14 [18/90] running S14_inst_06.txt algo4
S7 [18/90] ok S7_inst_06.txt algo4 seconds=0.039617 profit=2080882 moving_time=7290
S7 [19/90] running S7_inst_07.txt algo2
S14 [18/90] ok S14_inst_06.txt algo4 seconds=0.036464 profit=1924969 moving_time=6840
S14 [19/90] running S14_inst_07.txt algo2
S10 [11/90] ok S10_inst_04.txt algo3 seconds=10.020228 profit=1742114 moving_time=7830
S10 [12/90] running S10_inst_04.txt algo4
S9 [22/90] ok S9_inst_08.txt algo2 seconds=0.506927 profit=1622319 moving_time=8910
S9 [23/90] running S9_inst_08.txt algo3
S11 [17/90] ok S11_inst_06.txt algo3 seconds=10.018780 profit=1860134 moving_time=7470
S11 [18/90] running S11_inst_06.txt algo4
S11 [18/90] ok S11_inst_06.txt algo4 seconds=0.039268 profit=1860134 moving_time=7470
S11 [19/90] running S11_inst_07.txt algo2
S8 [17/90] ok S8_inst_06.txt algo3 seconds=10.012561 profit=1762008 moving_time=7200
S8 [18/90] running S8_inst_06.txt algo4
S8 [18/90] ok S8_inst_06.txt algo4 seconds=0.044694 profit=1762008 moving_time=7200
S8 [19/90] running S8_inst_07.txt algo2
S7 [19/90] ok S7_inst_07.txt algo2 seconds=0.702301 profit=1912914 moving_time=8820
S7 [20/90] running S7_inst_07.txt algo3
S6 [18/90] ok S6_inst_06.txt algo4 seconds=9.971389 profit=1825883 moving_time=8910
S6 [19/90] running S6_inst_07.txt algo2
S14 [19/90] ok S14_inst_07.txt algo2 seconds=0.821927 profit=1557232 moving_time=8820
S14 [20/90] running S14_inst_07.txt algo3
S11 [19/90] ok S11_inst_07.txt algo2 seconds=0.847762 profit=1887038 moving_time=8910
S11 [20/90] running S11_inst_07.txt algo3
S8 [19/90] ok S8_inst_07.txt algo2 seconds=0.619915 profit=2034182 moving_time=9000
S8 [20/90] running S8_inst_07.txt algo3
S6 [19/90] ok S6_inst_07.txt algo2 seconds=0.712461 profit=2255615 moving_time=9000
S6 [20/90] running S6_inst_07.txt algo3
S13 [11/90] ok S13_inst_04.txt algo3 seconds=10.013228 profit=-1938915 moving_time=900
S13 [12/90] running S13_inst_04.txt algo4
S12 [11/90] ok S12_inst_04.txt algo3 seconds=10.015943 profit=-3299890 moving_time=0
S12 [12/90] running S12_inst_04.txt algo4
S4 [12/90] ok S4_inst_04.txt algo4 seconds=9.988521 profit=4100045 moving_time=18720
S4 [13/90] running S4_inst_05.txt algo2
S2 [23/90] ok S2_inst_08.txt algo3 seconds=10.011803 profit=106480 moving_time=810
S2 [24/90] running S2_inst_08.txt algo4
S2 [24/90] ok S2_inst_08.txt algo4 seconds=0.020564 profit=106480 moving_time=810
S2 [25/90] running S2_inst_09.txt algo2
S2 [25/90] ok S2_inst_09.txt algo2 seconds=0.056021 profit=305776 moving_time=900
S2 [26/90] running S2_inst_09.txt algo3
S4 [13/90] ok S4_inst_05.txt algo2 seconds=2.031584 profit=5329533 moving_time=21150
S4 [14/90] running S4_inst_05.txt algo3
S3 [23/90] ok S3_inst_08.txt algo3 seconds=10.012605 profit=573058 moving_time=2610
S3 [24/90] running S3_inst_08.txt algo4
S3 [24/90] ok S3_inst_08.txt algo4 seconds=0.031880 profit=573058 moving_time=2610
S3 [25/90] running S3_inst_09.txt algo2
S3 [25/90] ok S3_inst_09.txt algo2 seconds=0.127163 profit=522077 moving_time=2880
S3 [26/90] running S3_inst_09.txt algo3
S1 [20/90] ok S1_inst_07.txt algo3 seconds=10.019135 profit=1677512 moving_time=7380
S1 [21/90] running S1_inst_07.txt algo4
S5 [17/90] ok S5_inst_06.txt algo3 seconds=10.011526 profit=1568036 moving_time=7560
S5 [18/90] running S5_inst_06.txt algo4
S1 [21/90] ok S1_inst_07.txt algo4 seconds=0.037132 profit=1677512 moving_time=7380
S1 [22/90] running S1_inst_08.txt algo2
S10 [12/90] ok S10_inst_04.txt algo4 seconds=9.962122 profit=1742114 moving_time=7830
S10 [13/90] running S10_inst_05.txt algo2
S1 [22/90] ok S1_inst_08.txt algo2 seconds=0.503507 profit=1870181 moving_time=8820
S1 [23/90] running S1_inst_08.txt algo3
S9 [23/90] ok S9_inst_08.txt algo3 seconds=10.015489 profit=1622319 moving_time=7740
S9 [24/90] running S9_inst_08.txt algo4
S9 [24/90] ok S9_inst_08.txt algo4 seconds=0.036967 profit=1622319 moving_time=7740
S9 [25/90] running S9_inst_09.txt algo2
S7 [20/90] ok S7_inst_07.txt algo3 seconds=10.023351 profit=1912914 moving_time=7380
S7 [21/90] running S7_inst_07.txt algo4
S9 [25/90] ok S9_inst_09.txt algo2 seconds=0.509304 profit=2184128 moving_time=9000
S9 [26/90] running S9_inst_09.txt algo3
S14 [20/90] ok S14_inst_07.txt algo3 seconds=10.012208 profit=1557232 moving_time=7020
S14 [21/90] running S14_inst_07.txt algo4
S10 [13/90] ok S10_inst_05.txt algo2 seconds=0.999572 profit=1691457 moving_time=7830
S10 [14/90] running S10_inst_05.txt algo3
S11 [20/90] ok S11_inst_07.txt algo3 seconds=10.017969 profit=1887038 moving_time=7650
S11 [21/90] running S11_inst_07.txt algo4
S8 [20/90] ok S8_inst_07.txt algo3 seconds=10.014152 profit=2034182 moving_time=6930
S8 [21/90] running S8_inst_07.txt algo4
S8 [21/90] ok S8_inst_07.txt algo4 seconds=0.040689 profit=2034182 moving_time=6930
S8 [22/90] running S8_inst_08.txt algo2
S11 [21/90] ok S11_inst_07.txt algo4 seconds=0.049275 profit=1887038 moving_time=7650
S11 [22/90] running S11_inst_08.txt algo2
S6 [20/90] ok S6_inst_07.txt algo3 seconds=10.028676 profit=2255615 moving_time=9000
S6 [21/90] running S6_inst_07.txt algo4
S6 [21/90] ok S6_inst_07.txt algo4 seconds=0.029023 profit=2255615 moving_time=9000
S6 [22/90] running S6_inst_08.txt algo2
S8 [22/90] ok S8_inst_08.txt algo2 seconds=0.652157 profit=1906624 moving_time=8640
S8 [23/90] running S8_inst_08.txt algo3
S13 [12/90] ok S13_inst_04.txt algo4 seconds=9.978267 profit=-1905822 moving_time=900
S13 [13/90] running S13_inst_05.txt algo2
S11 [22/90] ok S11_inst_08.txt algo2 seconds=0.869806 profit=1643099 moving_time=8910
S11 [23/90] running S11_inst_08.txt algo3
S6 [22/90] ok S6_inst_08.txt algo2 seconds=0.670382 profit=1986421 moving_time=9000
S6 [23/90] running S6_inst_08.txt algo3
S13 [13/90] ok S13_inst_05.txt algo2 seconds=1.386790 profit=60478 moving_time=2610
S13 [14/90] running S13_inst_05.txt algo3
S12 [12/90] ok S12_inst_04.txt algo4 seconds=9.973518 profit=-3299890 moving_time=0
S12 [13/90] running S12_inst_05.txt algo2
S2 [26/90] ok S2_inst_09.txt algo3 seconds=10.010006 profit=305776 moving_time=810
S2 [27/90] running S2_inst_09.txt algo4
S4 [14/90] ok S4_inst_05.txt algo3 seconds=10.019178 profit=5329533 moving_time=18180
S4 [15/90] running S4_inst_05.txt algo4
S2 [27/90] ok S2_inst_09.txt algo4 seconds=0.027662 profit=305776 moving_time=810
S2 [28/90] running S2_inst_10.txt algo2
S2 [28/90] ok S2_inst_10.txt algo2 seconds=0.054149 profit=96247 moving_time=900
S2 [29/90] running S2_inst_10.txt algo3
S3 [26/90] ok S3_inst_09.txt algo3 seconds=10.010854 profit=522077 moving_time=2250
S3 [27/90] running S3_inst_09.txt algo4
S3 [27/90] ok S3_inst_09.txt algo4 seconds=0.043661 profit=522077 moving_time=2250
S3 [28/90] running S3_inst_10.txt algo2
S12 [13/90] ok S12_inst_05.txt algo2 seconds=2.184057 profit=-3069096 moving_time=0
S12 [14/90] running S12_inst_05.txt algo3
S3 [28/90] ok S3_inst_10.txt algo2 seconds=0.125378 profit=598875 moving_time=2970
S3 [29/90] running S3_inst_10.txt algo3
S5 [18/90] ok S5_inst_06.txt algo4 seconds=9.973284 profit=1568036 moving_time=7560
S5 [19/90] running S5_inst_07.txt algo2
S5 [19/90] ok S5_inst_07.txt algo2 seconds=0.524570 profit=1891533 moving_time=8910
S5 [20/90] running S5_inst_07.txt algo3
S1 [23/90] ok S1_inst_08.txt algo3 seconds=10.013007 profit=1870181 moving_time=7200
S1 [24/90] running S1_inst_08.txt algo4
S1 [24/90] ok S1_inst_08.txt algo4 seconds=0.044952 profit=1870181 moving_time=7200
S1 [25/90] running S1_inst_09.txt algo2
S7 [21/90] ok S7_inst_07.txt algo4 seconds=9.965598 profit=1912914 moving_time=7380
S7 [22/90] running S7_inst_08.txt algo2
S1 [25/90] ok S1_inst_09.txt algo2 seconds=0.602530 profit=1888696 moving_time=8820
S1 [26/90] running S1_inst_09.txt algo3
S9 [26/90] ok S9_inst_09.txt algo3 seconds=10.017343 profit=2184128 moving_time=7020
S9 [27/90] running S9_inst_09.txt algo4
S9 [27/90] ok S9_inst_09.txt algo4 seconds=0.041698 profit=2184128 moving_time=7020
S9 [28/90] running S9_inst_10.txt algo2
S14 [21/90] ok S14_inst_07.txt algo4 seconds=9.964653 profit=1557232 moving_time=7020
S14 [22/90] running S14_inst_08.txt algo2
S10 [14/90] ok S10_inst_05.txt algo3 seconds=10.012629 profit=1759065 moving_time=7110
S10 [15/90] running S10_inst_05.txt algo4
S9 [28/90] ok S9_inst_10.txt algo2 seconds=0.612967 profit=2067997 moving_time=8820
S9 [29/90] running S9_inst_10.txt algo3
S7 [22/90] ok S7_inst_08.txt algo2 seconds=0.897385 profit=1425252 moving_time=8730
S7 [23/90] running S7_inst_08.txt algo3
S14 [22/90] ok S14_inst_08.txt algo2 seconds=0.838656 profit=1287092 moving_time=5670
S14 [23/90] running S14_inst_08.txt algo3
S8 [23/90] ok S8_inst_08.txt algo3 seconds=10.019529 profit=1906624 moving_time=7020
S8 [24/90] running S8_inst_08.txt algo4
S8 [24/90] ok S8_inst_08.txt algo4 seconds=0.040877 profit=1906624 moving_time=7020
S8 [25/90] running S8_inst_09.txt algo2
S11 [23/90] ok S11_inst_08.txt algo3 seconds=10.018843 profit=1643099 moving_time=8010
S11 [24/90] running S11_inst_08.txt algo4
S11 [24/90] ok S11_inst_08.txt algo4 seconds=0.036428 profit=1643099 moving_time=8010
S11 [25/90] running S11_inst_09.txt algo2
S6 [23/90] ok S6_inst_08.txt algo3 seconds=10.010892 profit=1986421 moving_time=9000
S6 [24/90] running S6_inst_08.txt algo4
S6 [24/90] ok S6_inst_08.txt algo4 seconds=0.040914 profit=1986421 moving_time=9000
S6 [25/90] running S6_inst_09.txt algo2
S8 [25/90] ok S8_inst_09.txt algo2 seconds=0.604071 profit=2177527 moving_time=8820
S8 [26/90] running S8_inst_09.txt algo3
S6 [25/90] ok S6_inst_09.txt algo2 seconds=0.617667 profit=1988929 moving_time=9000
S6 [26/90] running S6_inst_09.txt algo3
S11 [25/90] ok S11_inst_09.txt algo2 seconds=0.896916 profit=2176999 moving_time=8910
S11 [26/90] running S11_inst_09.txt algo3
S13 [14/90] ok S13_inst_05.txt algo3 seconds=10.010556 profit=293728 moving_time=2520
S13 [15/90] running S13_inst_05.txt algo4
S4 [15/90] ok S4_inst_05.txt algo4 seconds=9.973580 profit=5329533 moving_time=18180
S4 [16/90] running S4_inst_06.txt algo2
S2 [29/90] ok S2_inst_10.txt algo3 seconds=10.023969 profit=96247 moving_time=720
S2 [30/90] running S2_inst_10.txt algo4
S2 [30/90] ok S2_inst_10.txt algo4 seconds=0.025420 profit=96247 moving_time=720
S2 [31/90] running S2_inst_11.txt algo2
S2 [31/90] ok S2_inst_11.txt algo2 seconds=0.070024 profit=119714 moving_time=900
S2 [32/90] running S2_inst_11.txt algo3
S12 [14/90] ok S12_inst_05.txt algo3 seconds=10.014344 profit=-3150525 moving_time=0
S12 [15/90] running S12_inst_05.txt algo4
S3 [29/90] ok S3_inst_10.txt algo3 seconds=10.019484 profit=598875 moving_time=2160
S3 [30/90] running S3_inst_10.txt algo4
S3 [30/90] ok S3_inst_10.txt algo4 seconds=0.024630 profit=598875 moving_time=2160
S3 [31/90] running S3_inst_11.txt algo2
S3 [31/90] ok S3_inst_11.txt algo2 seconds=0.113532 profit=501605 moving_time=2880
S3 [32/90] running S3_inst_11.txt algo3
S4 [16/90] ok S4_inst_06.txt algo2 seconds=1.748586 profit=4484783 moving_time=21510
S4 [17/90] running S4_inst_06.txt algo3
S5 [20/90] ok S5_inst_07.txt algo3 seconds=10.021868 profit=1891533 moving_time=7020
S5 [21/90] running S5_inst_07.txt algo4
S5 [21/90] ok S5_inst_07.txt algo4 seconds=0.034356 profit=1891533 moving_time=7020
S5 [22/90] running S5_inst_08.txt algo2
S5 [22/90] ok S5_inst_08.txt algo2 seconds=0.455684 profit=1391724 moving_time=8820
S5 [23/90] running S5_inst_08.txt algo3
S1 [26/90] ok S1_inst_09.txt algo3 seconds=10.014756 profit=1888696 moving_time=7470
S1 [27/90] running S1_inst_09.txt algo4
S7 [23/90] ok S7_inst_08.txt algo3 seconds=10.015511 profit=1425252 moving_time=7020
S7 [24/90] running S7_inst_08.txt algo4
S14 [23/90] ok S14_inst_08.txt algo3 seconds=10.013022 profit=1670618 moving_time=5670
S14 [24/90] running S14_inst_08.txt algo4
S10 [15/90] ok S10_inst_05.txt algo4 seconds=9.966297 profit=1835004 moving_time=7200
S10 [16/90] running S10_inst_06.txt algo2
S9 [29/90] ok S9_inst_10.txt algo3 seconds=10.012931 profit=2067997 moving_time=7380
S9 [30/90] running S9_inst_10.txt algo4
S9 [30/90] ok S9_inst_10.txt algo4 seconds=0.043474 profit=2067997 moving_time=7380
S9 [31/90] running S9_inst_11.txt algo2
S8 [26/90] ok S8_inst_09.txt algo3 seconds=10.016637 profit=2177527 moving_time=7470
S8 [27/90] running S8_inst_09.txt algo4
S8 [27/90] ok S8_inst_09.txt algo4 seconds=0.035009 profit=2177527 moving_time=7470
S8 [28/90] running S8_inst_10.txt algo2
S9 [31/90] ok S9_inst_11.txt algo2 seconds=0.483048 profit=1995581 moving_time=9000
S9 [32/90] running S9_inst_11.txt algo3
S6 [26/90] ok S6_inst_09.txt algo3 seconds=10.020810 profit=1988929 moving_time=9000
S6 [27/90] running S6_inst_09.txt algo4
S6 [27/90] ok S6_inst_09.txt algo4 seconds=0.034787 profit=1988929 moving_time=9000
S6 [28/90] running S6_inst_10.txt algo2
S11 [26/90] ok S11_inst_09.txt algo3 seconds=10.018341 profit=2176999 moving_time=7290
S11 [27/90] running S11_inst_09.txt algo4
S11 [27/90] ok S11_inst_09.txt algo4 seconds=0.043711 profit=2176999 moving_time=7290
S11 [28/90] running S11_inst_10.txt algo2
S8 [28/90] ok S8_inst_10.txt algo2 seconds=0.628500 profit=2090613 moving_time=8910
S8 [29/90] running S8_inst_10.txt algo3
S10 [16/90] ok S10_inst_06.txt algo2 seconds=1.143184 profit=1539817 moving_time=8010
S10 [17/90] running S10_inst_06.txt algo3
S6 [28/90] ok S6_inst_10.txt algo2 seconds=0.569346 profit=1979751 moving_time=9000
S6 [29/90] running S6_inst_10.txt algo3
S11 [28/90] ok S11_inst_10.txt algo2 seconds=0.863136 profit=2085651 moving_time=8910
S11 [29/90] running S11_inst_10.txt algo3
S13 [15/90] ok S13_inst_05.txt algo4 seconds=9.973870 profit=382081 moving_time=2610
S13 [16/90] running S13_inst_06.txt algo2
Restricted license - for non-production use only - expires 2027-11-29
S13 [16/90] ok S13_inst_06.txt algo2 seconds=1.728763 profit=-156424 moving_time=2700
S13 [17/90] running S13_inst_06.txt algo3
S2 [32/90] ok S2_inst_11.txt algo3 seconds=10.012565 profit=119714 moving_time=900
S2 [33/90] running S2_inst_11.txt algo4
S2 [33/90] ok S2_inst_11.txt algo4 seconds=0.020799 profit=119714 moving_time=900
S2 [34/90] running S2_inst_12.txt algo2
S2 [34/90] ok S2_inst_12.txt algo2 seconds=0.057333 profit=272403 moving_time=900
S2 [35/90] running S2_inst_12.txt algo3
S12 [15/90] ok S12_inst_05.txt algo4 seconds=9.972891 profit=-3069096 moving_time=0
S12 [16/90] running S12_inst_06.txt algo2
S3 [32/90] ok S3_inst_11.txt algo3 seconds=10.010933 profit=501605 moving_time=2340
S3 [33/90] running S3_inst_11.txt algo4
S3 [33/90] ok S3_inst_11.txt algo4 seconds=0.028817 profit=501605 moving_time=2340
S3 [34/90] running S3_inst_12.txt algo2
S3 [34/90] ok S3_inst_12.txt algo2 seconds=0.136411 profit=643592 moving_time=2970
S3 [35/90] running S3_inst_12.txt algo3
S4 [17/90] ok S4_inst_06.txt algo3 seconds=10.019276 profit=4484783 moving_time=18990
S4 [18/90] running S4_inst_06.txt algo4
S4 [18/90] ok S4_inst_06.txt algo4 seconds=0.041841 profit=4484783 moving_time=18990
S4 [19/90] running S4_inst_07.txt algo2
S12 [16/90] ok S12_inst_06.txt algo2 seconds=1.900841 profit=-3761072 moving_time=0
S12 [17/90] running S12_inst_06.txt algo3
S4 [19/90] ok S4_inst_07.txt algo2 seconds=1.515975 profit=4161415 moving_time=21150
S4 [20/90] running S4_inst_07.txt algo3
S5 [23/90] ok S5_inst_08.txt algo3 seconds=10.020386 profit=1391724 moving_time=7380
S5 [24/90] running S5_inst_08.txt algo4
S1 [27/90] ok S1_inst_09.txt algo4 seconds=9.977611 profit=1888696 moving_time=7470
S1 [28/90] running S1_inst_10.txt algo2
S1 [28/90] ok S1_inst_10.txt algo2 seconds=0.607343 profit=2100577 moving_time=8910
S1 [29/90] running S1_inst_10.txt algo3
S7 [24/90] ok S7_inst_08.txt algo4 seconds=9.974754 profit=1425252 moving_time=7020
S14 [24/90] ok S14_inst_08.txt algo4 seconds=9.966641 profit=1828862 moving_time=5670
S14 [25/90] running S14_inst_09.txt algo2
S7 [25/90] running S7_inst_09.txt algo2
S7 [25/90] ok S7_inst_09.txt algo2 seconds=0.729948 profit=1970509 moving_time=9000
S7 [26/90] running S7_inst_09.txt algo3
S14 [25/90] ok S14_inst_09.txt algo2 seconds=1.214083 profit=1355668 moving_time=6300
S14 [26/90] running S14_inst_09.txt algo3
S6 [29/90] ok S6_inst_10.txt algo3 seconds=10.012421 profit=1979751 moving_time=9000
S6 [30/90] running S6_inst_10.txt algo4
S10 [17/90] ok S10_inst_06.txt algo3 seconds=10.015454 profit=1673227 moving_time=6840
S10 [18/90] running S10_inst_06.txt algo4
S9 [32/90] ok S9_inst_11.txt algo3 seconds=10.014850 profit=1995581 moving_time=7650
S9 [33/90] running S9_inst_11.txt algo4
S8 [29/90] ok S8_inst_10.txt algo3 seconds=10.014836 profit=2090613 moving_time=7020
S8 [30/90] running S8_inst_10.txt algo4
S11 [29/90] ok S11_inst_10.txt algo3 seconds=10.015089 profit=2085651 moving_time=8100
S11 [30/90] running S11_inst_10.txt algo4
S6 [30/90] ok S6_inst_10.txt algo4 seconds=0.030759 profit=1979751 moving_time=9000
S6 [31/90] running S6_inst_11.txt algo2
S8 [30/90] ok S8_inst_10.txt algo4 seconds=0.050891 profit=2090613 moving_time=7020
S8 [31/90] running S8_inst_11.txt algo2
S9 [33/90] ok S9_inst_11.txt algo4 seconds=0.060701 profit=1995581 moving_time=7650
S9 [34/90] running S9_inst_12.txt algo2
S11 [30/90] ok S11_inst_10.txt algo4 seconds=0.088060 profit=2085651 moving_time=8100
S11 [31/90] running S11_inst_11.txt algo2
S13 [17/90] ok S13_inst_06.txt algo3 seconds=10.018645 profit=461969 moving_time=2700
S13 [18/90] running S13_inst_06.txt algo4
S9 [34/90] ok S9_inst_12.txt algo2 seconds=0.644548 profit=1742858 moving_time=9000
S9 [35/90] running S9_inst_12.txt algo3
S8 [31/90] ok S8_inst_11.txt algo2 seconds=0.677031 profit=2203484 moving_time=8910
S8 [32/90] running S8_inst_11.txt algo3
S6 [31/90] ok S6_inst_11.txt algo2 seconds=0.790421 profit=1831849 moving_time=9000
S6 [32/90] running S6_inst_11.txt algo3
S11 [31/90] ok S11_inst_11.txt algo2 seconds=0.803869 profit=1818861 moving_time=9000
S11 [32/90] running S11_inst_11.txt algo3
S2 [35/90] ok S2_inst_12.txt algo3 seconds=10.011469 profit=272403 moving_time=810
S2 [36/90] running S2_inst_12.txt algo4
S2 [36/90] ok S2_inst_12.txt algo4 seconds=0.024791 profit=272403 moving_time=810
S2 [37/90] running S2_inst_13.txt algo2
S2 [37/90] ok S2_inst_13.txt algo2 seconds=0.059937 profit=188928 moving_time=900
S2 [38/90] running S2_inst_13.txt algo3
S3 [35/90] ok S3_inst_12.txt algo3 seconds=10.013110 profit=643592 moving_time=2160
S3 [36/90] running S3_inst_12.txt algo4
S3 [36/90] ok S3_inst_12.txt algo4 seconds=0.042191 profit=643592 moving_time=2160
S3 [37/90] running S3_inst_13.txt algo2
S3 [37/90] ok S3_inst_13.txt algo2 seconds=0.168007 profit=662988 moving_time=2880
S3 [38/90] running S3_inst_13.txt algo3
S12 [17/90] ok S12_inst_06.txt algo3 seconds=10.021485 profit=-3761072 moving_time=0
S12 [18/90] running S12_inst_06.txt algo4
S4 [20/90] ok S4_inst_07.txt algo3 seconds=10.014002 profit=4161415 moving_time=17910
S4 [21/90] running S4_inst_07.txt algo4
S5 [24/90] ok S5_inst_08.txt algo4 seconds=9.972823 profit=1391724 moving_time=7380
S5 [25/90] running S5_inst_09.txt algo2
S5 [25/90] ok S5_inst_09.txt algo2 seconds=0.541498 profit=1664271 moving_time=9000
S5 [26/90] running S5_inst_09.txt algo3
S1 [29/90] ok S1_inst_10.txt algo3 seconds=10.015484 profit=2100577 moving_time=7380
S1 [30/90] running S1_inst_10.txt algo4
S7 [26/90] ok S7_inst_09.txt algo3 seconds=10.020964 profit=1970509 moving_time=7740
S7 [27/90] running S7_inst_09.txt algo4
S7 [27/90] ok S7_inst_09.txt algo4 seconds=0.030138 profit=1970509 moving_time=7740
S7 [28/90] running S7_inst_10.txt algo2
S14 [26/90] ok S14_inst_09.txt algo3 seconds=10.019710 profit=1541992 moving_time=6300
S14 [27/90] running S14_inst_09.txt algo4
S7 [28/90] ok S7_inst_10.txt algo2 seconds=0.703585 profit=1919876 moving_time=8820
S7 [29/90] running S7_inst_10.txt algo3
S10 [18/90] ok S10_inst_06.txt algo4 seconds=9.980008 profit=1680343 moving_time=6840
S10 [19/90] running S10_inst_07.txt algo2
S13 [18/90] ok S13_inst_06.txt algo4 seconds=9.980728 profit=755894 moving_time=2700
S13 [19/90] running S13_inst_07.txt algo2
S9 [35/90] ok S9_inst_12.txt algo3 seconds=10.027524 profit=1742858 moving_time=7200
S9 [36/90] running S9_inst_12.txt algo4
S8 [32/90] ok S8_inst_11.txt algo3 seconds=10.019911 profit=2203484 moving_time=7290
S8 [33/90] running S8_inst_11.txt algo4
S8 [33/90] ok S8_inst_11.txt algo4 seconds=0.029355 profit=2203484 moving_time=7290
S8 [34/90] running S8_inst_12.txt algo2
S9 [36/90] ok S9_inst_12.txt algo4 seconds=0.047481 profit=1742858 moving_time=7200
S9 [37/90] running S9_inst_13.txt algo2
S6 [32/90] ok S6_inst_11.txt algo3 seconds=10.019885 profit=1831849 moving_time=9000
S6 [33/90] running S6_inst_11.txt algo4
S6 [33/90] ok S6_inst_11.txt algo4 seconds=0.035718 profit=1831849 moving_time=9000
S6 [34/90] running S6_inst_12.txt algo2
S11 [32/90] ok S11_inst_11.txt algo3 seconds=10.018311 profit=1818861 moving_time=7560
S11 [33/90] running S11_inst_11.txt algo4
S11 [33/90] ok S11_inst_11.txt algo4 seconds=0.034661 profit=1818861 moving_time=7560
S11 [34/90] running S11_inst_12.txt algo2
S2 [38/90] ok S2_inst_13.txt algo3 seconds=10.009386 profit=188928 moving_time=720
S2 [39/90] running S2_inst_13.txt algo4
S2 [39/90] ok S2_inst_13.txt algo4 seconds=0.020258 profit=188928 moving_time=720
S2 [40/90] running S2_inst_14.txt algo2
S2 [40/90] ok S2_inst_14.txt algo2 seconds=0.055381 profit=134568 moving_time=810
S2 [41/90] running S2_inst_14.txt algo3
S10 [19/90] ok S10_inst_07.txt algo2 seconds=1.287756 profit=1522206 moving_time=8100
S10 [20/90] running S10_inst_07.txt algo3
S8 [34/90] ok S8_inst_12.txt algo2 seconds=0.502812 profit=1920552 moving_time=8910
S8 [35/90] running S8_inst_12.txt algo3
S9 [37/90] ok S9_inst_13.txt algo2 seconds=0.521628 profit=2188851 moving_time=8820
S9 [38/90] running S9_inst_13.txt algo3
S6 [34/90] ok S6_inst_12.txt algo2 seconds=0.677588 profit=2077695 moving_time=9000
S6 [35/90] running S6_inst_12.txt algo3
S11 [34/90] ok S11_inst_12.txt algo2 seconds=0.765126 profit=1805945 moving_time=8640
S11 [35/90] running S11_inst_12.txt algo3
S13 [19/90] ok S13_inst_07.txt algo2 seconds=1.959260 profit=-730477 moving_time=1260
S13 [20/90] running S13_inst_07.txt algo3
S3 [38/90] ok S3_inst_13.txt algo3 seconds=10.027068 profit=662988 moving_time=2430
S3 [39/90] running S3_inst_13.txt algo4
S3 [39/90] ok S3_inst_13.txt algo4 seconds=0.030449 profit=662988 moving_time=2430
S3 [40/90] running S3_inst_14.txt algo2
S3 [40/90] ok S3_inst_14.txt algo2 seconds=0.152380 profit=638669 moving_time=2880
S3 [41/90] running S3_inst_14.txt algo3
S12 [18/90] ok S12_inst_06.txt algo4 seconds=9.977949 profit=-3761072 moving_time=0
S12 [19/90] running S12_inst_07.txt algo2
S4 [21/90] ok S4_inst_07.txt algo4 seconds=9.985265 profit=4161415 moving_time=17910
S4 [22/90] running S4_inst_08.txt algo2
S5 [26/90] ok S5_inst_09.txt algo3 seconds=10.031330 profit=1664271 moving_time=7560
S5 [27/90] running S5_inst_09.txt algo4
S5 [27/90] ok S5_inst_09.txt algo4 seconds=0.034764 profit=1664271 moving_time=7560
S5 [28/90] running S5_inst_10.txt algo2
S1 [30/90] ok S1_inst_10.txt algo4 seconds=9.965115 profit=2100577 moving_time=7380
S1 [31/90] running S1_inst_11.txt algo2
S12 [19/90] ok S12_inst_07.txt algo2 seconds=2.069310 profit=-2478421 moving_time=0
S12 [20/90] running S12_inst_07.txt algo3
S5 [28/90] ok S5_inst_10.txt algo2 seconds=0.385338 profit=1727472 moving_time=8910
S5 [29/90] running S5_inst_10.txt algo3
S1 [31/90] ok S1_inst_11.txt algo2 seconds=0.554598 profit=2404882 moving_time=8910
S1 [32/90] running S1_inst_11.txt algo3
S4 [22/90] ok S4_inst_08.txt algo2 seconds=2.603978 profit=4532640 moving_time=20970
S4 [23/90] running S4_inst_08.txt algo3
S14 [27/90] ok S14_inst_09.txt algo4 seconds=9.969329 profit=1598947 moving_time=6300
S14 [28/90] running S14_inst_10.txt algo2
S7 [29/90] ok S7_inst_10.txt algo3 seconds=10.020929 profit=1919876 moving_time=7740
S7 [30/90] running S7_inst_10.txt algo4
S7 [30/90] ok S7_inst_10.txt algo4 seconds=0.025208 profit=1919876 moving_time=7740
S7 [31/90] running S7_inst_11.txt algo2
S14 [28/90] ok S14_inst_10.txt algo2 seconds=0.703744 profit=1982503 moving_time=8910
S14 [29/90] running S14_inst_10.txt algo3
S7 [31/90] ok S7_inst_11.txt algo2 seconds=0.612510 profit=2244341 moving_time=8910
S7 [32/90] running S7_inst_11.txt algo3
S2 [41/90] ok S2_inst_14.txt algo3 seconds=10.009984 profit=134568 moving_time=630
S2 [42/90] running S2_inst_14.txt algo4
S10 [20/90] ok S10_inst_07.txt algo3 seconds=10.015095 profit=1578852 moving_time=7380
S10 [21/90] running S10_inst_07.txt algo4
S8 [35/90] ok S8_inst_12.txt algo3 seconds=10.013015 profit=1920552 moving_time=7380
S8 [36/90] running S8_inst_12.txt algo4
S8 [36/90] ok S8_inst_12.txt algo4 seconds=0.035752 profit=1920552 moving_time=7380
S8 [37/90] running S8_inst_13.txt algo2
S9 [38/90] ok S9_inst_13.txt algo3 seconds=10.018224 profit=2188851 moving_time=6390
S9 [39/90] running S9_inst_13.txt algo4
S9 [39/90] ok S9_inst_13.txt algo4 seconds=0.040774 profit=2188851 moving_time=6390
S9 [40/90] running S9_inst_14.txt algo2
S6 [35/90] ok S6_inst_12.txt algo3 seconds=10.021420 profit=2077695 moving_time=9000
S6 [36/90] running S6_inst_12.txt algo4
S6 [36/90] ok S6_inst_12.txt algo4 seconds=0.024633 profit=2077695 moving_time=9000
S6 [37/90] running S6_inst_13.txt algo2
S11 [35/90] ok S11_inst_12.txt algo3 seconds=10.015133 profit=1805945 moving_time=7470
S11 [36/90] running S11_inst_12.txt algo4
S9 [40/90] ok S9_inst_14.txt algo2 seconds=0.581597 profit=1948392 moving_time=9000
S9 [41/90] running S9_inst_14.txt algo3
S13 [20/90] ok S13_inst_07.txt algo3 seconds=10.019249 profit=-546001 moving_time=1260
S13 [21/90] running S13_inst_07.txt algo4
S8 [37/90] ok S8_inst_13.txt algo2 seconds=0.938202 profit=1410666 moving_time=6300
S8 [38/90] running S8_inst_13.txt algo3
S6 [37/90] ok S6_inst_13.txt algo2 seconds=0.678210 profit=2049033 moving_time=9000
S6 [38/90] running S6_inst_13.txt algo3
S3 [41/90] ok S3_inst_14.txt algo3 seconds=10.014315 profit=638669 moving_time=2430
S3 [42/90] running S3_inst_14.txt algo4
S3 [42/90] ok S3_inst_14.txt algo4 seconds=0.029820 profit=638669 moving_time=2430
S3 [43/90] running S3_inst_15.txt algo2
S3 [43/90] ok S3_inst_15.txt algo2 seconds=0.150654 profit=516389 moving_time=2880
S3 [44/90] running S3_inst_15.txt algo3
S12 [20/90] ok S12_inst_07.txt algo3 seconds=10.014785 profit=-2478421 moving_time=0
S12 [21/90] running S12_inst_07.txt algo4
S5 [29/90] ok S5_inst_10.txt algo3 seconds=10.013155 profit=1727472 moving_time=7650
S5 [30/90] running S5_inst_10.txt algo4
S5 [30/90] ok S5_inst_10.txt algo4 seconds=0.035107 profit=1727472 moving_time=7650
S5 [31/90] running S5_inst_11.txt algo2
S1 [32/90] ok S1_inst_11.txt algo3 seconds=10.013290 profit=2404882 moving_time=7470
S1 [33/90] running S1_inst_11.txt algo4
S1 [33/90] ok S1_inst_11.txt algo4 seconds=0.035479 profit=2404882 moving_time=7470
S1 [34/90] running S1_inst_12.txt algo2
S5 [31/90] ok S5_inst_11.txt algo2 seconds=0.477518 profit=1621266 moving_time=8820
S5 [32/90] running S5_inst_11.txt algo3
S4 [23/90] ok S4_inst_08.txt algo3 seconds=10.020761 profit=4477176 moving_time=18630
S4 [24/90] running S4_inst_08.txt algo4
S1 [34/90] ok S1_inst_12.txt algo2 seconds=0.543635 profit=1646450 moving_time=8640
S1 [35/90] running S1_inst_12.txt algo3
S2 [42/90] ok S2_inst_14.txt algo4 seconds=5.843481 profit=134568 moving_time=630
S2 [43/90] running S2_inst_15.txt algo2
S2 [43/90] ok S2_inst_15.txt algo2 seconds=0.060635 profit=141465 moving_time=900
S2 [44/90] running S2_inst_15.txt algo3
S14 [29/90] ok S14_inst_10.txt algo3 seconds=10.014964 profit=1982503 moving_time=7020
S14 [30/90] running S14_inst_10.txt algo4
S14 [30/90] ok S14_inst_10.txt algo4 seconds=0.052902 profit=1982503 moving_time=7020
S14 [31/90] running S14_inst_11.txt algo2
S7 [32/90] ok S7_inst_11.txt algo3 seconds=10.017433 profit=2244341 moving_time=6840
S7 [33/90] running S7_inst_11.txt algo4
S7 [33/90] ok S7_inst_11.txt algo4 seconds=0.036122 profit=2244341 moving_time=6840
S7 [34/90] running S7_inst_12.txt algo2
S14 [31/90] ok S14_inst_11.txt algo2 seconds=0.699075 profit=1817814 moving_time=9000
S14 [32/90] running S14_inst_11.txt algo3
S7 [34/90] ok S7_inst_12.txt algo2 seconds=0.574134 profit=1706308 moving_time=9000
S7 [35/90] running S7_inst_12.txt algo3
S10 [21/90] ok S10_inst_07.txt algo4 seconds=9.965399 profit=1587150 moving_time=7470
S10 [22/90] running S10_inst_08.txt algo2
S11 [36/90] ok S11_inst_12.txt algo4 seconds=9.966954 profit=1805945 moving_time=7470
S11 [37/90] running S11_inst_13.txt algo2
S9 [41/90] ok S9_inst_14.txt algo3 seconds=10.017776 profit=1948392 moving_time=7560
S9 [42/90] running S9_inst_14.txt algo4
S9 [42/90] ok S9_inst_14.txt algo4 seconds=0.036743 profit=1948392 moving_time=7560
S9 [43/90] running S9_inst_15.txt algo2
S13 [21/90] ok S13_inst_07.txt algo4 seconds=9.993111 profit=-351181 moving_time=1260
S13 [22/90] running S13_inst_08.txt algo2
S8 [38/90] ok S8_inst_13.txt algo3 seconds=10.015059 profit=1599786 moving_time=6300
S8 [39/90] running S8_inst_13.txt algo4
S6 [38/90] ok S6_inst_13.txt algo3 seconds=10.020299 profit=2049033 moving_time=9000
S6 [39/90] running S6_inst_13.txt algo4
S6 [39/90] ok S6_inst_13.txt algo4 seconds=0.033465 profit=2049033 moving_time=9000
S6 [40/90] running S6_inst_14.txt algo2
S11 [37/90] ok S11_inst_13.txt algo2 seconds=0.810353 profit=1989632 moving_time=9000
S11 [38/90] running S11_inst_13.txt algo3
S10 [22/90] ok S10_inst_08.txt algo2 seconds=1.356665 profit=1174200 moving_time=7560
S10 [23/90] running S10_inst_08.txt algo3
S9 [43/90] ok S9_inst_15.txt algo2 seconds=0.545307 profit=2141283 moving_time=8640
S9 [44/90] running S9_inst_15.txt algo3
S3 [44/90] ok S3_inst_15.txt algo3 seconds=10.013919 profit=516389 moving_time=2610
S3 [45/90] running S3_inst_15.txt algo4
S3 [45/90] ok S3_inst_15.txt algo4 seconds=0.035645 profit=516389 moving_time=2610
S3 [46/90] running S3_inst_16.txt algo2
S3 [46/90] ok S3_inst_16.txt algo2 seconds=0.155825 profit=507186 moving_time=2790
S3 [47/90] running S3_inst_16.txt algo3
S6 [40/90] ok S6_inst_14.txt algo2 seconds=0.764577 profit=2292322 moving_time=9000
S6 [41/90] running S6_inst_14.txt algo3
S12 [21/90] ok S12_inst_07.txt algo4 seconds=9.966225 profit=-2478421 moving_time=0
S12 [22/90] running S12_inst_08.txt algo2
S5 [32/90] ok S5_inst_11.txt algo3 seconds=10.009630 profit=1621266 moving_time=7830
S5 [33/90] running S5_inst_11.txt algo4
S13 [22/90] ok S13_inst_08.txt algo2 seconds=2.147106 profit=-1212816 moving_time=1350
S13 [23/90] running S13_inst_08.txt algo3
S5 [33/90] ok S5_inst_11.txt algo4 seconds=0.046271 profit=1621266 moving_time=7830
S5 [34/90] running S5_inst_12.txt algo2
S4 [24/90] ok S4_inst_08.txt algo4 seconds=9.970031 profit=4612533 moving_time=19260
S4 [25/90] running S4_inst_09.txt algo2
S1 [35/90] ok S1_inst_12.txt algo3 seconds=10.014794 profit=1646450 moving_time=7110
S1 [36/90] running S1_inst_12.txt algo4
S1 [36/90] ok S1_inst_12.txt algo4 seconds=0.036214 profit=1646450 moving_time=7110
S1 [37/90] running S1_inst_13.txt algo2
S5 [34/90] ok S5_inst_12.txt algo2 seconds=0.566356 profit=1339161 moving_time=8730
S5 [35/90] running S5_inst_12.txt algo3
S2 [44/90] ok S2_inst_15.txt algo3 seconds=10.013132 profit=141465 moving_time=630
S2 [45/90] running S2_inst_15.txt algo4
S2 [45/90] ok S2_inst_15.txt algo4 seconds=0.031342 profit=141465 moving_time=630
S2 [46/90] running S2_inst_16.txt algo2
S2 [46/90] ok S2_inst_16.txt algo2 seconds=0.051273 profit=153031 moving_time=900
S2 [47/90] running S2_inst_16.txt algo3
S12 [22/90] ok S12_inst_08.txt algo2 seconds=1.763885 profit=-2568800 moving_time=0
S12 [23/90] running S12_inst_08.txt algo3
S1 [37/90] ok S1_inst_13.txt algo2 seconds=0.507445 profit=1916262 moving_time=8820
S1 [38/90] running S1_inst_13.txt algo3
S14 [32/90] ok S14_inst_11.txt algo3 seconds=10.019010 profit=1817814 moving_time=7560
S14 [33/90] running S14_inst_11.txt algo4
S14 [33/90] ok S14_inst_11.txt algo4 seconds=0.049760 profit=1817814 moving_time=7560
S14 [34/90] running S14_inst_12.txt algo2
S7 [35/90] ok S7_inst_12.txt algo3 seconds=10.025114 profit=1706308 moving_time=7740
S7 [36/90] running S7_inst_12.txt algo4
S7 [36/90] ok S7_inst_12.txt algo4 seconds=0.034876 profit=1706308 moving_time=7740
S7 [37/90] running S7_inst_13.txt algo2
S14 [34/90] ok S14_inst_12.txt algo2 seconds=0.769851 profit=1655576 moving_time=7740
S14 [35/90] running S14_inst_12.txt algo3
S7 [37/90] ok S7_inst_13.txt algo2 seconds=0.710195 profit=2025658 moving_time=8820
S7 [38/90] running S7_inst_13.txt algo3
S4 [25/90] ok S4_inst_09.txt algo2 seconds=4.411691 profit=2202135 moving_time=17460
S4 [26/90] running S4_inst_09.txt algo3
S8 [39/90] ok S8_inst_13.txt algo4 seconds=9.974128 profit=1669110 moving_time=6300
S8 [40/90] running S8_inst_14.txt algo2
S11 [38/90] ok S11_inst_13.txt algo3 seconds=10.013329 profit=1989632 moving_time=7740
S11 [39/90] running S11_inst_13.txt algo4
S10 [23/90] ok S10_inst_08.txt algo3 seconds=10.014550 profit=1205433 moving_time=7200
S10 [24/90] running S10_inst_08.txt algo4
S11 [39/90] ok S11_inst_13.txt algo4 seconds=0.052603 profit=1989632 moving_time=7740
S11 [40/90] running S11_inst_14.txt algo2
S9 [44/90] ok S9_inst_15.txt algo3 seconds=10.014991 profit=2141283 moving_time=7290
S9 [45/90] running S9_inst_15.txt algo4
S9 [45/90] ok S9_inst_15.txt algo4 seconds=0.040748 profit=2141283 moving_time=7290
S9 [46/90] running S9_inst_16.txt algo2
S3 [47/90] ok S3_inst_16.txt algo3 seconds=10.015876 profit=507186 moving_time=2790
S3 [48/90] running S3_inst_16.txt algo4
S3 [48/90] ok S3_inst_16.txt algo4 seconds=0.028089 profit=507186 moving_time=2790
S3 [49/90] running S3_inst_17.txt algo2
S8 [40/90] ok S8_inst_14.txt algo2 seconds=0.786403 profit=1754603 moving_time=8910
S8 [41/90] running S8_inst_14.txt algo3
S3 [49/90] ok S3_inst_17.txt algo2 seconds=0.132711 profit=739798 moving_time=2970
S3 [50/90] running S3_inst_17.txt algo3
S6 [41/90] ok S6_inst_14.txt algo3 seconds=10.012137 profit=2292322 moving_time=9000
S6 [42/90] running S6_inst_14.txt algo4
S9 [46/90] ok S9_inst_16.txt algo2 seconds=0.456221 profit=2026436 moving_time=8730
S9 [47/90] running S9_inst_16.txt algo3
S6 [42/90] ok S6_inst_14.txt algo4 seconds=0.034552 profit=2292322 moving_time=9000
S6 [43/90] running S6_inst_15.txt algo2
S11 [40/90] ok S11_inst_14.txt algo2 seconds=0.843650 profit=2024487 moving_time=9000
S11 [41/90] running S11_inst_14.txt algo3
S6 [43/90] ok S6_inst_15.txt algo2 seconds=0.489161 profit=2077026 moving_time=9000
S6 [44/90] running S6_inst_15.txt algo3
S13 [23/90] ok S13_inst_08.txt algo3 seconds=10.014363 profit=-987681 moving_time=1350
S13 [24/90] running S13_inst_08.txt algo4
S5 [35/90] ok S5_inst_12.txt algo3 seconds=10.022881 profit=1339161 moving_time=7920
S5 [36/90] running S5_inst_12.txt algo4
S2 [47/90] ok S2_inst_16.txt algo3 seconds=10.009161 profit=153031 moving_time=720
S2 [48/90] running S2_inst_16.txt algo4
S2 [48/90] ok S2_inst_16.txt algo4 seconds=0.034909 profit=153031 moving_time=720
S2 [49/90] running S2_inst_17.txt algo2
S2 [49/90] ok S2_inst_17.txt algo2 seconds=0.053471 profit=257620 moving_time=810
S2 [50/90] running S2_inst_17.txt algo3
S12 [23/90] ok S12_inst_08.txt algo3 seconds=10.011905 profit=-2822999 moving_time=0
S12 [24/90] running S12_inst_08.txt algo4
S1 [38/90] ok S1_inst_13.txt algo3 seconds=10.016150 profit=1916262 moving_time=6930
S1 [39/90] running S1_inst_13.txt algo4
S1 [39/90] ok S1_inst_13.txt algo4 seconds=0.044248 profit=1916262 moving_time=6930
S1 [40/90] running S1_inst_14.txt algo2
S1 [40/90] ok S1_inst_14.txt algo2 seconds=0.498420 profit=1800714 moving_time=8910
S1 [41/90] running S1_inst_14.txt algo3
S14 [35/90] ok S14_inst_12.txt algo3 seconds=10.010455 profit=1785791 moving_time=7560
S14 [36/90] running S14_inst_12.txt algo4
S14 [36/90] ok S14_inst_12.txt algo4 seconds=0.024584 profit=1785791 moving_time=7560
S14 [37/90] running S14_inst_13.txt algo2
S7 [38/90] ok S7_inst_13.txt algo3 seconds=10.014983 profit=2025658 moving_time=7740
S7 [39/90] running S7_inst_13.txt algo4
S7 [39/90] ok S7_inst_13.txt algo4 seconds=0.029548 profit=2025658 moving_time=7740
S7 [40/90] running S7_inst_14.txt algo2
S7 [40/90] ok S7_inst_14.txt algo2 seconds=0.531387 profit=2026272 moving_time=8730
S7 [41/90] running S7_inst_14.txt algo3
S14 [37/90] ok S14_inst_13.txt algo2 seconds=0.639919 profit=1928165 moving_time=8910
S14 [38/90] running S14_inst_13.txt algo3
S4 [26/90] ok S4_inst_09.txt algo3 seconds=10.023134 profit=2021787 moving_time=16290
S4 [27/90] running S4_inst_09.txt algo4
S10 [24/90] ok S10_inst_08.txt algo4 seconds=9.972040 profit=1304550 moving_time=7470
S10 [25/90] running S10_inst_09.txt algo2
S8 [41/90] ok S8_inst_14.txt algo3 seconds=10.016961 profit=1754603 moving_time=8100
S8 [42/90] running S8_inst_14.txt algo4
S8 [42/90] ok S8_inst_14.txt algo4 seconds=0.040227 profit=1754603 moving_time=8100
S8 [43/90] running S8_inst_15.txt algo2
S3 [50/90] ok S3_inst_17.txt algo3 seconds=10.012956 profit=739798 moving_time=2430
S3 [51/90] running S3_inst_17.txt algo4
S9 [47/90] ok S9_inst_16.txt algo3 seconds=10.015258 profit=2026436 moving_time=7470
S3 [51/90] ok S3_inst_17.txt algo4 seconds=0.032196 profit=739798 moving_time=2430
S9 [48/90] running S9_inst_16.txt algo4
S3 [52/90] running S3_inst_18.txt algo2
S9 [48/90] ok S9_inst_16.txt algo4 seconds=0.043739 profit=2026436 moving_time=7470
S9 [49/90] running S9_inst_17.txt algo2
S3 [52/90] ok S3_inst_18.txt algo2 seconds=0.159932 profit=586264 moving_time=2790
S3 [53/90] running S3_inst_18.txt algo3
S11 [41/90] ok S11_inst_14.txt algo3 seconds=10.022390 profit=2024487 moving_time=7110
S11 [42/90] running S11_inst_14.txt algo4
S11 [42/90] ok S11_inst_14.txt algo4 seconds=0.029306 profit=2024487 moving_time=7110
S11 [43/90] running S11_inst_15.txt algo2
S6 [44/90] ok S6_inst_15.txt algo3 seconds=10.011004 profit=2077026 moving_time=9000
S6 [45/90] running S6_inst_15.txt algo4
S9 [49/90] ok S9_inst_17.txt algo2 seconds=0.541230 profit=1991738 moving_time=8910
S9 [50/90] running S9_inst_17.txt algo3
S6 [45/90] ok S6_inst_15.txt algo4 seconds=0.046912 profit=2077026 moving_time=9000
S6 [46/90] running S6_inst_16.txt algo2
S10 [25/90] ok S10_inst_09.txt algo2 seconds=1.285349 profit=1659732 moving_time=8370
S10 [26/90] running S10_inst_09.txt algo3
S8 [43/90] ok S8_inst_15.txt algo2 seconds=0.871909 profit=1794980 moving_time=8910
S8 [44/90] running S8_inst_15.txt algo3
S11 [43/90] ok S11_inst_15.txt algo2 seconds=0.730779 profit=1882982 moving_time=9000
S11 [44/90] running S11_inst_15.txt algo3
S6 [46/90] ok S6_inst_16.txt algo2 seconds=0.723680 profit=1961208 moving_time=9000
S6 [47/90] running S6_inst_16.txt algo3
S13 [24/90] ok S13_inst_08.txt algo4 seconds=9.985035 profit=-943410 moving_time=1350
S13 [25/90] running S13_inst_09.txt algo2
S5 [36/90] ok S5_inst_12.txt algo4 seconds=9.970634 profit=1339161 moving_time=7920
S5 [37/90] running S5_inst_13.txt algo2
S2 [50/90] ok S2_inst_17.txt algo3 seconds=10.010784 profit=257620 moving_time=810
S2 [51/90] running S2_inst_17.txt algo4
S12 [24/90] ok S12_inst_08.txt algo4 seconds=9.969612 profit=-2615312 moving_time=0
S12 [25/90] running S12_inst_09.txt algo2
S2 [51/90] ok S2_inst_17.txt algo4 seconds=0.030418 profit=257620 moving_time=810
S2 [52/90] running S2_inst_18.txt algo2
S2 [52/90] ok S2_inst_18.txt algo2 seconds=0.070023 profit=155072 moving_time=900
S2 [53/90] running S2_inst_18.txt algo3
S5 [37/90] ok S5_inst_13.txt algo2 seconds=0.517630 profit=1826438 moving_time=9000
S5 [38/90] running S5_inst_13.txt algo3
S1 [41/90] ok S1_inst_14.txt algo3 seconds=10.012576 profit=1800714 moving_time=6930
S1 [42/90] running S1_inst_14.txt algo4
S13 [25/90] ok S13_inst_09.txt algo2 seconds=1.658911 profit=-1326834 moving_time=990
S13 [26/90] running S13_inst_09.txt algo3
S12 [25/90] ok S12_inst_09.txt algo2 seconds=1.913379 profit=-2498244 moving_time=0
S12 [26/90] running S12_inst_09.txt algo3
S7 [41/90] ok S7_inst_14.txt algo3 seconds=10.012163 profit=2026272 moving_time=7740
S7 [42/90] running S7_inst_14.txt algo4
S14 [38/90] ok S14_inst_13.txt algo3 seconds=10.011904 profit=1928165 moving_time=7560
S14 [39/90] running S14_inst_13.txt algo4
S4 [27/90] ok S4_inst_09.txt algo4 seconds=9.983147 profit=2421633 moving_time=16830
S4 [28/90] running S4_inst_10.txt algo2
S7 [42/90] ok S7_inst_14.txt algo4 seconds=0.047738 profit=2026272 moving_time=7740
S7 [43/90] running S7_inst_15.txt algo2
S14 [39/90] ok S14_inst_13.txt algo4 seconds=0.047559 profit=1928165 moving_time=7560
S14 [40/90] running S14_inst_14.txt algo2
S14 [40/90] ok S14_inst_14.txt algo2 seconds=0.923754 profit=1640285 moving_time=7200
S14 [41/90] running S14_inst_14.txt algo3
S7 [43/90] ok S7_inst_15.txt algo2 seconds=0.954183 profit=1387050 moving_time=6480
S7 [44/90] running S7_inst_15.txt algo3
S4 [28/90] ok S4_inst_10.txt algo2 seconds=1.860386 profit=4041091 moving_time=21420
S4 [29/90] running S4_inst_10.txt algo3
S3 [53/90] ok S3_inst_18.txt algo3 seconds=10.014775 profit=586264 moving_time=2430
S3 [54/90] running S3_inst_18.txt algo4
S9 [50/90] ok S9_inst_17.txt algo3 seconds=10.017550 profit=1991738 moving_time=7560
S9 [51/90] running S9_inst_17.txt algo4
S9 [51/90] ok S9_inst_17.txt algo4 seconds=0.036205 profit=1991738 moving_time=7560
S9 [52/90] running S9_inst_18.txt algo2
S10 [26/90] ok S10_inst_09.txt algo3 seconds=10.015229 profit=1605273 moving_time=7290
S10 [27/90] running S10_inst_09.txt algo4
S8 [44/90] ok S8_inst_15.txt algo3 seconds=10.025598 profit=1794980 moving_time=8370
S8 [45/90] running S8_inst_15.txt algo4
S8 [45/90] ok S8_inst_15.txt algo4 seconds=0.044491 profit=1794980 moving_time=8370
S8 [46/90] running S8_inst_16.txt algo2
S11 [44/90] ok S11_inst_15.txt algo3 seconds=10.012982 profit=1882982 moving_time=7740
S11 [45/90] running S11_inst_15.txt algo4
S11 [45/90] ok S11_inst_15.txt algo4 seconds=0.035840 profit=1882982 moving_time=7740
S11 [46/90] running S11_inst_16.txt algo2
S9 [52/90] ok S9_inst_18.txt algo2 seconds=0.537339 profit=1934166 moving_time=8820
S9 [53/90] running S9_inst_18.txt algo3
S6 [47/90] ok S6_inst_16.txt algo3 seconds=10.023908 profit=1961208 moving_time=9000
S6 [48/90] running S6_inst_16.txt algo4
S6 [48/90] ok S6_inst_16.txt algo4 seconds=0.034706 profit=1961208 moving_time=9000
S6 [49/90] running S6_inst_17.txt algo2
S11 [46/90] ok S11_inst_16.txt algo2 seconds=0.665480 profit=2013747 moving_time=8730
S11 [47/90] running S11_inst_16.txt algo3
S8 [46/90] ok S8_inst_16.txt algo2 seconds=1.053814 profit=1643676 moving_time=8100
S8 [47/90] running S8_inst_16.txt algo3
S6 [49/90] ok S6_inst_17.txt algo2 seconds=1.003918 profit=1589922 moving_time=7110
S6 [50/90] running S6_inst_17.txt algo3
S2 [53/90] ok S2_inst_18.txt algo3 seconds=10.016415 profit=155072 moving_time=720
S2 [54/90] running S2_inst_18.txt algo4
S2 [54/90] ok S2_inst_18.txt algo4 seconds=0.036334 profit=155072 moving_time=720
S2 [55/90] running S2_inst_19.txt algo2
S2 [55/90] ok S2_inst_19.txt algo2 seconds=0.068946 profit=144614 moving_time=900
S2 [56/90] running S2_inst_19.txt algo3
S5 [38/90] ok S5_inst_13.txt algo3 seconds=10.024322 profit=1826438 moving_time=7830
S5 [39/90] running S5_inst_13.txt algo4
S5 [39/90] ok S5_inst_13.txt algo4 seconds=0.043095 profit=1826438 moving_time=7830
S5 [40/90] running S5_inst_14.txt algo2
S1 [42/90] ok S1_inst_14.txt algo4 seconds=9.963075 profit=1800714 moving_time=6930
S1 [43/90] running S1_inst_15.txt algo2
S13 [26/90] ok S13_inst_09.txt algo3 seconds=10.010762 profit=-1258293 moving_time=990
S13 [27/90] running S13_inst_09.txt algo4
S5 [40/90] ok S5_inst_14.txt algo2 seconds=0.559415 profit=1841775 moving_time=9000
S5 [41/90] running S5_inst_14.txt algo3
S1 [43/90] ok S1_inst_15.txt algo2 seconds=0.516989 profit=1665629 moving_time=8820
S1 [44/90] running S1_inst_15.txt algo3
S12 [26/90] ok S12_inst_09.txt algo3 seconds=10.022663 profit=-2605260 moving_time=0
S12 [27/90] running S12_inst_09.txt algo4
S14 [41/90] ok S14_inst_14.txt algo3 seconds=10.017111 profit=1785182 moving_time=7020
S14 [42/90] running S14_inst_14.txt algo4
S7 [44/90] ok S7_inst_15.txt algo3 seconds=10.017242 profit=1480524 moving_time=6570
S7 [45/90] running S7_inst_15.txt algo4
S4 [29/90] ok S4_inst_10.txt algo3 seconds=10.025499 profit=4041091 moving_time=18450
S4 [30/90] running S4_inst_10.txt algo4
S4 [30/90] ok S4_inst_10.txt algo4 seconds=0.049305 profit=4041091 moving_time=18450
S4 [31/90] running S4_inst_11.txt algo2
S3 [54/90] ok S3_inst_18.txt algo4 seconds=9.961194 profit=586264 moving_time=2430
S3 [55/90] running S3_inst_19.txt algo2
S3 [55/90] ok S3_inst_19.txt algo2 seconds=0.125909 profit=651592 moving_time=2970
S3 [56/90] running S3_inst_19.txt algo3
S10 [27/90] ok S10_inst_09.txt algo4 seconds=9.973505 profit=1659114 moving_time=7470
S10 [28/90] running S10_inst_10.txt algo2
S9 [53/90] ok S9_inst_18.txt algo3 seconds=10.015392 profit=1934166 moving_time=7470
S9 [54/90] running S9_inst_18.txt algo4
S9 [54/90] ok S9_inst_18.txt algo4 seconds=0.049025 profit=1934166 moving_time=7470
S9 [55/90] running S9_inst_19.txt algo2
S4 [31/90] ok S4_inst_11.txt algo2 seconds=1.617576 profit=5019639 moving_time=21420
S4 [32/90] running S4_inst_11.txt algo3
S11 [47/90] ok S11_inst_16.txt algo3 seconds=10.020638 profit=2013747 moving_time=7560
S11 [48/90] running S11_inst_16.txt algo4
S10 [28/90] ok S10_inst_10.txt algo2 seconds=1.108058 profit=1724201 moving_time=8190
S10 [29/90] running S10_inst_10.txt algo3
S11 [48/90] ok S11_inst_16.txt algo4 seconds=0.035863 profit=2013747 moving_time=7560
S11 [49/90] running S11_inst_17.txt algo2
S9 [55/90] ok S9_inst_19.txt algo2 seconds=0.589579 profit=1705523 moving_time=9000
S9 [56/90] running S9_inst_19.txt algo3
S8 [47/90] ok S8_inst_16.txt algo3 seconds=10.023228 profit=1657752 moving_time=7380
S8 [48/90] running S8_inst_16.txt algo4
S8 [48/90] ok S8_inst_16.txt algo4 seconds=0.039413 profit=1657752 moving_time=7380
S8 [49/90] running S8_inst_17.txt algo2
S6 [50/90] ok S6_inst_17.txt algo3 seconds=10.013425 profit=1602774 moving_time=7200
S6 [51/90] running S6_inst_17.txt algo4
Restricted license - for non-production use only - expires 2027-11-29
S11 [49/90] ok S11_inst_17.txt algo2 seconds=0.764063 profit=1783499 moving_time=8640
S11 [50/90] running S11_inst_17.txt algo3
S8 [49/90] ok S8_inst_17.txt algo2 seconds=0.688769 profit=2020963 moving_time=9000
S8 [50/90] running S8_inst_17.txt algo3
S2 [56/90] ok S2_inst_19.txt algo3 seconds=10.012070 profit=144614 moving_time=810
S2 [57/90] running S2_inst_19.txt algo4
S2 [57/90] ok S2_inst_19.txt algo4 seconds=0.025700 profit=144614 moving_time=810
S2 [58/90] running S2_inst_20.txt algo2
S2 [58/90] ok S2_inst_20.txt algo2 seconds=0.057172 profit=219870 moving_time=900
S2 [59/90] running S2_inst_20.txt algo3
S13 [27/90] ok S13_inst_09.txt algo4 seconds=9.974747 profit=-1108110 moving_time=990
S13 [28/90] running S13_inst_10.txt algo2
S5 [41/90] ok S5_inst_14.txt algo3 seconds=10.023788 profit=1841775 moving_time=7560
S5 [42/90] running S5_inst_14.txt algo4
S5 [42/90] ok S5_inst_14.txt algo4 seconds=0.028035 profit=1841775 moving_time=7560
S5 [43/90] running S5_inst_15.txt algo2
S1 [44/90] ok S1_inst_15.txt algo3 seconds=10.018893 profit=1665629 moving_time=7020
S1 [45/90] running S1_inst_15.txt algo4
S1 [45/90] ok S1_inst_15.txt algo4 seconds=0.042066 profit=1665629 moving_time=7020
S1 [46/90] running S1_inst_16.txt algo2
S5 [43/90] ok S5_inst_15.txt algo2 seconds=0.444298 profit=1826281 moving_time=9000
S5 [44/90] running S5_inst_15.txt algo3
S1 [46/90] ok S1_inst_16.txt algo2 seconds=0.579304 profit=1538670 moving_time=8640
S1 [47/90] running S1_inst_16.txt algo3
S12 [27/90] ok S12_inst_09.txt algo4 seconds=9.979998 profit=-2498244 moving_time=0
S12 [28/90] running S12_inst_10.txt algo2
S13 [28/90] ok S13_inst_10.txt algo2 seconds=1.921514 profit=-401467 moving_time=2430
S13 [29/90] running S13_inst_10.txt algo3
S12 [28/90] ok S12_inst_10.txt algo2 seconds=2.086482 profit=-3545469 moving_time=0
S12 [29/90] running S12_inst_10.txt algo3
S14 [42/90] ok S14_inst_14.txt algo4 seconds=9.969282 profit=1785182 moving_time=7020
S14 [43/90] running S14_inst_15.txt algo2
S7 [45/90] ok S7_inst_15.txt algo4 seconds=9.966212 profit=1531200 moving_time=6570
S7 [46/90] running S7_inst_16.txt algo2
S14 [43/90] ok S14_inst_15.txt algo2 seconds=0.731447 profit=1555695 moving_time=9000
S14 [44/90] running S14_inst_15.txt algo3
S7 [46/90] ok S7_inst_16.txt algo2 seconds=0.875578 profit=1654259 moving_time=8820
S7 [47/90] running S7_inst_16.txt algo3
S3 [56/90] ok S3_inst_19.txt algo3 seconds=10.011133 profit=651592 moving_time=2520
S3 [57/90] running S3_inst_19.txt algo4
S3 [57/90] ok S3_inst_19.txt algo4 seconds=0.027588 profit=651592 moving_time=2520
S3 [58/90] running S3_inst_20.txt algo2
S3 [58/90] ok S3_inst_20.txt algo2 seconds=0.148569 profit=552062 moving_time=2880
S3 [59/90] running S3_inst_20.txt algo3
S4 [32/90] ok S4_inst_11.txt algo3 seconds=10.016768 profit=5019639 moving_time=18720
S4 [33/90] running S4_inst_11.txt algo4
S4 [33/90] ok S4_inst_11.txt algo4 seconds=0.033686 profit=5019639 moving_time=18720
S4 [34/90] running S4_inst_12.txt algo2
S10 [29/90] ok S10_inst_10.txt algo3 seconds=10.015162 profit=1906193 moving_time=8010
S10 [30/90] running S10_inst_10.txt algo4
S9 [56/90] ok S9_inst_19.txt algo3 seconds=10.015199 profit=1705523 moving_time=7200
S9 [57/90] running S9_inst_19.txt algo4
S9 [57/90] ok S9_inst_19.txt algo4 seconds=0.047311 profit=1705523 moving_time=7200
S9 [58/90] running S9_inst_20.txt algo2
S9 [58/90] ok S9_inst_20.txt algo2 seconds=0.516478 profit=1893330 moving_time=9000
S9 [59/90] running S9_inst_20.txt algo3
S6 [51/90] ok S6_inst_17.txt algo4 seconds=9.970369 profit=1602774 moving_time=7200
S6 [52/90] running S6_inst_18.txt algo2
S11 [50/90] ok S11_inst_17.txt algo3 seconds=10.027444 profit=1783499 moving_time=7110
S11 [51/90] running S11_inst_17.txt algo4
S11 [51/90] ok S11_inst_17.txt algo4 seconds=0.034988 profit=1783499 moving_time=7110
S11 [52/90] running S11_inst_18.txt algo2
S8 [50/90] ok S8_inst_17.txt algo3 seconds=10.016293 profit=2020963 moving_time=8010
S8 [51/90] running S8_inst_17.txt algo4
S8 [51/90] ok S8_inst_17.txt algo4 seconds=0.033824 profit=2020963 moving_time=8010
S8 [52/90] running S8_inst_18.txt algo2
S4 [34/90] ok S4_inst_12.txt algo2 seconds=1.575825 profit=4907159 moving_time=21420
S4 [35/90] running S4_inst_12.txt algo3
S6 [52/90] ok S6_inst_18.txt algo2 seconds=0.634926 profit=1395491 moving_time=8910
S6 [53/90] running S6_inst_18.txt algo3
S8 [52/90] ok S8_inst_18.txt algo2 seconds=0.574999 profit=1677752 moving_time=9000
S8 [53/90] running S8_inst_18.txt algo3
S11 [52/90] ok S11_inst_18.txt algo2 seconds=0.686527 profit=1674394 moving_time=8820
S11 [53/90] running S11_inst_18.txt algo3
S2 [59/90] ok S2_inst_20.txt algo3 seconds=9.795192 profit=219870 moving_time=810
S2 [60/90] running S2_inst_20.txt algo4
S2 [60/90] ok S2_inst_20.txt algo4 seconds=0.028143 profit=219870 moving_time=810
S2 [61/90] running S2_inst_21.txt algo2
S2 [61/90] ok S2_inst_21.txt algo2 seconds=0.040042 profit=157509 moving_time=900
S2 [62/90] running S2_inst_21.txt algo3
S5 [44/90] ok S5_inst_15.txt algo3 seconds=10.012395 profit=1826281 moving_time=7650
S5 [45/90] running S5_inst_15.txt algo4
S5 [45/90] ok S5_inst_15.txt algo4 seconds=0.028927 profit=1826281 moving_time=7650
S5 [46/90] running S5_inst_16.txt algo2
S1 [47/90] ok S1_inst_16.txt algo3 seconds=10.016969 profit=1538670 moving_time=7470
S1 [48/90] running S1_inst_16.txt algo4
S5 [46/90] ok S5_inst_16.txt algo2 seconds=0.414837 profit=1939018 moving_time=8910
S5 [47/90] running S5_inst_16.txt algo3
S13 [29/90] ok S13_inst_10.txt algo3 seconds=10.022423 profit=-186064 moving_time=2430
S13 [30/90] running S13_inst_10.txt algo4
S12 [29/90] ok S12_inst_10.txt algo3 seconds=10.013963 profit=-3545469 moving_time=0
S12 [30/90] running S12_inst_10.txt algo4
S14 [44/90] ok S14_inst_15.txt algo3 seconds=10.011980 profit=1555695 moving_time=6570
S14 [45/90] running S14_inst_15.txt algo4
S14 [45/90] ok S14_inst_15.txt algo4 seconds=0.047445 profit=1555695 moving_time=6570
S14 [46/90] running S14_inst_16.txt algo2
S7 [47/90] ok S7_inst_16.txt algo3 seconds=10.021636 profit=1654259 moving_time=7470
S7 [48/90] running S7_inst_16.txt algo4
S14 [46/90] ok S14_inst_16.txt algo2 seconds=0.699460 profit=1584357 moving_time=9000
S14 [47/90] running S14_inst_16.txt algo3
S3 [59/90] ok S3_inst_20.txt algo3 seconds=10.016049 profit=552062 moving_time=2520
S3 [60/90] running S3_inst_20.txt algo4
S10 [30/90] ok S10_inst_10.txt algo4 seconds=9.960928 profit=1906193 moving_time=8010
S10 [31/90] running S10_inst_11.txt algo2
S9 [59/90] ok S9_inst_20.txt algo3 seconds=10.026642 profit=1893330 moving_time=7200
S9 [60/90] running S9_inst_20.txt algo4
S10 [31/90] ok S10_inst_11.txt algo2 seconds=0.924892 profit=1545983 moving_time=8010
S10 [32/90] running S10_inst_11.txt algo3
S9 [60/90] ok S9_inst_20.txt algo4 seconds=0.037523 profit=1893330 moving_time=7200
S9 [61/90] running S9_inst_21.txt algo2
S4 [35/90] ok S4_inst_12.txt algo3 seconds=10.014800 profit=4907159 moving_time=18450
S4 [36/90] running S4_inst_12.txt algo4
S4 [36/90] ok S4_inst_12.txt algo4 seconds=0.060519 profit=4907159 moving_time=18450
S4 [37/90] running S4_inst_13.txt algo2
S6 [53/90] ok S6_inst_18.txt algo3 seconds=10.012915 profit=1395491 moving_time=8910
S6 [54/90] running S6_inst_18.txt algo4
S9 [61/90] ok S9_inst_21.txt algo2 seconds=0.546768 profit=1822571 moving_time=9000
S9 [62/90] running S9_inst_21.txt algo3
S8 [53/90] ok S8_inst_18.txt algo3 seconds=10.015546 profit=1677752 moving_time=7290
S8 [54/90] running S8_inst_18.txt algo4
S11 [53/90] ok S11_inst_18.txt algo3 seconds=10.014718 profit=1674394 moving_time=7110
S11 [54/90] running S11_inst_18.txt algo4
S8 [54/90] ok S8_inst_18.txt algo4 seconds=0.042333 profit=1677752 moving_time=7290
S8 [55/90] running S8_inst_19.txt algo2
S11 [54/90] ok S11_inst_18.txt algo4 seconds=0.035060 profit=1674394 moving_time=7110
S11 [55/90] running S11_inst_19.txt algo2
S2 [62/90] ok S2_inst_21.txt algo3 seconds=10.014155 profit=157509 moving_time=630
S2 [63/90] running S2_inst_21.txt algo4
S2 [63/90] ok S2_inst_21.txt algo4 seconds=0.031739 profit=157509 moving_time=630
S2 [64/90] running S2_inst_22.txt algo2
S11 [55/90] ok S11_inst_19.txt algo2 seconds=0.872048 profit=2135961 moving_time=8910
S11 [56/90] running S11_inst_19.txt algo3
S2 [64/90] ok S2_inst_22.txt algo2 seconds=0.070466 profit=121568 moving_time=900
S2 [65/90] running S2_inst_22.txt algo3
S4 [37/90] ok S4_inst_13.txt algo2 seconds=1.835440 profit=4483632 moving_time=21240
S4 [38/90] running S4_inst_13.txt algo3
S8 [55/90] ok S8_inst_19.txt algo2 seconds=1.776368 profit=13007 moving_time=2970
S8 [56/90] running S8_inst_19.txt algo3
S1 [48/90] ok S1_inst_16.txt algo4 seconds=9.965165 profit=1538670 moving_time=7470
S1 [49/90] running S1_inst_17.txt algo2
S5 [47/90] ok S5_inst_16.txt algo3 seconds=10.012717 profit=1939018 moving_time=6930
S5 [48/90] running S5_inst_16.txt algo4
S5 [48/90] ok S5_inst_16.txt algo4 seconds=0.048654 profit=1939018 moving_time=6930
S5 [49/90] running S5_inst_17.txt algo2
S5 [49/90] ok S5_inst_17.txt algo2 seconds=0.402362 profit=1897327 moving_time=8910
S5 [50/90] running S5_inst_17.txt algo3
S1 [49/90] ok S1_inst_17.txt algo2 seconds=0.627667 profit=2030859 moving_time=8820
S1 [50/90] running S1_inst_17.txt algo3
S13 [30/90] ok S13_inst_10.txt algo4 seconds=9.984022 profit=-71593 moving_time=2430
S13 [31/90] running S13_inst_11.txt algo2
S12 [30/90] ok S12_inst_10.txt algo4 seconds=9.971440 profit=-3545469 moving_time=0
S12 [31/90] running S12_inst_11.txt algo2
S13 [31/90] ok S13_inst_11.txt algo2 seconds=1.743303 profit=-229872 moving_time=2610
S13 [32/90] running S13_inst_11.txt algo3
S7 [48/90] ok S7_inst_16.txt algo4 seconds=9.963240 profit=1654259 moving_time=7470
S7 [49/90] running S7_inst_17.txt algo2
S12 [31/90] ok S12_inst_11.txt algo2 seconds=1.944579 profit=-2980456 moving_time=0
S12 [32/90] running S12_inst_11.txt algo3
S14 [47/90] ok S14_inst_16.txt algo3 seconds=10.014507 profit=1584357 moving_time=7380
S14 [48/90] running S14_inst_16.txt algo4
S7 [49/90] ok S7_inst_17.txt algo2 seconds=0.643372 profit=1916394 moving_time=8910
S7 [50/90] running S7_inst_17.txt algo3
S14 [48/90] ok S14_inst_16.txt algo4 seconds=0.049474 profit=1584357 moving_time=7380
S14 [49/90] running S14_inst_17.txt algo2
S3 [60/90] ok S3_inst_20.txt algo4 seconds=9.966241 profit=552062 moving_time=2520
S3 [61/90] running S3_inst_21.txt algo2
S3 [61/90] ok S3_inst_21.txt algo2 seconds=0.167695 profit=673678 moving_time=2970
S3 [62/90] running S3_inst_21.txt algo3
S14 [49/90] ok S14_inst_17.txt algo2 seconds=1.385035 profit=-217891 moving_time=2700
S14 [50/90] running S14_inst_17.txt algo3
S10 [32/90] ok S10_inst_11.txt algo3 seconds=10.011648 profit=1552493 moving_time=7290
S10 [33/90] running S10_inst_11.txt algo4
S6 [54/90] ok S6_inst_18.txt algo4 seconds=9.973660 profit=1395491 moving_time=8910
S6 [55/90] running S6_inst_19.txt algo2
S9 [62/90] ok S9_inst_21.txt algo3 seconds=10.015076 profit=1822571 moving_time=7290
S9 [63/90] running S9_inst_21.txt algo4
S9 [63/90] ok S9_inst_21.txt algo4 seconds=0.038669 profit=1822571 moving_time=7290
S9 [64/90] running S9_inst_22.txt algo2
S6 [55/90] ok S6_inst_19.txt algo2 seconds=0.613679 profit=2102591 moving_time=9000
S6 [56/90] running S6_inst_19.txt algo3
S9 [64/90] ok S9_inst_22.txt algo2 seconds=0.444943 profit=2144649 moving_time=8730
S9 [65/90] running S9_inst_22.txt algo3
S11 [56/90] ok S11_inst_19.txt algo3 seconds=10.020608 profit=2135961 moving_time=7830
S11 [57/90] running S11_inst_19.txt algo4
S2 [65/90] ok S2_inst_22.txt algo3 seconds=10.012063 profit=121568 moving_time=630
S2 [66/90] running S2_inst_22.txt algo4
S11 [57/90] ok S11_inst_19.txt algo4 seconds=0.042659 profit=2135961 moving_time=7830
S11 [58/90] running S11_inst_20.txt algo2
S2 [66/90] ok S2_inst_22.txt algo4 seconds=0.035428 profit=121568 moving_time=630
S2 [67/90] running S2_inst_23.txt algo2
S2 [67/90] ok S2_inst_23.txt algo2 seconds=0.057787 profit=159561 moving_time=900
S2 [68/90] running S2_inst_23.txt algo3
S4 [38/90] ok S4_inst_13.txt algo3 seconds=10.019892 profit=4483632 moving_time=17730
S4 [39/90] running S4_inst_13.txt algo4
S4 [39/90] ok S4_inst_13.txt algo4 seconds=0.068317 profit=4483632 moving_time=17730
S4 [40/90] running S4_inst_14.txt algo2
S11 [58/90] ok S11_inst_20.txt algo2 seconds=0.854590 profit=1932373 moving_time=8820
S11 [59/90] running S11_inst_20.txt algo3
S8 [56/90] ok S8_inst_19.txt algo3 seconds=10.016179 profit=86162 moving_time=2970
S8 [57/90] running S8_inst_19.txt algo4
S5 [50/90] ok S5_inst_17.txt algo3 seconds=10.010710 profit=1897327 moving_time=8190
S5 [51/90] running S5_inst_17.txt algo4
S5 [51/90] ok S5_inst_17.txt algo4 seconds=0.041827 profit=1897327 moving_time=8190
S5 [52/90] running S5_inst_18.txt algo2
S1 [50/90] ok S1_inst_17.txt algo3 seconds=10.033010 profit=2030859 moving_time=7380
S1 [51/90] running S1_inst_17.txt algo4
S5 [52/90] ok S5_inst_18.txt algo2 seconds=0.494332 profit=1374621 moving_time=8820
S5 [53/90] running S5_inst_18.txt algo3
S4 [40/90] ok S4_inst_14.txt algo2 seconds=2.667951 profit=4244900 moving_time=21600
S4 [41/90] running S4_inst_14.txt algo3
S13 [32/90] ok S13_inst_11.txt algo3 seconds=10.014347 profit=-13827 moving_time=2610
S13 [33/90] running S13_inst_11.txt algo4
S12 [32/90] ok S12_inst_11.txt algo3 seconds=10.016741 profit=-3053266 moving_time=0
S12 [33/90] running S12_inst_11.txt algo4
S7 [50/90] ok S7_inst_17.txt algo3 seconds=10.020165 profit=1916394 moving_time=7740
S7 [51/90] running S7_inst_17.txt algo4
S7 [51/90] ok S7_inst_17.txt algo4 seconds=0.023961 profit=1916394 moving_time=7740
S7 [52/90] running S7_inst_18.txt algo2
S3 [62/90] ok S3_inst_21.txt algo3 seconds=10.019079 profit=673678 moving_time=2340
S3 [63/90] running S3_inst_21.txt algo4
S3 [63/90] ok S3_inst_21.txt algo4 seconds=0.036487 profit=673678 moving_time=2340
S3 [64/90] running S3_inst_22.txt algo2
S3 [64/90] ok S3_inst_22.txt algo2 seconds=0.147977 profit=650576 moving_time=2970
S3 [65/90] running S3_inst_22.txt algo3
S7 [52/90] ok S7_inst_18.txt algo2 seconds=0.687575 profit=2087962 moving_time=9000
S7 [53/90] running S7_inst_18.txt algo3
S14 [50/90] ok S14_inst_17.txt algo3 seconds=10.012435 profit=39224 moving_time=2700
S14 [51/90] running S14_inst_17.txt algo4
S10 [33/90] ok S10_inst_11.txt algo4 seconds=9.964851 profit=1569977 moving_time=7380
S10 [34/90] running S10_inst_12.txt algo2
S10 [34/90] ok S10_inst_12.txt algo2 seconds=1.010933 profit=1929084 moving_time=8730
S10 [35/90] running S10_inst_12.txt algo3
S6 [56/90] ok S6_inst_19.txt algo3 seconds=10.015244 profit=2102591 moving_time=9000
S6 [57/90] running S6_inst_19.txt algo4
S6 [57/90] ok S6_inst_19.txt algo4 seconds=0.036306 profit=2102591 moving_time=9000
S6 [58/90] running S6_inst_20.txt algo2
S9 [65/90] ok S9_inst_22.txt algo3 seconds=10.014744 profit=2144649 moving_time=7110
S9 [66/90] running S9_inst_22.txt algo4
S9 [66/90] ok S9_inst_22.txt algo4 seconds=0.041143 profit=2144649 moving_time=7110
S9 [67/90] running S9_inst_23.txt algo2
S6 [58/90] ok S6_inst_20.txt algo2 seconds=0.531013 profit=1887572 moving_time=9000
S6 [59/90] running S6_inst_20.txt algo3
S9 [67/90] ok S9_inst_23.txt algo2 seconds=0.569007 profit=2318451 moving_time=8550
S9 [68/90] running S9_inst_23.txt algo3
S2 [68/90] ok S2_inst_23.txt algo3 seconds=10.012246 profit=159561 moving_time=810
S2 [69/90] running S2_inst_23.txt algo4
S2 [69/90] ok S2_inst_23.txt algo4 seconds=0.038039 profit=159561 moving_time=810
S2 [70/90] running S2_inst_24.txt algo2
S2 [70/90] ok S2_inst_24.txt algo2 seconds=0.070948 profit=177497 moving_time=810
S2 [71/90] running S2_inst_24.txt algo3
S11 [59/90] ok S11_inst_20.txt algo3 seconds=10.022025 profit=1932373 moving_time=7830
S11 [60/90] running S11_inst_20.txt algo4
S11 [60/90] ok S11_inst_20.txt algo4 seconds=0.048967 profit=1932373 moving_time=7830
S11 [61/90] running S11_inst_21.txt algo2
S8 [57/90] ok S8_inst_19.txt algo4 seconds=9.971731 profit=158621 moving_time=2970
S8 [58/90] running S8_inst_20.txt algo2
S11 [61/90] ok S11_inst_21.txt algo2 seconds=0.872586 profit=1959764 moving_time=8910
S11 [62/90] running S11_inst_21.txt algo3
S1 [51/90] ok S1_inst_17.txt algo4 seconds=9.963011 profit=2030859 moving_time=7380
S1 [52/90] running S1_inst_18.txt algo2
S8 [58/90] ok S8_inst_20.txt algo2 seconds=1.410774 profit=801278 moving_time=4140
S8 [59/90] running S8_inst_20.txt algo3
S1 [52/90] ok S1_inst_18.txt algo2 seconds=0.518613 profit=1658624 moving_time=9000
S1 [53/90] running S1_inst_18.txt algo3
S5 [53/90] ok S5_inst_18.txt algo3 seconds=10.012838 profit=1374621 moving_time=7200
S5 [54/90] running S5_inst_18.txt algo4
S4 [41/90] ok S4_inst_14.txt algo3 seconds=10.015499 profit=4244900 moving_time=18720
S4 [42/90] running S4_inst_14.txt algo4
S4 [42/90] ok S4_inst_14.txt algo4 seconds=0.054007 profit=4244900 moving_time=18720
S4 [43/90] running S4_inst_15.txt algo2
S13 [33/90] ok S13_inst_11.txt algo4 seconds=9.979776 profit=36618 moving_time=2610
S13 [34/90] running S13_inst_12.txt algo2
S4 [43/90] ok S4_inst_15.txt algo2 seconds=2.011057 profit=4974382 moving_time=21060
S4 [44/90] running S4_inst_15.txt algo3
S12 [33/90] ok S12_inst_11.txt algo4 seconds=9.971224 profit=-2980456 moving_time=0
S12 [34/90] running S12_inst_12.txt algo2
S3 [65/90] ok S3_inst_22.txt algo3 seconds=10.014174 profit=650576 moving_time=2250
S3 [66/90] running S3_inst_22.txt algo4
S3 [66/90] ok S3_inst_22.txt algo4 seconds=0.033648 profit=650576 moving_time=2250
S3 [67/90] running S3_inst_23.txt algo2
S13 [34/90] ok S13_inst_12.txt algo2 seconds=2.401664 profit=-1817511 moving_time=720
S13 [35/90] running S13_inst_12.txt algo3
S7 [53/90] ok S7_inst_18.txt algo3 seconds=10.015392 profit=2087962 moving_time=7740
S7 [54/90] running S7_inst_18.txt algo4
S7 [54/90] ok S7_inst_18.txt algo4 seconds=0.042905 profit=2087962 moving_time=7740
S7 [55/90] running S7_inst_19.txt algo2
S3 [67/90] ok S3_inst_23.txt algo2 seconds=0.137384 profit=355699 moving_time=2880
S3 [68/90] running S3_inst_23.txt algo3
S14 [51/90] ok S14_inst_17.txt algo4 seconds=9.968391 profit=110696 moving_time=2700
S14 [52/90] running S14_inst_18.txt algo2
S7 [55/90] ok S7_inst_19.txt algo2 seconds=0.754447 profit=1627222 moving_time=9000
S7 [56/90] running S7_inst_19.txt algo3
S12 [34/90] ok S12_inst_12.txt algo2 seconds=1.872031 profit=-2413750 moving_time=0
S12 [35/90] running S12_inst_12.txt algo3
S14 [52/90] ok S14_inst_18.txt algo2 seconds=0.835022 profit=1748300 moving_time=7920
S14 [53/90] running S14_inst_18.txt algo3
S10 [35/90] ok S10_inst_12.txt algo3 seconds=10.014113 profit=1916628 moving_time=7650
S10 [36/90] running S10_inst_12.txt algo4
S6 [59/90] ok S6_inst_20.txt algo3 seconds=10.010799 profit=1887572 moving_time=9000
S6 [60/90] running S6_inst_20.txt algo4
S6 [60/90] ok S6_inst_20.txt algo4 seconds=0.050234 profit=1887572 moving_time=9000
S6 [61/90] running S6_inst_21.txt algo2
S9 [68/90] ok S9_inst_23.txt algo3 seconds=10.031713 profit=2318451 moving_time=6660
S9 [69/90] running S9_inst_23.txt algo4
Restricted license - for non-production use only - expires 2027-11-29
S2 [71/90] ok S2_inst_24.txt algo3 seconds=10.022558 profit=177497 moving_time=630
S2 [72/90] running S2_inst_24.txt algo4
S6 [61/90] ok S6_inst_21.txt algo2 seconds=0.696900 profit=1739946 moving_time=9000
S6 [62/90] running S6_inst_21.txt algo3
S11 [62/90] ok S11_inst_21.txt algo3 seconds=10.015739 profit=1959764 moving_time=7740
S11 [63/90] running S11_inst_21.txt algo4
S11 [63/90] ok S11_inst_21.txt algo4 seconds=0.051996 profit=1959764 moving_time=7740
S11 [64/90] running S11_inst_22.txt algo2
S8 [59/90] ok S8_inst_20.txt algo3 seconds=10.024268 profit=856061 moving_time=4140
S8 [60/90] running S8_inst_20.txt algo4
S5 [54/90] ok S5_inst_18.txt algo4 seconds=9.983211 profit=1374621 moving_time=7200
S5 [55/90] running S5_inst_19.txt algo2
S1 [53/90] ok S1_inst_18.txt algo3 seconds=10.023756 profit=1658624 moving_time=7740
S1 [54/90] running S1_inst_18.txt algo4
S1 [54/90] ok S1_inst_18.txt algo4 seconds=0.055974 profit=1658624 moving_time=7740
S1 [55/90] running S1_inst_19.txt algo2
S11 [64/90] ok S11_inst_22.txt algo2 seconds=0.905686 profit=1818604 moving_time=8550
S11 [65/90] running S11_inst_22.txt algo3
S5 [55/90] ok S5_inst_19.txt algo2 seconds=0.405685 profit=1857744 moving_time=8820
S5 [56/90] running S5_inst_19.txt algo3
S1 [55/90] ok S1_inst_19.txt algo2 seconds=0.522215 profit=2086238 moving_time=9000
S1 [56/90] running S1_inst_19.txt algo3
S4 [44/90] ok S4_inst_15.txt algo3 seconds=10.025346 profit=4974382 moving_time=18180
S4 [45/90] running S4_inst_15.txt algo4
S4 [45/90] ok S4_inst_15.txt algo4 seconds=0.038157 profit=4974382 moving_time=18180
S4 [46/90] running S4_inst_16.txt algo2
S2 [72/90] ok S2_inst_24.txt algo4 seconds=5.816688 profit=177497 moving_time=630
S2 [73/90] running S2_inst_25.txt algo2
S2 [73/90] ok S2_inst_25.txt algo2 seconds=0.042850 profit=195889 moving_time=900
S2 [74/90] running S2_inst_25.txt algo3
S13 [35/90] ok S13_inst_12.txt algo3 seconds=10.016716 profit=-1745211 moving_time=720
S13 [36/90] running S13_inst_12.txt algo4
S3 [68/90] ok S3_inst_23.txt algo3 seconds=10.013447 profit=355699 moving_time=2610
S3 [69/90] running S3_inst_23.txt algo4
S7 [56/90] ok S7_inst_19.txt algo3 seconds=10.019691 profit=1627222 moving_time=8100
S7 [57/90] running S7_inst_19.txt algo4
S4 [46/90] ok S4_inst_16.txt algo2 seconds=1.936757 profit=4766659 moving_time=21420
S4 [47/90] running S4_inst_16.txt algo3
S7 [57/90] ok S7_inst_19.txt algo4 seconds=0.052545 profit=1627222 moving_time=8100
S7 [58/90] running S7_inst_20.txt algo2
S12 [35/90] ok S12_inst_12.txt algo3 seconds=10.018651 profit=-2413750 moving_time=0
S12 [36/90] running S12_inst_12.txt algo4
S14 [53/90] ok S14_inst_18.txt algo3 seconds=10.012571 profit=1795388 moving_time=7020
S14 [54/90] running S14_inst_18.txt algo4
S14 [54/90] ok S14_inst_18.txt algo4 seconds=0.028822 profit=1795388 moving_time=7020
S14 [55/90] running S14_inst_19.txt algo2
S7 [58/90] ok S7_inst_20.txt algo2 seconds=0.763477 profit=1807058 moving_time=9000
S7 [59/90] running S7_inst_20.txt algo3
S14 [55/90] ok S14_inst_19.txt algo2 seconds=0.619629 profit=1913326 moving_time=8910
S14 [56/90] running S14_inst_19.txt algo3
S10 [36/90] ok S10_inst_12.txt algo4 seconds=9.965589 profit=1916628 moving_time=7650
S10 [37/90] running S10_inst_13.txt algo2
S9 [69/90] ok S9_inst_23.txt algo4 seconds=9.965021 profit=2318451 moving_time=6660
S9 [70/90] running S9_inst_24.txt algo2
S10 [37/90] ok S10_inst_13.txt algo2 seconds=1.045269 profit=1656795 moving_time=7740
S10 [38/90] running S10_inst_13.txt algo3
S9 [70/90] ok S9_inst_24.txt algo2 seconds=0.609673 profit=1714319 moving_time=8910
S9 [71/90] running S9_inst_24.txt algo3
S6 [62/90] ok S6_inst_21.txt algo3 seconds=10.016797 profit=1739946 moving_time=9000
S6 [63/90] running S6_inst_21.txt algo4
S6 [63/90] ok S6_inst_21.txt algo4 seconds=0.038978 profit=1739946 moving_time=9000
S6 [64/90] running S6_inst_22.txt algo2
S6 [64/90] ok S6_inst_22.txt algo2 seconds=0.874825 profit=2147675 moving_time=9000
S6 [65/90] running S6_inst_22.txt algo3
S8 [60/90] ok S8_inst_20.txt algo4 seconds=9.970307 profit=1103069 moving_time=4140
S8 [61/90] running S8_inst_21.txt algo2
S11 [65/90] ok S11_inst_22.txt algo3 seconds=10.016608 profit=1818604 moving_time=7110
S11 [66/90] running S11_inst_22.txt algo4
S11 [66/90] ok S11_inst_22.txt algo4 seconds=0.046862 profit=1818604 moving_time=7110
S11 [67/90] running S11_inst_23.txt algo2
S5 [56/90] ok S5_inst_19.txt algo3 seconds=10.018697 profit=1857744 moving_time=7650
S5 [57/90] running S5_inst_19.txt algo4
S5 [57/90] ok S5_inst_19.txt algo4 seconds=0.033702 profit=1857744 moving_time=7650
S5 [58/90] running S5_inst_20.txt algo2
S1 [56/90] ok S1_inst_19.txt algo3 seconds=10.017440 profit=2086238 moving_time=7470
S1 [57/90] running S1_inst_19.txt algo4
S1 [57/90] ok S1_inst_19.txt algo4 seconds=0.044688 profit=2086238 moving_time=7470
S1 [58/90] running S1_inst_20.txt algo2
S8 [61/90] ok S8_inst_21.txt algo2 seconds=0.990165 profit=1933790 moving_time=8280
S8 [62/90] running S8_inst_21.txt algo3
S5 [58/90] ok S5_inst_20.txt algo2 seconds=0.469303 profit=1789522 moving_time=8730
S5 [59/90] running S5_inst_20.txt algo3
S11 [67/90] ok S11_inst_23.txt algo2 seconds=0.799291 profit=1932888 moving_time=8910
S11 [68/90] running S11_inst_23.txt algo3
S1 [58/90] ok S1_inst_20.txt algo2 seconds=0.499073 profit=2121967 moving_time=8910
S1 [59/90] running S1_inst_20.txt algo3
S2 [74/90] ok S2_inst_25.txt algo3 seconds=10.016620 profit=195889 moving_time=900
S2 [75/90] running S2_inst_25.txt algo4
S2 [75/90] ok S2_inst_25.txt algo4 seconds=0.020360 profit=195889 moving_time=900
S2 [76/90] running S2_inst_26.txt algo2
S2 [76/90] ok S2_inst_26.txt algo2 seconds=0.057541 profit=136033 moving_time=810
S2 [77/90] running S2_inst_26.txt algo3
S13 [36/90] ok S13_inst_12.txt algo4 seconds=9.988624 profit=-1679142 moving_time=720
S13 [37/90] running S13_inst_13.txt algo2
S3 [69/90] ok S3_inst_23.txt algo4 seconds=9.970913 profit=355699 moving_time=2610
S3 [70/90] running S3_inst_24.txt algo2
S3 [70/90] ok S3_inst_24.txt algo2 seconds=0.152371 profit=529561 moving_time=2970
S3 [71/90] running S3_inst_24.txt algo3
S4 [47/90] ok S4_inst_16.txt algo3 seconds=10.018819 profit=4766659 moving_time=17820
S4 [48/90] running S4_inst_16.txt algo4
S12 [36/90] ok S12_inst_12.txt algo4 seconds=9.966153 profit=-2413750 moving_time=0
S12 [37/90] running S12_inst_13.txt algo2
S13 [37/90] ok S13_inst_13.txt algo2 seconds=1.196894 profit=297736 moving_time=2970
S13 [38/90] running S13_inst_13.txt algo3
S7 [59/90] ok S7_inst_20.txt algo3 seconds=10.012438 profit=1807058 moving_time=7650
S7 [60/90] running S7_inst_20.txt algo4
S7 [60/90] ok S7_inst_20.txt algo4 seconds=0.036422 profit=1807058 moving_time=7650
S7 [61/90] running S7_inst_21.txt algo2
S14 [56/90] ok S14_inst_19.txt algo3 seconds=10.019339 profit=1913326 moving_time=7650
S14 [57/90] running S14_inst_19.txt algo4
S14 [57/90] ok S14_inst_19.txt algo4 seconds=0.044621 profit=1913326 moving_time=7650
S14 [58/90] running S14_inst_20.txt algo2
S14 [58/90] ok S14_inst_20.txt algo2 seconds=0.505181 profit=1931697 moving_time=8730
S14 [59/90] running S14_inst_20.txt algo3
S12 [37/90] ok S12_inst_13.txt algo2 seconds=1.947441 profit=-2537116 moving_time=0
S12 [38/90] running S12_inst_13.txt algo3
S7 [61/90] ok S7_inst_21.txt algo2 seconds=1.319768 profit=844750 moving_time=4500
S7 [62/90] running S7_inst_21.txt algo3
S10 [38/90] ok S10_inst_13.txt algo3 seconds=10.013004 profit=1624350 moving_time=7020
S10 [39/90] running S10_inst_13.txt algo4
S6 [65/90] ok S6_inst_22.txt algo3 seconds=10.017237 profit=2147675 moving_time=9000
S6 [66/90] running S6_inst_22.txt algo4
S6 [66/90] ok S6_inst_22.txt algo4 seconds=0.033358 profit=2147675 moving_time=9000
S6 [67/90] running S6_inst_23.txt algo2
S9 [71/90] ok S9_inst_24.txt algo3 seconds=10.014904 profit=1714319 moving_time=7560
S9 [72/90] running S9_inst_24.txt algo4
S9 [72/90] ok S9_inst_24.txt algo4 seconds=0.036901 profit=1714319 moving_time=7560
S9 [73/90] running S9_inst_25.txt algo2
S9 [73/90] ok S9_inst_25.txt algo2 seconds=0.565488 profit=1701011 moving_time=9000
S9 [74/90] running S9_inst_25.txt algo3
S6 [67/90] ok S6_inst_23.txt algo2 seconds=1.246985 profit=960610 moving_time=5400
S6 [68/90] running S6_inst_23.txt algo3
S8 [62/90] ok S8_inst_21.txt algo3 seconds=10.015500 profit=1962008 moving_time=8100
S8 [63/90] running S8_inst_21.txt algo4
S8 [63/90] ok S8_inst_21.txt algo4 seconds=0.054838 profit=1962008 moving_time=8100
S8 [64/90] running S8_inst_22.txt algo2
S5 [59/90] ok S5_inst_20.txt algo3 seconds=10.018321 profit=1789522 moving_time=7020
S5 [60/90] running S5_inst_20.txt algo4
S5 [60/90] ok S5_inst_20.txt algo4 seconds=0.029378 profit=1789522 moving_time=7020
S5 [61/90] running S5_inst_21.txt algo2
S11 [68/90] ok S11_inst_23.txt algo3 seconds=10.024143 profit=1932888 moving_time=7200
S11 [69/90] running S11_inst_23.txt algo4
S1 [59/90] ok S1_inst_20.txt algo3 seconds=10.025191 profit=2121967 moving_time=7650
S1 [60/90] running S1_inst_20.txt algo4
S1 [60/90] ok S1_inst_20.txt algo4 seconds=0.037415 profit=2121967 moving_time=7650
S1 [61/90] running S1_inst_21.txt algo2
S5 [61/90] ok S5_inst_21.txt algo2 seconds=0.414456 profit=1526558 moving_time=8550
S5 [62/90] running S5_inst_21.txt algo3
S1 [61/90] ok S1_inst_21.txt algo2 seconds=0.559837 profit=1776933 moving_time=8910
S1 [62/90] running S1_inst_21.txt algo3
S8 [64/90] ok S8_inst_22.txt algo2 seconds=1.534452 profit=995829 moving_time=4410
S8 [65/90] running S8_inst_22.txt algo3
S2 [77/90] ok S2_inst_26.txt algo3 seconds=10.009508 profit=136033 moving_time=720
S2 [78/90] running S2_inst_26.txt algo4
S2 [78/90] ok S2_inst_26.txt algo4 seconds=0.030257 profit=136033 moving_time=720
S2 [79/90] running S2_inst_27.txt algo2
S2 [79/90] ok S2_inst_27.txt algo2 seconds=0.053040 profit=167778 moving_time=900
S2 [80/90] running S2_inst_27.txt algo3
S3 [71/90] ok S3_inst_24.txt algo3 seconds=10.017608 profit=529561 moving_time=2700
S3 [72/90] running S3_inst_24.txt algo4
S3 [72/90] ok S3_inst_24.txt algo4 seconds=0.027702 profit=529561 moving_time=2700
S3 [73/90] running S3_inst_25.txt algo2
S3 [73/90] ok S3_inst_25.txt algo2 seconds=0.119957 profit=610994 moving_time=2970
S3 [74/90] running S3_inst_25.txt algo3
S4 [48/90] ok S4_inst_16.txt algo4 seconds=9.970876 profit=4766659 moving_time=17820
S4 [49/90] running S4_inst_17.txt algo2
S13 [38/90] ok S13_inst_13.txt algo3 seconds=10.013968 profit=804115 moving_time=2970
S13 [39/90] running S13_inst_13.txt algo4
S4 [49/90] ok S4_inst_17.txt algo2 seconds=1.667304 profit=4057486 moving_time=21240
S4 [50/90] running S4_inst_17.txt algo3
S14 [59/90] ok S14_inst_20.txt algo3 seconds=10.010557 profit=1931697 moving_time=7110
S14 [60/90] running S14_inst_20.txt algo4
S14 [60/90] ok S14_inst_20.txt algo4 seconds=0.051176 profit=1931697 moving_time=7110
S14 [61/90] running S14_inst_21.txt algo2
S12 [38/90] ok S12_inst_13.txt algo3 seconds=10.014323 profit=-2537116 moving_time=0
S12 [39/90] running S12_inst_13.txt algo4
S7 [62/90] ok S7_inst_21.txt algo3 seconds=10.015024 profit=1003804 moving_time=4500
S7 [63/90] running S7_inst_21.txt algo4
S14 [61/90] ok S14_inst_21.txt algo2 seconds=0.787261 profit=2104991 moving_time=8910
S14 [62/90] running S14_inst_21.txt algo3
S10 [39/90] ok S10_inst_13.txt algo4 seconds=9.971516 profit=1733478 moving_time=7200
S10 [40/90] running S10_inst_14.txt algo2
S10 [40/90] ok S10_inst_14.txt algo2 seconds=1.311303 profit=1563424 moving_time=7200
S10 [41/90] running S10_inst_14.txt algo3
S9 [74/90] ok S9_inst_25.txt algo3 seconds=10.015225 profit=1701011 moving_time=7380
S9 [75/90] running S9_inst_25.txt algo4
S9 [75/90] ok S9_inst_25.txt algo4 seconds=0.048876 profit=1701011 moving_time=7380
S9 [76/90] running S9_inst_26.txt algo2
S6 [68/90] ok S6_inst_23.txt algo3 seconds=10.013890 profit=1034377 moving_time=5400
S6 [69/90] running S6_inst_23.txt algo4
S9 [76/90] ok S9_inst_26.txt algo2 seconds=0.594512 profit=1786515 moving_time=8730
S9 [77/90] running S9_inst_26.txt algo3
S11 [69/90] ok S11_inst_23.txt algo4 seconds=9.967822 profit=1932888 moving_time=7200
S11 [70/90] running S11_inst_24.txt algo2
S5 [62/90] ok S5_inst_21.txt algo3 seconds=10.020229 profit=1526558 moving_time=7110
S5 [63/90] running S5_inst_21.txt algo4
S5 [63/90] ok S5_inst_21.txt algo4 seconds=0.029509 profit=1526558 moving_time=7110
S5 [64/90] running S5_inst_22.txt algo2
S1 [62/90] ok S1_inst_21.txt algo3 seconds=10.014844 profit=1776933 moving_time=7380
S1 [63/90] running S1_inst_21.txt algo4
S5 [64/90] ok S5_inst_22.txt algo2 seconds=0.413510 profit=1734757 moving_time=8910
S5 [65/90] running S5_inst_22.txt algo3
S1 [63/90] ok S1_inst_21.txt algo4 seconds=0.038477 profit=1776933 moving_time=7380
S1 [64/90] running S1_inst_22.txt algo2
S11 [70/90] ok S11_inst_24.txt algo2 seconds=0.853301 profit=1758533 moving_time=9000
S11 [71/90] running S11_inst_24.txt algo3
S1 [64/90] ok S1_inst_22.txt algo2 seconds=0.468517 profit=1913457 moving_time=8910
S1 [65/90] running S1_inst_22.txt algo3
S8 [65/90] ok S8_inst_22.txt algo3 seconds=10.030490 profit=1428807 moving_time=4770
S8 [66/90] running S8_inst_22.txt algo4
S2 [80/90] ok S2_inst_27.txt algo3 seconds=10.011090 profit=167778 moving_time=630
S2 [81/90] running S2_inst_27.txt algo4
S2 [81/90] ok S2_inst_27.txt algo4 seconds=0.027053 profit=167778 moving_time=630
S2 [82/90] running S2_inst_28.txt algo2
S2 [82/90] ok S2_inst_28.txt algo2 seconds=0.060952 profit=169536 moving_time=900
S2 [83/90] running S2_inst_28.txt algo3
S3 [74/90] ok S3_inst_25.txt algo3 seconds=10.011883 profit=610994 moving_time=2340
S3 [75/90] running S3_inst_25.txt algo4
S3 [75/90] ok S3_inst_25.txt algo4 seconds=0.031471 profit=610994 moving_time=2340
S3 [76/90] running S3_inst_26.txt algo2
S3 [76/90] ok S3_inst_26.txt algo2 seconds=0.129933 profit=567814 moving_time=2970
S3 [77/90] running S3_inst_26.txt algo3
S13 [39/90] ok S13_inst_13.txt algo4 seconds=9.980980 profit=1027636 moving_time=2970
S13 [40/90] running S13_inst_14.txt algo2
S4 [50/90] ok S4_inst_17.txt algo3 seconds=10.016358 profit=4057486 moving_time=18000
S4 [51/90] running S4_inst_17.txt algo4
S12 [39/90] ok S12_inst_13.txt algo4 seconds=9.981122 profit=-2537116 moving_time=0
S12 [40/90] running S12_inst_14.txt algo2
S7 [63/90] ok S7_inst_21.txt algo4 seconds=9.973856 profit=1058551 moving_time=4500
S7 [64/90] running S7_inst_22.txt algo2
S13 [40/90] ok S13_inst_14.txt algo2 seconds=2.143486 profit=-782320 moving_time=1980
S13 [41/90] running S13_inst_14.txt algo3
S14 [62/90] ok S14_inst_21.txt algo3 seconds=10.016979 profit=2104991 moving_time=7200
S14 [63/90] running S14_inst_21.txt algo4
S7 [64/90] ok S7_inst_22.txt algo2 seconds=0.604228 profit=1808125 moving_time=8910
S7 [65/90] running S7_inst_22.txt algo3
S14 [63/90] ok S14_inst_21.txt algo4 seconds=0.047310 profit=2104991 moving_time=7200
S14 [64/90] running S14_inst_22.txt algo2
S14 [64/90] ok S14_inst_22.txt algo2 seconds=0.620668 profit=1918220 moving_time=8910
S14 [65/90] running S14_inst_22.txt algo3
S12 [40/90] ok S12_inst_14.txt algo2 seconds=2.196751 profit=-3056212 moving_time=0
S12 [41/90] running S12_inst_14.txt algo3
S10 [41/90] ok S10_inst_14.txt algo3 seconds=10.021013 profit=1593700 moving_time=6840
S10 [42/90] running S10_inst_14.txt algo4
S6 [69/90] ok S6_inst_23.txt algo4 seconds=9.976889 profit=1034377 moving_time=5400
S6 [70/90] running S6_inst_24.txt algo2
S9 [77/90] ok S9_inst_26.txt algo3 seconds=10.029021 profit=1786515 moving_time=7470
S9 [78/90] running S9_inst_26.txt algo4
S9 [78/90] ok S9_inst_26.txt algo4 seconds=0.038521 profit=1786515 moving_time=7470
S9 [79/90] running S9_inst_27.txt algo2
S9 [79/90] ok S9_inst_27.txt algo2 seconds=0.434391 profit=1731331 moving_time=9000
S9 [80/90] running S9_inst_27.txt algo3
S6 [70/90] ok S6_inst_24.txt algo2 seconds=1.018225 profit=1945020 moving_time=8550
S6 [71/90] running S6_inst_24.txt algo3
S5 [65/90] ok S5_inst_22.txt algo3 seconds=10.013411 profit=1734757 moving_time=6480
S5 [66/90] running S5_inst_22.txt algo4
S5 [66/90] ok S5_inst_22.txt algo4 seconds=0.042075 profit=1734757 moving_time=6480
S5 [67/90] running S5_inst_23.txt algo2
S11 [71/90] ok S11_inst_24.txt algo3 seconds=10.022979 profit=1758533 moving_time=7740
S11 [72/90] running S11_inst_24.txt algo4
S11 [72/90] ok S11_inst_24.txt algo4 seconds=0.043690 profit=1758533 moving_time=7740
S11 [73/90] running S11_inst_25.txt algo2
S8 [66/90] ok S8_inst_22.txt algo4 seconds=9.966186 profit=1477587 moving_time=4770
S8 [67/90] running S8_inst_23.txt algo2
S1 [65/90] ok S1_inst_22.txt algo3 seconds=10.015580 profit=1913457 moving_time=7920
S1 [66/90] running S1_inst_22.txt algo4
S1 [66/90] ok S1_inst_22.txt algo4 seconds=0.050911 profit=1913457 moving_time=7920
S1 [67/90] running S1_inst_23.txt algo2
S5 [67/90] ok S5_inst_23.txt algo2 seconds=0.545958 profit=1751175 moving_time=9000
S5 [68/90] running S5_inst_23.txt algo3
S11 [73/90] ok S11_inst_25.txt algo2 seconds=0.878967 profit=1927827 moving_time=8820
S11 [74/90] running S11_inst_25.txt algo3
S8 [67/90] ok S8_inst_23.txt algo2 seconds=0.560959 profit=1988812 moving_time=8910
S8 [68/90] running S8_inst_23.txt algo3
S1 [67/90] ok S1_inst_23.txt algo2 seconds=0.674461 profit=2295943 moving_time=8910
S1 [68/90] running S1_inst_23.txt algo3
S2 [83/90] ok S2_inst_28.txt algo3 seconds=10.012045 profit=169536 moving_time=810
S2 [84/90] running S2_inst_28.txt algo4
S2 [84/90] ok S2_inst_28.txt algo4 seconds=0.030202 profit=169536 moving_time=810
S2 [85/90] running S2_inst_29.txt algo2
S2 [85/90] ok S2_inst_29.txt algo2 seconds=0.055865 profit=148091 moving_time=900
S2 [86/90] running S2_inst_29.txt algo3
S3 [77/90] ok S3_inst_26.txt algo3 seconds=10.017055 profit=567814 moving_time=2250
S3 [78/90] running S3_inst_26.txt algo4
S3 [78/90] ok S3_inst_26.txt algo4 seconds=0.038950 profit=567814 moving_time=2250
S3 [79/90] running S3_inst_27.txt algo2
S3 [79/90] ok S3_inst_27.txt algo2 seconds=0.150003 profit=545381 moving_time=2790
S3 [80/90] running S3_inst_27.txt algo3
S4 [51/90] ok S4_inst_17.txt algo4 seconds=9.966266 profit=4057486 moving_time=18000
S4 [52/90] running S4_inst_18.txt algo2
S13 [41/90] ok S13_inst_14.txt algo3 seconds=10.014821 profit=-405208 moving_time=1980
S13 [42/90] running S13_inst_14.txt algo4
S7 [65/90] ok S7_inst_22.txt algo3 seconds=10.014342 profit=1808125 moving_time=7290
S7 [66/90] running S7_inst_22.txt algo4
S7 [66/90] ok S7_inst_22.txt algo4 seconds=0.041331 profit=1808125 moving_time=7290
S7 [67/90] running S7_inst_23.txt algo2
S7 [67/90] ok S7_inst_23.txt algo2 seconds=0.480625 profit=1805622 moving_time=8910
S7 [68/90] running S7_inst_23.txt algo3
S14 [65/90] ok S14_inst_22.txt algo3 seconds=10.013053 profit=1918220 moving_time=7740
S14 [66/90] running S14_inst_22.txt algo4
S14 [66/90] ok S14_inst_22.txt algo4 seconds=0.038242 profit=1918220 moving_time=7740
S14 [67/90] running S14_inst_23.txt algo2
S14 [67/90] ok S14_inst_23.txt algo2 seconds=0.690574 profit=1919741 moving_time=9000
S14 [68/90] running S14_inst_23.txt algo3
S12 [41/90] ok S12_inst_14.txt algo3 seconds=10.022543 profit=-3100438 moving_time=0
S12 [42/90] running S12_inst_14.txt algo4
S4 [52/90] ok S4_inst_18.txt algo2 seconds=1.946097 profit=4271529 moving_time=21240
S4 [53/90] running S4_inst_18.txt algo3
S10 [42/90] ok S10_inst_14.txt algo4 seconds=9.974680 profit=1612699 moving_time=6840
S10 [43/90] running S10_inst_15.txt algo2
S10 [43/90] ok S10_inst_15.txt algo2 seconds=1.283531 profit=1595529 moving_time=7740
S10 [44/90] running S10_inst_15.txt algo3
S9 [80/90] ok S9_inst_27.txt algo3 seconds=10.016528 profit=1731331 moving_time=7740
S9 [81/90] running S9_inst_27.txt algo4
S6 [71/90] ok S6_inst_24.txt algo3 seconds=10.023377 profit=1950195 moving_time=8640
S6 [72/90] running S6_inst_24.txt algo4
S9 [81/90] ok S9_inst_27.txt algo4 seconds=0.050355 profit=1731331 moving_time=7740
S9 [82/90] running S9_inst_28.txt algo2
S9 [82/90] ok S9_inst_28.txt algo2 seconds=0.798138 profit=1637015 moving_time=8910
S9 [83/90] running S9_inst_28.txt algo3
S5 [68/90] ok S5_inst_23.txt algo3 seconds=10.016932 profit=1751175 moving_time=7920
S5 [69/90] running S5_inst_23.txt algo4
S5 [69/90] ok S5_inst_23.txt algo4 seconds=0.038784 profit=1751175 moving_time=7920
S5 [70/90] running S5_inst_24.txt algo2
S8 [68/90] ok S8_inst_23.txt algo3 seconds=10.017063 profit=1988812 moving_time=7740
S8 [69/90] running S8_inst_23.txt algo4
S11 [74/90] ok S11_inst_25.txt algo3 seconds=10.023359 profit=1927827 moving_time=7470
S11 [75/90] running S11_inst_25.txt algo4
S8 [69/90] ok S8_inst_23.txt algo4 seconds=0.041453 profit=1988812 moving_time=7740
S8 [70/90] running S8_inst_24.txt algo2
S11 [75/90] ok S11_inst_25.txt algo4 seconds=0.043194 profit=1927827 moving_time=7470
S11 [76/90] running S11_inst_26.txt algo2
S5 [70/90] ok S5_inst_24.txt algo2 seconds=0.536257 profit=1478435 moving_time=9000
S5 [71/90] running S5_inst_24.txt algo3
S1 [68/90] ok S1_inst_23.txt algo3 seconds=10.019716 profit=2295943 moving_time=6750
S1 [69/90] running S1_inst_23.txt algo4
S1 [69/90] ok S1_inst_23.txt algo4 seconds=0.040763 profit=2295943 moving_time=6750
S1 [70/90] running S1_inst_24.txt algo2
S8 [70/90] ok S8_inst_24.txt algo2 seconds=0.709642 profit=1738843 moving_time=8910
S8 [71/90] running S8_inst_24.txt algo3
S1 [70/90] ok S1_inst_24.txt algo2 seconds=0.487394 profit=1768015 moving_time=8820
S1 [71/90] running S1_inst_24.txt algo3
S11 [76/90] ok S11_inst_26.txt algo2 seconds=0.856481 profit=2008750 moving_time=9000
S11 [77/90] running S11_inst_26.txt algo3
S2 [86/90] ok S2_inst_29.txt algo3 seconds=10.016104 profit=148091 moving_time=630
S2 [87/90] running S2_inst_29.txt algo4
S2 [87/90] ok S2_inst_29.txt algo4 seconds=0.045629 profit=148091 moving_time=630
S2 [88/90] running S2_inst_30.txt algo2
S2 [88/90] ok S2_inst_30.txt algo2 seconds=0.064173 profit=130220 moving_time=900
S2 [89/90] running S2_inst_30.txt algo3
S3 [80/90] ok S3_inst_27.txt algo3 seconds=10.019803 profit=545381 moving_time=2250
S3 [81/90] running S3_inst_27.txt algo4
S13 [42/90] ok S13_inst_14.txt algo4 seconds=9.991103 profit=-331006 moving_time=1980
S13 [43/90] running S13_inst_15.txt algo2
S7 [68/90] ok S7_inst_23.txt algo3 seconds=10.020934 profit=1805622 moving_time=7470
S7 [69/90] running S7_inst_23.txt algo4
S7 [69/90] ok S7_inst_23.txt algo4 seconds=0.028079 profit=1805622 moving_time=7470
S7 [70/90] running S7_inst_24.txt algo2
S7 [70/90] ok S7_inst_24.txt algo2 seconds=0.599844 profit=1875037 moving_time=8910
S7 [71/90] running S7_inst_24.txt algo3
S14 [68/90] ok S14_inst_23.txt algo3 seconds=10.016302 profit=1919741 moving_time=8190
S14 [69/90] running S14_inst_23.txt algo4
S14 [69/90] ok S14_inst_23.txt algo4 seconds=0.030810 profit=1919741 moving_time=8190
S14 [70/90] running S14_inst_24.txt algo2
S12 [42/90] ok S12_inst_14.txt algo4 seconds=9.985802 profit=-3056212 moving_time=0
S12 [43/90] running S12_inst_15.txt algo2
S4 [53/90] ok S4_inst_18.txt algo3 seconds=10.024003 profit=4271529 moving_time=17010
S4 [54/90] running S4_inst_18.txt algo4
S13 [43/90] ok S13_inst_15.txt algo2 seconds=2.062349 profit=-1048696 moving_time=1800
S13 [44/90] running S13_inst_15.txt algo3
S14 [70/90] ok S14_inst_24.txt algo2 seconds=0.673619 profit=1983560 moving_time=9000
S14 [71/90] running S14_inst_24.txt algo3
S10 [44/90] ok S10_inst_15.txt algo3 seconds=10.022650 profit=1611099 moving_time=6840
S10 [45/90] running S10_inst_15.txt algo4
S12 [43/90] ok S12_inst_15.txt algo2 seconds=2.155639 profit=-3240742 moving_time=0
S12 [44/90] running S12_inst_15.txt algo3
S6 [72/90] ok S6_inst_24.txt algo4 seconds=9.977640 profit=1950195 moving_time=8640
S6 [73/90] running S6_inst_25.txt algo2
S6 [73/90] ok S6_inst_25.txt algo2 seconds=0.839333 profit=1750029 moving_time=9000
S6 [74/90] running S6_inst_25.txt algo3
S9 [83/90] ok S9_inst_28.txt algo3 seconds=10.015144 profit=1637015 moving_time=7200
S9 [84/90] running S9_inst_28.txt algo4
S9 [84/90] ok S9_inst_28.txt algo4 seconds=0.056361 profit=1637015 moving_time=7200
S9 [85/90] running S9_inst_29.txt algo2
S9 [85/90] ok S9_inst_29.txt algo2 seconds=0.601008 profit=1747982 moving_time=9000
S9 [86/90] running S9_inst_29.txt algo3
S5 [71/90] ok S5_inst_24.txt algo3 seconds=10.014940 profit=1478435 moving_time=7920
S5 [72/90] running S5_inst_24.txt algo4
S5 [72/90] ok S5_inst_24.txt algo4 seconds=0.046706 profit=1478435 moving_time=7920
S5 [73/90] running S5_inst_25.txt algo2
S8 [71/90] ok S8_inst_24.txt algo3 seconds=10.021152 profit=1738843 moving_time=7110
S8 [72/90] running S8_inst_24.txt algo4
S1 [71/90] ok S1_inst_24.txt algo3 seconds=10.017813 profit=1768015 moving_time=7290
S1 [72/90] running S1_inst_24.txt algo4
S5 [73/90] ok S5_inst_25.txt algo2 seconds=0.533338 profit=1596422 moving_time=8820
S5 [74/90] running S5_inst_25.txt algo3
S1 [72/90] ok S1_inst_24.txt algo4 seconds=0.050629 profit=1768015 moving_time=7290
S1 [73/90] running S1_inst_25.txt algo2
S8 [72/90] ok S8_inst_24.txt algo4 seconds=0.051307 profit=1738843 moving_time=7110
S8 [73/90] running S8_inst_25.txt algo2
S11 [77/90] ok S11_inst_26.txt algo3 seconds=10.022557 profit=2008750 moving_time=7380
S11 [78/90] running S11_inst_26.txt algo4
S11 [78/90] ok S11_inst_26.txt algo4 seconds=0.041095 profit=2008750 moving_time=7380
S11 [79/90] running S11_inst_27.txt algo2
S2 [89/90] ok S2_inst_30.txt algo3 seconds=10.011880 profit=130220 moving_time=360
S2 [90/90] running S2_inst_30.txt algo4
S2 [90/90] ok S2_inst_30.txt algo4 seconds=0.036086 profit=130220 moving_time=360
scenario done: S2
S1 [73/90] ok S1_inst_25.txt algo2 seconds=0.598199 profit=2078029 moving_time=8910
S1 [74/90] running S1_inst_25.txt algo3
S8 [73/90] ok S8_inst_25.txt algo2 seconds=0.719599 profit=1887929 moving_time=8820
S8 [74/90] running S8_inst_25.txt algo3
S3 [81/90] ok S3_inst_27.txt algo4 seconds=9.967135 profit=545381 moving_time=2250
S3 [82/90] running S3_inst_28.txt algo2
S3 [82/90] ok S3_inst_28.txt algo2 seconds=0.161864 profit=558684 moving_time=2970
S3 [83/90] running S3_inst_28.txt algo3
S11 [79/90] ok S11_inst_27.txt algo2 seconds=0.865045 profit=1704023 moving_time=9000
S11 [80/90] running S11_inst_27.txt algo3
S7 [71/90] ok S7_inst_24.txt algo3 seconds=10.013302 profit=1875037 moving_time=7650
S7 [72/90] running S7_inst_24.txt algo4
S4 [54/90] ok S4_inst_18.txt algo4 seconds=9.967426 profit=4271529 moving_time=17010
S4 [55/90] running S4_inst_19.txt algo2
S13 [44/90] ok S13_inst_15.txt algo3 seconds=10.023993 profit=-725365 moving_time=1800
S13 [45/90] running S13_inst_15.txt algo4
S14 [71/90] ok S14_inst_24.txt algo3 seconds=10.016171 profit=1983560 moving_time=7470
S14 [72/90] running S14_inst_24.txt algo4
S14 [72/90] ok S14_inst_24.txt algo4 seconds=0.044821 profit=1983560 moving_time=7470
S14 [73/90] running S14_inst_25.txt algo2
S14 [73/90] ok S14_inst_25.txt algo2 seconds=0.558994 profit=1611756 moving_time=8820
S14 [74/90] running S14_inst_25.txt algo3
S10 [45/90] ok S10_inst_15.txt algo4 seconds=9.966323 profit=1611099 moving_time=6840
S10 [46/90] running S10_inst_16.txt algo2
S4 [55/90] ok S4_inst_19.txt algo2 seconds=1.934841 profit=4455137 moving_time=21420
S4 [56/90] running S4_inst_19.txt algo3
S12 [44/90] ok S12_inst_15.txt algo3 seconds=10.012871 profit=-3310492 moving_time=0
S12 [45/90] running S12_inst_15.txt algo4
S6 [74/90] ok S6_inst_25.txt algo3 seconds=10.024350 profit=1750029 moving_time=9000
S6 [75/90] running S6_inst_25.txt algo4
S6 [75/90] ok S6_inst_25.txt algo4 seconds=0.040158 profit=1750029 moving_time=9000
S6 [76/90] running S6_inst_26.txt algo2
S10 [46/90] ok S10_inst_16.txt algo2 seconds=1.396999 profit=1480892 moving_time=7470
S10 [47/90] running S10_inst_16.txt algo3
S9 [86/90] ok S9_inst_29.txt algo3 seconds=10.024549 profit=1747982 moving_time=7200
S9 [87/90] running S9_inst_29.txt algo4
S9 [87/90] ok S9_inst_29.txt algo4 seconds=0.040272 profit=1747982 moving_time=7200
S9 [88/90] running S9_inst_30.txt algo2
S9 [88/90] ok S9_inst_30.txt algo2 seconds=0.704008 profit=1528657 moving_time=8640
S9 [89/90] running S9_inst_30.txt algo3
S5 [74/90] ok S5_inst_25.txt algo3 seconds=10.023945 profit=1596422 moving_time=6660
S5 [75/90] running S5_inst_25.txt algo4
S5 [75/90] ok S5_inst_25.txt algo4 seconds=0.027628 profit=1596422 moving_time=6660
S5 [76/90] running S5_inst_26.txt algo2
S6 [76/90] ok S6_inst_26.txt algo2 seconds=1.839341 profit=-19290 moving_time=3600
S6 [77/90] running S6_inst_26.txt algo3
S5 [76/90] ok S5_inst_26.txt algo2 seconds=0.457679 profit=1886837 moving_time=8910
S5 [77/90] running S5_inst_26.txt algo3
S1 [74/90] ok S1_inst_25.txt algo3 seconds=10.014786 profit=2078029 moving_time=7290
S1 [75/90] running S1_inst_25.txt algo4
S1 [75/90] ok S1_inst_25.txt algo4 seconds=0.048477 profit=2078029 moving_time=7290
S1 [76/90] running S1_inst_26.txt algo2
S8 [74/90] ok S8_inst_25.txt algo3 seconds=10.022532 profit=1887929 moving_time=7380
S8 [75/90] running S8_inst_25.txt algo4
S8 [75/90] ok S8_inst_25.txt algo4 seconds=0.039686 profit=1887929 moving_time=7380
S8 [76/90] running S8_inst_26.txt algo2
S3 [83/90] ok S3_inst_28.txt algo3 seconds=10.013034 profit=558684 moving_time=2700
S3 [84/90] running S3_inst_28.txt algo4
S11 [80/90] ok S11_inst_27.txt algo3 seconds=10.022851 profit=1704023 moving_time=7380
S11 [81/90] running S11_inst_27.txt algo4
S3 [84/90] ok S3_inst_28.txt algo4 seconds=0.030654 profit=558684 moving_time=2700
S3 [85/90] running S3_inst_29.txt algo2
S11 [81/90] ok S11_inst_27.txt algo4 seconds=0.025623 profit=1704023 moving_time=7380
S11 [82/90] running S11_inst_28.txt algo2
S1 [76/90] ok S1_inst_26.txt algo2 seconds=0.420688 profit=1865771 moving_time=9000
S1 [77/90] running S1_inst_26.txt algo3
S3 [85/90] ok S3_inst_29.txt algo2 seconds=0.143687 profit=435945 moving_time=2970
S3 [86/90] running S3_inst_29.txt algo3
S11 [82/90] ok S11_inst_28.txt algo2 seconds=0.550437 profit=1894397 moving_time=9000
S11 [83/90] running S11_inst_28.txt algo3
S8 [76/90] ok S8_inst_26.txt algo2 seconds=1.134503 profit=1435098 moving_time=5670
S8 [77/90] running S8_inst_26.txt algo3
S7 [72/90] ok S7_inst_24.txt algo4 seconds=9.962634 profit=1875037 moving_time=7650
S7 [73/90] running S7_inst_25.txt algo2
S7 [73/90] ok S7_inst_25.txt algo2 seconds=0.619514 profit=1884111 moving_time=8910
S7 [74/90] running S7_inst_25.txt algo3
S13 [45/90] ok S13_inst_15.txt algo4 seconds=9.968900 profit=-588586 moving_time=1800
S13 [46/90] running S13_inst_16.txt algo2
S14 [74/90] ok S14_inst_25.txt algo3 seconds=10.012195 profit=1611756 moving_time=7110
S14 [75/90] running S14_inst_25.txt algo4
S13 [46/90] ok S13_inst_16.txt algo2 seconds=1.563104 profit=-216734 moving_time=2610
S13 [47/90] running S13_inst_16.txt algo3
S12 [45/90] ok S12_inst_15.txt algo4 seconds=9.984236 profit=-3310492 moving_time=0
S12 [46/90] running S12_inst_16.txt algo2
S4 [56/90] ok S4_inst_19.txt algo3 seconds=10.023125 profit=4455137 moving_time=18180
S4 [57/90] running S4_inst_19.txt algo4
S4 [57/90] ok S4_inst_19.txt algo4 seconds=0.047874 profit=4455137 moving_time=18180
S4 [58/90] running S4_inst_20.txt algo2
S10 [47/90] ok S10_inst_16.txt algo3 seconds=10.014407 profit=1442234 moving_time=6480
S10 [48/90] running S10_inst_16.txt algo4
S4 [58/90] ok S4_inst_20.txt algo2 seconds=1.477235 profit=5089646 moving_time=21600
S4 [59/90] running S4_inst_20.txt algo3
S12 [46/90] ok S12_inst_16.txt algo2 seconds=1.876393 profit=-3437939 moving_time=0
S12 [47/90] running S12_inst_16.txt algo3
S9 [89/90] ok S9_inst_30.txt algo3 seconds=10.015797 profit=1528657 moving_time=7560
S9 [90/90] running S9_inst_30.txt algo4
S6 [77/90] ok S6_inst_26.txt algo3 seconds=10.014161 profit=84540 moving_time=3600
S6 [78/90] running S6_inst_26.txt algo4
S5 [77/90] ok S5_inst_26.txt algo3 seconds=10.016179 profit=1886837 moving_time=7380
S5 [78/90] running S5_inst_26.txt algo4
S5 [78/90] ok S5_inst_26.txt algo4 seconds=0.049996 profit=1886837 moving_time=7380
S5 [79/90] running S5_inst_27.txt algo2
S5 [79/90] ok S5_inst_27.txt algo2 seconds=0.515445 profit=1978045 moving_time=9000
S5 [80/90] running S5_inst_27.txt algo3
S1 [77/90] ok S1_inst_26.txt algo3 seconds=10.024561 profit=1865771 moving_time=7650
S1 [78/90] running S1_inst_26.txt algo4
S1 [78/90] ok S1_inst_26.txt algo4 seconds=0.040064 profit=1865771 moving_time=7650
S1 [79/90] running S1_inst_27.txt algo2
S3 [86/90] ok S3_inst_29.txt algo3 seconds=10.014141 profit=435945 moving_time=2610
S3 [87/90] running S3_inst_29.txt algo4
S3 [87/90] ok S3_inst_29.txt algo4 seconds=0.033689 profit=435945 moving_time=2610
S3 [88/90] running S3_inst_30.txt algo2
S3 [88/90] ok S3_inst_30.txt algo2 seconds=0.185780 profit=595298 moving_time=2880
S3 [89/90] running S3_inst_30.txt algo3
S11 [83/90] ok S11_inst_28.txt algo3 seconds=10.012648 profit=1894397 moving_time=7380
S11 [84/90] running S11_inst_28.txt algo4
S11 [84/90] ok S11_inst_28.txt algo4 seconds=0.046458 profit=1894397 moving_time=7380
S11 [85/90] running S11_inst_29.txt algo2
S1 [79/90] ok S1_inst_27.txt algo2 seconds=0.583343 profit=1947130 moving_time=8910
S1 [80/90] running S1_inst_27.txt algo3
S8 [77/90] ok S8_inst_26.txt algo3 seconds=10.015137 profit=1678770 moving_time=5670
S8 [78/90] running S8_inst_26.txt algo4
S11 [85/90] ok S11_inst_29.txt algo2 seconds=0.905193 profit=1795822 moving_time=9000
S11 [86/90] running S11_inst_29.txt algo3
S7 [74/90] ok S7_inst_25.txt algo3 seconds=10.015431 profit=1884111 moving_time=7740
S7 [75/90] running S7_inst_25.txt algo4
S7 [75/90] ok S7_inst_25.txt algo4 seconds=0.028865 profit=1884111 moving_time=7740
S7 [76/90] running S7_inst_26.txt algo2
S7 [76/90] ok S7_inst_26.txt algo2 seconds=0.455056 profit=1965091 moving_time=8730
S7 [77/90] running S7_inst_26.txt algo3
S14 [75/90] ok S14_inst_25.txt algo4 seconds=9.962300 profit=1611756 moving_time=7110
S14 [76/90] running S14_inst_26.txt algo2
S14 [76/90] ok S14_inst_26.txt algo2 seconds=0.497284 profit=1829681 moving_time=8910
S14 [77/90] running S14_inst_26.txt algo3
S13 [47/90] ok S13_inst_16.txt algo3 seconds=10.015126 profit=-23216 moving_time=2610
S13 [48/90] running S13_inst_16.txt algo4
S10 [48/90] ok S10_inst_16.txt algo4 seconds=9.972106 profit=1503101 moving_time=6570
S10 [49/90] running S10_inst_17.txt algo2
S4 [59/90] ok S4_inst_20.txt algo3 seconds=10.015752 profit=5089646 moving_time=18360
S4 [60/90] running S4_inst_20.txt algo4
S4 [60/90] ok S4_inst_20.txt algo4 seconds=0.044065 profit=5089646 moving_time=18360
S4 [61/90] running S4_inst_21.txt algo2
S12 [47/90] ok S12_inst_16.txt algo3 seconds=10.013109 profit=-3437939 moving_time=0
S12 [48/90] running S12_inst_16.txt algo4
S9 [90/90] ok S9_inst_30.txt algo4 seconds=9.965320 profit=1528657 moving_time=7560
scenario done: S9
S10 [49/90] ok S10_inst_17.txt algo2 seconds=1.307851 profit=1752153 moving_time=8010
S10 [50/90] running S10_inst_17.txt algo3
S4 [61/90] ok S4_inst_21.txt algo2 seconds=1.382781 profit=4765457 moving_time=21420
S4 [62/90] running S4_inst_21.txt algo3
S6 [78/90] ok S6_inst_26.txt algo4 seconds=9.980259 profit=84540 moving_time=3600
S6 [79/90] running S6_inst_27.txt algo2
S5 [80/90] ok S5_inst_27.txt algo3 seconds=10.021081 profit=1978045 moving_time=7020
S5 [81/90] running S5_inst_27.txt algo4
S3 [89/90] ok S3_inst_30.txt algo3 seconds=10.025532 profit=595298 moving_time=2610
S3 [90/90] running S3_inst_30.txt algo4
S8 [78/90] ok S8_inst_26.txt algo4 seconds=9.975683 profit=1768293 moving_time=5670
S8 [79/90] running S8_inst_27.txt algo2
S1 [80/90] ok S1_inst_27.txt algo3 seconds=10.022953 profit=1947130 moving_time=7380
S1 [81/90] running S1_inst_27.txt algo4
S5 [81/90] ok S5_inst_27.txt algo4 seconds=0.027843 profit=1978045 moving_time=7020
S5 [82/90] running S5_inst_28.txt algo2
S6 [79/90] ok S6_inst_27.txt algo2 seconds=0.431414 profit=1910975 moving_time=9000
S6 [80/90] running S6_inst_27.txt algo3
S5 [82/90] ok S5_inst_28.txt algo2 seconds=0.400052 profit=1547922 moving_time=8820
S5 [83/90] running S5_inst_28.txt algo3
S11 [86/90] ok S11_inst_29.txt algo3 seconds=10.019596 profit=1795822 moving_time=7560
S11 [87/90] running S11_inst_29.txt algo4
S11 [87/90] ok S11_inst_29.txt algo4 seconds=0.057213 profit=1795822 moving_time=7560
S11 [88/90] running S11_inst_30.txt algo2
S8 [79/90] ok S8_inst_27.txt algo2 seconds=0.784023 profit=1595399 moving_time=8730
S8 [80/90] running S8_inst_27.txt algo3
S11 [88/90] ok S11_inst_30.txt algo2 seconds=0.859643 profit=2201391 moving_time=8910
S11 [89/90] running S11_inst_30.txt algo3
S7 [77/90] ok S7_inst_26.txt algo3 seconds=10.014127 profit=1965091 moving_time=7200
S7 [78/90] running S7_inst_26.txt algo4
S7 [78/90] ok S7_inst_26.txt algo4 seconds=0.050487 profit=1965091 moving_time=7200
S7 [79/90] running S7_inst_27.txt algo2
S14 [77/90] ok S14_inst_26.txt algo3 seconds=10.010804 profit=1829681 moving_time=7470
S14 [78/90] running S14_inst_26.txt algo4
S14 [78/90] ok S14_inst_26.txt algo4 seconds=0.042975 profit=1829681 moving_time=7470
S14 [79/90] running S14_inst_27.txt algo2
S7 [79/90] ok S7_inst_27.txt algo2 seconds=1.010097 profit=1169115 moving_time=5670
S7 [80/90] running S7_inst_27.txt algo3
S13 [48/90] ok S13_inst_16.txt algo4 seconds=9.976476 profit=227365 moving_time=2610
S13 [49/90] running S13_inst_17.txt algo2
S14 [79/90] ok S14_inst_27.txt algo2 seconds=0.582791 profit=1857634 moving_time=9000
S14 [80/90] running S14_inst_27.txt algo3
S13 [49/90] ok S13_inst_17.txt algo2 seconds=1.776013 profit=-169904 moving_time=2250
S13 [50/90] running S13_inst_17.txt algo3
S12 [48/90] ok S12_inst_16.txt algo4 seconds=9.977131 profit=-3437939 moving_time=0
S12 [49/90] running S12_inst_17.txt algo2
S10 [50/90] ok S10_inst_17.txt algo3 seconds=10.032408 profit=1798464 moving_time=7830
S10 [51/90] running S10_inst_17.txt algo4
S4 [62/90] ok S4_inst_21.txt algo3 seconds=10.014717 profit=4765457 moving_time=17280
S4 [63/90] running S4_inst_21.txt algo4
S4 [63/90] ok S4_inst_21.txt algo4 seconds=0.048413 profit=4765457 moving_time=17280
S4 [64/90] running S4_inst_22.txt algo2
S12 [49/90] ok S12_inst_17.txt algo2 seconds=1.987475 profit=-2858202 moving_time=0
S12 [50/90] running S12_inst_17.txt algo3
S3 [90/90] ok S3_inst_30.txt algo4 seconds=9.964935 profit=595298 moving_time=2610
scenario done: S3
S1 [81/90] ok S1_inst_27.txt algo4 seconds=9.965272 profit=1947130 moving_time=7380
S1 [82/90] running S1_inst_28.txt algo2
S4 [64/90] ok S4_inst_22.txt algo2 seconds=1.523526 profit=5348070 moving_time=21150
S4 [65/90] running S4_inst_22.txt algo3
S1 [82/90] ok S1_inst_28.txt algo2 seconds=0.432805 profit=2080865 moving_time=8730
S1 [83/90] running S1_inst_28.txt algo3
S6 [80/90] ok S6_inst_27.txt algo3 seconds=10.010714 profit=1910975 moving_time=9000
S6 [81/90] running S6_inst_27.txt algo4
S5 [83/90] ok S5_inst_28.txt algo3 seconds=10.021525 profit=1547922 moving_time=7740
S5 [84/90] running S5_inst_28.txt algo4
S6 [81/90] ok S6_inst_27.txt algo4 seconds=0.038034 profit=1910975 moving_time=9000
S6 [82/90] running S6_inst_28.txt algo2
S5 [84/90] ok S5_inst_28.txt algo4 seconds=0.040011 profit=1547922 moving_time=7740
S5 [85/90] running S5_inst_29.txt algo2
S8 [80/90] ok S8_inst_27.txt algo3 seconds=10.015013 profit=1595399 moving_time=6390
S8 [81/90] running S8_inst_27.txt algo4
S6 [82/90] ok S6_inst_28.txt algo2 seconds=0.472613 profit=1874015 moving_time=9000
S6 [83/90] running S6_inst_28.txt algo3
S5 [85/90] ok S5_inst_29.txt algo2 seconds=0.540886 profit=1968484 moving_time=9000
S5 [86/90] running S5_inst_29.txt algo3
S11 [89/90] ok S11_inst_30.txt algo3 seconds=10.019364 profit=2201391 moving_time=7380
S11 [90/90] running S11_inst_30.txt algo4
S11 [90/90] ok S11_inst_30.txt algo4 seconds=0.042797 profit=2201391 moving_time=7380
scenario done: S11
S7 [80/90] ok S7_inst_27.txt algo3 seconds=10.014570 profit=1372713 moving_time=5670
S7 [81/90] running S7_inst_27.txt algo4
S14 [80/90] ok S14_inst_27.txt algo3 seconds=10.017004 profit=1857634 moving_time=7740
S14 [81/90] running S14_inst_27.txt algo4
S14 [81/90] ok S14_inst_27.txt algo4 seconds=0.038395 profit=1857634 moving_time=7740
S14 [82/90] running S14_inst_28.txt algo2
S14 [82/90] ok S14_inst_28.txt algo2 seconds=1.424402 profit=-209571 moving_time=2340
S14 [83/90] running S14_inst_28.txt algo3
S13 [50/90] ok S13_inst_17.txt algo3 seconds=10.014341 profit=-131012 moving_time=2250
S13 [51/90] running S13_inst_17.txt algo4
S10 [51/90] ok S10_inst_17.txt algo4 seconds=9.961272 profit=1798464 moving_time=7830
S10 [52/90] running S10_inst_18.txt algo2
S10 [52/90] ok S10_inst_18.txt algo2 seconds=0.976805 profit=1408983 moving_time=7560
S10 [53/90] running S10_inst_18.txt algo3
S12 [50/90] ok S12_inst_17.txt algo3 seconds=10.013658 profit=-2858202 moving_time=0
S12 [51/90] running S12_inst_17.txt algo4
S4 [65/90] ok S4_inst_22.txt algo3 seconds=10.019416 profit=5348070 moving_time=17730
S4 [66/90] running S4_inst_22.txt algo4
S4 [66/90] ok S4_inst_22.txt algo4 seconds=0.053598 profit=5348070 moving_time=17730
S4 [67/90] running S4_inst_23.txt algo2
S1 [83/90] ok S1_inst_28.txt algo3 seconds=10.012874 profit=2080865 moving_time=7200
S1 [84/90] running S1_inst_28.txt algo4
S8 [81/90] ok S8_inst_27.txt algo4 seconds=9.969919 profit=1595399 moving_time=6390
S8 [82/90] running S8_inst_28.txt algo2
S6 [83/90] ok S6_inst_28.txt algo3 seconds=10.009490 profit=1874015 moving_time=9000
S6 [84/90] running S6_inst_28.txt algo4
S6 [84/90] ok S6_inst_28.txt algo4 seconds=0.033359 profit=1874015 moving_time=9000
S6 [85/90] running S6_inst_29.txt algo2
S5 [86/90] ok S5_inst_29.txt algo3 seconds=10.019780 profit=1968484 moving_time=7650
S5 [87/90] running S5_inst_29.txt algo4
S5 [87/90] ok S5_inst_29.txt algo4 seconds=0.043790 profit=1968484 moving_time=7650
S5 [88/90] running S5_inst_30.txt algo2
S6 [85/90] ok S6_inst_29.txt algo2 seconds=0.516231 profit=1762615 moving_time=9000
S6 [86/90] running S6_inst_29.txt algo3
S5 [88/90] ok S5_inst_30.txt algo2 seconds=0.418226 profit=1881845 moving_time=8910
S5 [89/90] running S5_inst_30.txt algo3
S8 [82/90] ok S8_inst_28.txt algo2 seconds=0.868647 profit=1667037 moving_time=8910
S8 [83/90] running S8_inst_28.txt algo3
S4 [67/90] ok S4_inst_23.txt algo2 seconds=1.797260 profit=4541113 moving_time=21420
S4 [68/90] running S4_inst_23.txt algo3
S7 [81/90] ok S7_inst_27.txt algo4 seconds=9.968954 profit=1439427 moving_time=5670
S7 [82/90] running S7_inst_28.txt algo2
S7 [82/90] ok S7_inst_28.txt algo2 seconds=0.914998 profit=1393005 moving_time=8730
S7 [83/90] running S7_inst_28.txt algo3
S13 [51/90] ok S13_inst_17.txt algo4 seconds=9.972107 profit=95215 moving_time=2250
S13 [52/90] running S13_inst_18.txt algo2
S14 [83/90] ok S14_inst_28.txt algo3 seconds=10.011464 profit=-246333 moving_time=2340
S14 [84/90] running S14_inst_28.txt algo4
S13 [52/90] ok S13_inst_18.txt algo2 seconds=1.326197 profit=-22423 moving_time=2880
S13 [53/90] running S13_inst_18.txt algo3
S10 [53/90] ok S10_inst_18.txt algo3 seconds=10.017094 profit=1475448 moving_time=6480
S10 [54/90] running S10_inst_18.txt algo4
S12 [51/90] ok S12_inst_17.txt algo4 seconds=9.967058 profit=-2858202 moving_time=0
S12 [52/90] running S12_inst_18.txt algo2
S1 [84/90] ok S1_inst_28.txt algo4 seconds=9.970326 profit=2080865 moving_time=7200
S1 [85/90] running S1_inst_29.txt algo2
S1 [85/90] ok S1_inst_29.txt algo2 seconds=0.520737 profit=2135355 moving_time=9000
S1 [86/90] running S1_inst_29.txt algo3
S12 [52/90] ok S12_inst_18.txt algo2 seconds=2.140463 profit=-2605298 moving_time=0
S12 [53/90] running S12_inst_18.txt algo3
S6 [86/90] ok S6_inst_29.txt algo3 seconds=10.010810 profit=1762615 moving_time=9000
S6 [87/90] running S6_inst_29.txt algo4
S5 [89/90] ok S5_inst_30.txt algo3 seconds=10.017069 profit=1881845 moving_time=7380
S5 [90/90] running S5_inst_30.txt algo4
S6 [87/90] ok S6_inst_29.txt algo4 seconds=0.040924 profit=1762615 moving_time=9000
S6 [88/90] running S6_inst_30.txt algo2
S5 [90/90] ok S5_inst_30.txt algo4 seconds=0.035677 profit=1881845 moving_time=7380
scenario done: S5
S8 [83/90] ok S8_inst_28.txt algo3 seconds=10.019386 profit=1667037 moving_time=7650
S8 [84/90] running S8_inst_28.txt algo4
S8 [84/90] ok S8_inst_28.txt algo4 seconds=0.037341 profit=1667037 moving_time=7650
S8 [85/90] running S8_inst_29.txt algo2
S4 [68/90] ok S4_inst_23.txt algo3 seconds=10.024080 profit=4541113 moving_time=19080
S4 [69/90] running S4_inst_23.txt algo4
S4 [69/90] ok S4_inst_23.txt algo4 seconds=0.039376 profit=4541113 moving_time=19080
S4 [70/90] running S4_inst_24.txt algo2
S6 [88/90] ok S6_inst_30.txt algo2 seconds=0.607967 profit=2066692 moving_time=9000
S6 [89/90] running S6_inst_30.txt algo3
S8 [85/90] ok S8_inst_29.txt algo2 seconds=0.786160 profit=1885883 moving_time=8910
S8 [86/90] running S8_inst_29.txt algo3
S4 [70/90] ok S4_inst_24.txt algo2 seconds=2.469453 profit=4371785 moving_time=21060
S4 [71/90] running S4_inst_24.txt algo3
S7 [83/90] ok S7_inst_28.txt algo3 seconds=10.019439 profit=1393005 moving_time=7470
S7 [84/90] running S7_inst_28.txt algo4
S14 [84/90] ok S14_inst_28.txt algo4 seconds=9.973121 profit=-94329 moving_time=2340
S14 [85/90] running S14_inst_29.txt algo2
S14 [85/90] ok S14_inst_29.txt algo2 seconds=0.692625 profit=1991151 moving_time=9000
S14 [86/90] running S14_inst_29.txt algo3
S13 [53/90] ok S13_inst_18.txt algo3 seconds=10.020296 profit=449183 moving_time=2880
S13 [54/90] running S13_inst_18.txt algo4
S10 [54/90] ok S10_inst_18.txt algo4 seconds=9.968431 profit=1533585 moving_time=6480
S10 [55/90] running S10_inst_19.txt algo2
S10 [55/90] ok S10_inst_19.txt algo2 seconds=1.471439 profit=1665224 moving_time=7920
S10 [56/90] running S10_inst_19.txt algo3
S1 [86/90] ok S1_inst_29.txt algo3 seconds=10.015351 profit=2135355 moving_time=7020
S1 [87/90] running S1_inst_29.txt algo4
S1 [87/90] ok S1_inst_29.txt algo4 seconds=0.043453 profit=2135355 moving_time=7020
S1 [88/90] running S1_inst_30.txt algo2
S12 [53/90] ok S12_inst_18.txt algo3 seconds=10.014308 profit=-2621912 moving_time=0
S12 [54/90] running S12_inst_18.txt algo4
S1 [88/90] ok S1_inst_30.txt algo2 seconds=0.779562 profit=2293822 moving_time=8820
S1 [89/90] running S1_inst_30.txt algo3
S6 [89/90] ok S6_inst_30.txt algo3 seconds=10.015240 profit=2066692 moving_time=9000
S6 [90/90] running S6_inst_30.txt algo4
S6 [90/90] ok S6_inst_30.txt algo4 seconds=0.041764 profit=2066692 moving_time=9000
scenario done: S6
S8 [86/90] ok S8_inst_29.txt algo3 seconds=10.015964 profit=1885883 moving_time=7830
S8 [87/90] running S8_inst_29.txt algo4
S4 [71/90] ok S4_inst_24.txt algo3 seconds=10.016814 profit=4386677 moving_time=18990
S4 [72/90] running S4_inst_24.txt algo4
S7 [84/90] ok S7_inst_28.txt algo4 seconds=9.967287 profit=1393005 moving_time=7470
S7 [85/90] running S7_inst_29.txt algo2
S7 [85/90] ok S7_inst_29.txt algo2 seconds=0.535561 profit=2037348 moving_time=8820
S7 [86/90] running S7_inst_29.txt algo3
S14 [86/90] ok S14_inst_29.txt algo3 seconds=10.023805 profit=1991151 moving_time=7110
S14 [87/90] running S14_inst_29.txt algo4
S14 [87/90] ok S14_inst_29.txt algo4 seconds=0.028024 profit=1991151 moving_time=7110
S14 [88/90] running S14_inst_30.txt algo2
S14 [88/90] ok S14_inst_30.txt algo2 seconds=0.655687 profit=1857746 moving_time=8910
S14 [89/90] running S14_inst_30.txt algo3
S13 [54/90] ok S13_inst_18.txt algo4 seconds=9.964914 profit=606434 moving_time=2880
S13 [55/90] running S13_inst_19.txt algo2
S10 [56/90] ok S10_inst_19.txt algo3 seconds=10.014939 profit=1607222 moving_time=7560
S10 [57/90] running S10_inst_19.txt algo4
S13 [55/90] ok S13_inst_19.txt algo2 seconds=1.626881 profit=-186752 moving_time=1890
S13 [56/90] running S13_inst_19.txt algo3
S12 [54/90] ok S12_inst_18.txt algo4 seconds=9.965893 profit=-2605298 moving_time=0
S12 [55/90] running S12_inst_19.txt algo2
S1 [89/90] ok S1_inst_30.txt algo3 seconds=10.017385 profit=2293822 moving_time=7920
S1 [90/90] running S1_inst_30.txt algo4
S8 [87/90] ok S8_inst_29.txt algo4 seconds=9.965254 profit=1885883 moving_time=7830
S8 [88/90] running S8_inst_30.txt algo2
S12 [55/90] ok S12_inst_19.txt algo2 seconds=1.520633 profit=-2953975 moving_time=0
S12 [56/90] running S12_inst_19.txt algo3
S8 [88/90] ok S8_inst_30.txt algo2 seconds=0.481698 profit=2135666 moving_time=9000
S8 [89/90] running S8_inst_30.txt algo3
S4 [72/90] ok S4_inst_24.txt algo4 seconds=9.977933 profit=4386677 moving_time=18990
S4 [73/90] running S4_inst_25.txt algo2
S4 [73/90] ok S4_inst_25.txt algo2 seconds=1.286076 profit=4354430 moving_time=21330
S4 [74/90] running S4_inst_25.txt algo3
S7 [86/90] ok S7_inst_29.txt algo3 seconds=10.013692 profit=2037348 moving_time=7560
S7 [87/90] running S7_inst_29.txt algo4
S7 [87/90] ok S7_inst_29.txt algo4 seconds=0.037726 profit=2037348 moving_time=7560
S7 [88/90] running S7_inst_30.txt algo2
S7 [88/90] ok S7_inst_30.txt algo2 seconds=0.653553 profit=1812962 moving_time=8730
S7 [89/90] running S7_inst_30.txt algo3
S14 [89/90] ok S14_inst_30.txt algo3 seconds=10.012086 profit=1857746 moving_time=6930
S14 [90/90] running S14_inst_30.txt algo4
S14 [90/90] ok S14_inst_30.txt algo4 seconds=0.050222 profit=1857746 moving_time=6930
scenario done: S14
S10 [57/90] ok S10_inst_19.txt algo4 seconds=9.966554 profit=1692239 moving_time=7650
S10 [58/90] running S10_inst_20.txt algo2
S13 [56/90] ok S13_inst_19.txt algo3 seconds=10.014780 profit=45790 moving_time=1890
S13 [57/90] running S13_inst_19.txt algo4
S10 [58/90] ok S10_inst_20.txt algo2 seconds=0.843770 profit=1590060 moving_time=7650
S10 [59/90] running S10_inst_20.txt algo3
S1 [90/90] ok S1_inst_30.txt algo4 seconds=9.969191 profit=2293822 moving_time=7920
scenario done: S1
S12 [56/90] ok S12_inst_19.txt algo3 seconds=10.012457 profit=-2953975 moving_time=0
S12 [57/90] running S12_inst_19.txt algo4
S8 [89/90] ok S8_inst_30.txt algo3 seconds=10.021683 profit=2135666 moving_time=7560
S8 [90/90] running S8_inst_30.txt algo4
S8 [90/90] ok S8_inst_30.txt algo4 seconds=0.035672 profit=2135666 moving_time=7560
scenario done: S8
S4 [74/90] ok S4_inst_25.txt algo3 seconds=10.013881 profit=4354430 moving_time=18990
S4 [75/90] running S4_inst_25.txt algo4
S4 [75/90] ok S4_inst_25.txt algo4 seconds=0.054756 profit=4354430 moving_time=18990
S4 [76/90] running S4_inst_26.txt algo2
S7 [89/90] ok S7_inst_30.txt algo3 seconds=10.014971 profit=1812962 moving_time=7740
S7 [90/90] running S7_inst_30.txt algo4
S7 [90/90] ok S7_inst_30.txt algo4 seconds=0.030758 profit=1812962 moving_time=7740
scenario done: S7
S4 [76/90] ok S4_inst_26.txt algo2 seconds=1.470838 profit=3904175 moving_time=21420
S4 [77/90] running S4_inst_26.txt algo3
S13 [57/90] ok S13_inst_19.txt algo4 seconds=9.983098 profit=231820 moving_time=1890
S13 [58/90] running S13_inst_20.txt algo2
S10 [59/90] ok S10_inst_20.txt algo3 seconds=10.017598 profit=1639527 moving_time=7290
S10 [60/90] running S10_inst_20.txt algo4
S13 [58/90] ok S13_inst_20.txt algo2 seconds=2.103261 profit=-1416204 moving_time=1170
S13 [59/90] running S13_inst_20.txt algo3
S12 [57/90] ok S12_inst_19.txt algo4 seconds=9.970516 profit=-2953975 moving_time=0
S12 [58/90] running S12_inst_20.txt algo2
S12 [58/90] ok S12_inst_20.txt algo2 seconds=2.002917 profit=-2791556 moving_time=0
S12 [59/90] running S12_inst_20.txt algo3
S4 [77/90] ok S4_inst_26.txt algo3 seconds=10.012332 profit=3904175 moving_time=17280
S4 [78/90] running S4_inst_26.txt algo4
S10 [60/90] ok S10_inst_20.txt algo4 seconds=9.964955 profit=1653468 moving_time=7290
S10 [61/90] running S10_inst_21.txt algo2
S10 [61/90] ok S10_inst_21.txt algo2 seconds=0.942072 profit=1915864 moving_time=8190
S10 [62/90] running S10_inst_21.txt algo3
S13 [59/90] ok S13_inst_20.txt algo3 seconds=10.014276 profit=-1142610 moving_time=1170
S13 [60/90] running S13_inst_20.txt algo4
S12 [59/90] ok S12_inst_20.txt algo3 seconds=10.016507 profit=-2791556 moving_time=0
S12 [60/90] running S12_inst_20.txt algo4
S4 [78/90] ok S4_inst_26.txt algo4 seconds=9.981229 profit=3904175 moving_time=17280
S4 [79/90] running S4_inst_27.txt algo2
S4 [79/90] ok S4_inst_27.txt algo2 seconds=1.478714 profit=4248133 moving_time=21240
S4 [80/90] running S4_inst_27.txt algo3
S10 [62/90] ok S10_inst_21.txt algo3 seconds=10.017529 profit=1792393 moving_time=7200
S10 [63/90] running S10_inst_21.txt algo4
S13 [60/90] ok S13_inst_20.txt algo4 seconds=9.992380 profit=-979869 moving_time=1170
S13 [61/90] running S13_inst_21.txt algo2
S13 [61/90] ok S13_inst_21.txt algo2 seconds=2.059879 profit=-1691946 moving_time=720
S13 [62/90] running S13_inst_21.txt algo3
S12 [60/90] ok S12_inst_20.txt algo4 seconds=9.967930 profit=-2791556 moving_time=0
S12 [61/90] running S12_inst_21.txt algo2
S12 [61/90] ok S12_inst_21.txt algo2 seconds=1.699912 profit=-2396915 moving_time=0
S12 [62/90] running S12_inst_21.txt algo3
S4 [80/90] ok S4_inst_27.txt algo3 seconds=10.016323 profit=4248133 moving_time=18180
S4 [81/90] running S4_inst_27.txt algo4
S4 [81/90] ok S4_inst_27.txt algo4 seconds=0.063931 profit=4248133 moving_time=18180
S4 [82/90] running S4_inst_28.txt algo2
S4 [82/90] ok S4_inst_28.txt algo2 seconds=1.398342 profit=4866084 moving_time=21420
S4 [83/90] running S4_inst_28.txt algo3
S10 [63/90] ok S10_inst_21.txt algo4 seconds=9.964555 profit=1921126 moving_time=7200
S10 [64/90] running S10_inst_22.txt algo2
S10 [64/90] ok S10_inst_22.txt algo2 seconds=1.172617 profit=1459120 moving_time=7740
S10 [65/90] running S10_inst_22.txt algo3
S13 [62/90] ok S13_inst_21.txt algo3 seconds=10.020507 profit=-1758126 moving_time=720
S13 [63/90] running S13_inst_21.txt algo4
S12 [62/90] ok S12_inst_21.txt algo3 seconds=10.025169 profit=-2545667 moving_time=0
S12 [63/90] running S12_inst_21.txt algo4
S4 [83/90] ok S4_inst_28.txt algo3 seconds=10.025644 profit=4866084 moving_time=18450
S4 [84/90] running S4_inst_28.txt algo4
S4 [84/90] ok S4_inst_28.txt algo4 seconds=0.055712 profit=4866084 moving_time=18450
S4 [85/90] running S4_inst_29.txt algo2
S4 [85/90] ok S4_inst_29.txt algo2 seconds=2.105114 profit=4929138 moving_time=21060
S4 [86/90] running S4_inst_29.txt algo3
S10 [65/90] ok S10_inst_22.txt algo3 seconds=10.019155 profit=1623796 moving_time=7470
S10 [66/90] running S10_inst_22.txt algo4
S13 [63/90] ok S13_inst_21.txt algo4 seconds=9.980037 profit=-1758126 moving_time=720
S13 [64/90] running S13_inst_22.txt algo2
S13 [64/90] ok S13_inst_22.txt algo2 seconds=1.192648 profit=102973 moving_time=2970
S13 [65/90] running S13_inst_22.txt algo3
S12 [63/90] ok S12_inst_21.txt algo4 seconds=9.974313 profit=-2396915 moving_time=0
S12 [64/90] running S12_inst_22.txt algo2
S12 [64/90] ok S12_inst_22.txt algo2 seconds=1.979848 profit=-3268682 moving_time=0
S12 [65/90] running S12_inst_22.txt algo3
S10 [66/90] ok S10_inst_22.txt algo4 seconds=9.966566 profit=1719136 moving_time=7470
S10 [67/90] running S10_inst_23.txt algo2
S4 [86/90] ok S4_inst_29.txt algo3 seconds=10.024742 profit=4929138 moving_time=17640
S4 [87/90] running S4_inst_29.txt algo4
S10 [67/90] ok S10_inst_23.txt algo2 seconds=0.884968 profit=1681185 moving_time=7740
S10 [68/90] running S10_inst_23.txt algo3
S13 [65/90] ok S13_inst_22.txt algo3 seconds=10.022072 profit=501940 moving_time=2970
S13 [66/90] running S13_inst_22.txt algo4
S12 [65/90] ok S12_inst_22.txt algo3 seconds=10.014807 profit=-3268682 moving_time=0
S12 [66/90] running S12_inst_22.txt algo4
S4 [87/90] ok S4_inst_29.txt algo4 seconds=9.985296 profit=4929138 moving_time=17640
S4 [88/90] running S4_inst_30.txt algo2
S10 [68/90] ok S10_inst_23.txt algo3 seconds=10.012730 profit=1719933 moving_time=7470
S10 [69/90] running S10_inst_23.txt algo4
S4 [88/90] ok S4_inst_30.txt algo2 seconds=1.905482 profit=5505071 moving_time=21420
S4 [89/90] running S4_inst_30.txt algo3
S13 [66/90] ok S13_inst_22.txt algo4 seconds=9.962335 profit=622444 moving_time=2970
S13 [67/90] running S13_inst_23.txt algo2
S13 [67/90] ok S13_inst_23.txt algo2 seconds=1.856199 profit=-604843 moving_time=2430
S13 [68/90] running S13_inst_23.txt algo3
S12 [66/90] ok S12_inst_22.txt algo4 seconds=9.965006 profit=-3268682 moving_time=0
S12 [67/90] running S12_inst_23.txt algo2
S12 [67/90] ok S12_inst_23.txt algo2 seconds=1.775834 profit=-3100879 moving_time=0
S12 [68/90] running S12_inst_23.txt algo3
S10 [69/90] ok S10_inst_23.txt algo4 seconds=9.961772 profit=1719933 moving_time=7470
S10 [70/90] running S10_inst_24.txt algo2
S10 [70/90] ok S10_inst_24.txt algo2 seconds=0.909989 profit=1512191 moving_time=7560
S10 [71/90] running S10_inst_24.txt algo3
S4 [89/90] ok S4_inst_30.txt algo3 seconds=10.023564 profit=5505071 moving_time=18450
S4 [90/90] running S4_inst_30.txt algo4
S13 [68/90] ok S13_inst_23.txt algo3 seconds=10.014799 profit=-288112 moving_time=2430
S13 [69/90] running S13_inst_23.txt algo4
S12 [68/90] ok S12_inst_23.txt algo3 seconds=9.848550 profit=-3200563 moving_time=0
S12 [69/90] running S12_inst_23.txt algo4
S10 [71/90] ok S10_inst_24.txt algo3 seconds=10.009922 profit=1572383 moving_time=7110
S10 [72/90] running S10_inst_24.txt algo4
S4 [90/90] ok S4_inst_30.txt algo4 seconds=9.980738 profit=5505071 moving_time=18450
scenario done: S4
S13 [69/90] ok S13_inst_23.txt algo4 seconds=9.976126 profit=-102436 moving_time=2430
S13 [70/90] running S13_inst_24.txt algo2
S13 [70/90] ok S13_inst_24.txt algo2 seconds=2.096159 profit=-1122706 moving_time=1440
S13 [71/90] running S13_inst_24.txt algo3
S12 [69/90] ok S12_inst_23.txt algo4 seconds=9.972756 profit=-3100879 moving_time=0
S12 [70/90] running S12_inst_24.txt algo2
S12 [70/90] ok S12_inst_24.txt algo2 seconds=1.701014 profit=-2066751 moving_time=0
S12 [71/90] running S12_inst_24.txt algo3
S10 [72/90] ok S10_inst_24.txt algo4 seconds=9.961889 profit=1635746 moving_time=7200
S10 [73/90] running S10_inst_25.txt algo2
S10 [73/90] ok S10_inst_25.txt algo2 seconds=0.967826 profit=1518579 moving_time=7650
S10 [74/90] running S10_inst_25.txt algo3
S13 [71/90] ok S13_inst_24.txt algo3 seconds=10.014341 profit=-846163 moving_time=1440
S13 [72/90] running S13_inst_24.txt algo4
S12 [71/90] ok S12_inst_24.txt algo3 seconds=10.014402 profit=-2144079 moving_time=0
S12 [72/90] running S12_inst_24.txt algo4
S10 [74/90] ok S10_inst_25.txt algo3 seconds=10.011177 profit=1583139 moving_time=7380
S10 [75/90] running S10_inst_25.txt algo4
S13 [72/90] ok S13_inst_24.txt algo4 seconds=9.968799 profit=-846163 moving_time=1440
S13 [73/90] running S13_inst_25.txt algo2
S13 [73/90] ok S13_inst_25.txt algo2 seconds=1.137790 profit=-117257 moving_time=2250
S13 [74/90] running S13_inst_25.txt algo3
S12 [72/90] ok S12_inst_24.txt algo4 seconds=9.977890 profit=-2144079 moving_time=0
S12 [73/90] running S12_inst_25.txt algo2
S12 [73/90] ok S12_inst_25.txt algo2 seconds=2.110808 profit=-3459513 moving_time=0
S12 [74/90] running S12_inst_25.txt algo3
S10 [75/90] ok S10_inst_25.txt algo4 seconds=9.961662 profit=1638711 moving_time=7380
S10 [76/90] running S10_inst_26.txt algo2
S10 [76/90] ok S10_inst_26.txt algo2 seconds=0.913866 profit=1315373 moving_time=7470
S10 [77/90] running S10_inst_26.txt algo3
S13 [74/90] ok S13_inst_25.txt algo3 seconds=10.010876 profit=229993 moving_time=2250
S13 [75/90] running S13_inst_25.txt algo4
S12 [74/90] ok S12_inst_25.txt algo3 seconds=10.014183 profit=-3653550 moving_time=0
S12 [75/90] running S12_inst_25.txt algo4
S10 [77/90] ok S10_inst_26.txt algo3 seconds=10.010224 profit=1423154 moving_time=7470
S10 [78/90] running S10_inst_26.txt algo4
S13 [75/90] ok S13_inst_25.txt algo4 seconds=9.970905 profit=341443 moving_time=2250
S13 [76/90] running S13_inst_26.txt algo2
S13 [76/90] ok S13_inst_26.txt algo2 seconds=1.751498 profit=-2019592 moving_time=180
S13 [77/90] running S13_inst_26.txt algo3
S12 [75/90] ok S12_inst_25.txt algo4 seconds=9.977756 profit=-3459513 moving_time=0
S12 [76/90] running S12_inst_26.txt algo2
S10 [78/90] ok S10_inst_26.txt algo4 seconds=9.969928 profit=1429646 moving_time=7470
S10 [79/90] running S10_inst_27.txt algo2
S12 [76/90] ok S12_inst_26.txt algo2 seconds=2.236468 profit=-2891986 moving_time=0
S12 [77/90] running S12_inst_26.txt algo3
S10 [79/90] ok S10_inst_27.txt algo2 seconds=0.999262 profit=1651428 moving_time=8280
S10 [80/90] running S10_inst_27.txt algo3
S13 [77/90] ok S13_inst_26.txt algo3 seconds=10.019988 profit=-2000641 moving_time=180
S13 [78/90] running S13_inst_26.txt algo4
S12 [77/90] ok S12_inst_26.txt algo3 seconds=10.015368 profit=-2891986 moving_time=0
S12 [78/90] running S12_inst_26.txt algo4
S10 [80/90] ok S10_inst_27.txt algo3 seconds=10.017584 profit=1655760 moving_time=7110
S10 [81/90] running S10_inst_27.txt algo4
S13 [78/90] ok S13_inst_26.txt algo4 seconds=9.984113 profit=-2000641 moving_time=180
S13 [79/90] running S13_inst_27.txt algo2
S13 [79/90] ok S13_inst_27.txt algo2 seconds=2.010268 profit=-632694 moving_time=2430
S13 [80/90] running S13_inst_27.txt algo3
S10 [81/90] ok S10_inst_27.txt algo4 seconds=9.966940 profit=1714554 moving_time=7110
S10 [82/90] running S10_inst_28.txt algo2
S12 [78/90] ok S12_inst_26.txt algo4 seconds=9.975372 profit=-2891986 moving_time=0
S12 [79/90] running S12_inst_27.txt algo2
S10 [82/90] ok S10_inst_28.txt algo2 seconds=1.293781 profit=1449187 moving_time=7740
S10 [83/90] running S10_inst_28.txt algo3
S12 [79/90] ok S12_inst_27.txt algo2 seconds=2.329408 profit=-2921605 moving_time=0
S12 [80/90] running S12_inst_27.txt algo3
S13 [80/90] ok S13_inst_27.txt algo3 seconds=10.018053 profit=-304374 moving_time=2430
S13 [81/90] running S13_inst_27.txt algo4
S10 [83/90] ok S10_inst_28.txt algo3 seconds=10.014777 profit=1448164 moving_time=7200
S10 [84/90] running S10_inst_28.txt algo4
S12 [80/90] ok S12_inst_27.txt algo3 seconds=10.013822 profit=-2921605 moving_time=0
S12 [81/90] running S12_inst_27.txt algo4
S13 [81/90] ok S13_inst_27.txt algo4 seconds=9.970575 profit=-86895 moving_time=2430
S13 [82/90] running S13_inst_28.txt algo2
S13 [82/90] ok S13_inst_28.txt algo2 seconds=1.442643 profit=-199992 moving_time=2700
S13 [83/90] running S13_inst_28.txt algo3
S10 [84/90] ok S10_inst_28.txt algo4 seconds=9.960992 profit=1471261 moving_time=7200
S10 [85/90] running S10_inst_29.txt algo2
S10 [85/90] ok S10_inst_29.txt algo2 seconds=0.772469 profit=1384576 moving_time=7020
S10 [86/90] running S10_inst_29.txt algo3
S12 [81/90] ok S12_inst_27.txt algo4 seconds=9.972788 profit=-2921605 moving_time=0
S12 [82/90] running S12_inst_28.txt algo2
S12 [82/90] ok S12_inst_28.txt algo2 seconds=1.644068 profit=-2827262 moving_time=0
S12 [83/90] running S12_inst_28.txt algo3
S13 [83/90] ok S13_inst_28.txt algo3 seconds=10.014206 profit=291873 moving_time=2700
S13 [84/90] running S13_inst_28.txt algo4
S10 [86/90] ok S10_inst_29.txt algo3 seconds=10.010250 profit=1499236 moving_time=7020
S10 [87/90] running S10_inst_29.txt algo4
S12 [83/90] ok S12_inst_28.txt algo3 seconds=10.014336 profit=-2838350 moving_time=0
S12 [84/90] running S12_inst_28.txt algo4
S13 [84/90] ok S13_inst_28.txt algo4 seconds=9.969565 profit=471078 moving_time=2700
S13 [85/90] running S13_inst_29.txt algo2
S13 [85/90] ok S13_inst_29.txt algo2 seconds=2.005181 profit=-33733 moving_time=2610
S13 [86/90] running S13_inst_29.txt algo3
S10 [87/90] ok S10_inst_29.txt algo4 seconds=9.966276 profit=1517002 moving_time=7020
S10 [88/90] running S10_inst_30.txt algo2
S10 [88/90] ok S10_inst_30.txt algo2 seconds=1.385857 profit=1440758 moving_time=8010
S10 [89/90] running S10_inst_30.txt algo3
S12 [84/90] ok S12_inst_28.txt algo4 seconds=9.969758 profit=-2838350 moving_time=0
S12 [85/90] running S12_inst_29.txt algo2
S12 [85/90] ok S12_inst_29.txt algo2 seconds=1.625830 profit=-2093816 moving_time=0
S12 [86/90] running S12_inst_29.txt algo3
S13 [86/90] ok S13_inst_29.txt algo3 seconds=10.016429 profit=97190 moving_time=2610
S13 [87/90] running S13_inst_29.txt algo4
S10 [89/90] ok S10_inst_30.txt algo3 seconds=10.019887 profit=1470884 moving_time=7200
S10 [90/90] running S10_inst_30.txt algo4
S12 [86/90] ok S12_inst_29.txt algo3 seconds=10.014247 profit=-2118554 moving_time=0
S12 [87/90] running S12_inst_29.txt algo4
S13 [87/90] ok S13_inst_29.txt algo4 seconds=9.977884 profit=186848 moving_time=2610
S13 [88/90] running S13_inst_30.txt algo2
S13 [88/90] ok S13_inst_30.txt algo2 seconds=1.353289 profit=-814803 moving_time=1260
S13 [89/90] running S13_inst_30.txt algo3
S10 [90/90] ok S10_inst_30.txt algo4 seconds=9.962177 profit=1502264 moving_time=7290
scenario done: S10
S12 [87/90] ok S12_inst_29.txt algo4 seconds=9.976608 profit=-2118554 moving_time=0
S12 [88/90] running S12_inst_30.txt algo2
S12 [88/90] ok S12_inst_30.txt algo2 seconds=1.865400 profit=-2814337 moving_time=0
S12 [89/90] running S12_inst_30.txt algo3
S13 [89/90] ok S13_inst_30.txt algo3 seconds=10.015181 profit=-742680 moving_time=1260
S13 [90/90] running S13_inst_30.txt algo4
S12 [89/90] ok S12_inst_30.txt algo3 seconds=10.018557 profit=-2825113 moving_time=0
S12 [90/90] running S12_inst_30.txt algo4
S13 [90/90] ok S13_inst_30.txt algo4 seconds=9.987383 profit=-560592 moving_time=1260
scenario done: S13
S12 [90/90] ok S12_inst_30.txt algo4 seconds=9.965427 profit=-2825113 moving_time=0
scenario done: S12
ALL DONE
