timestamp,instance,plan,status,seconds,accepted_sales,profit,error
2026-05-12 14:59:24,data/exp_instances/S1/S1_inst_01.txt,data/exp_instances/S1/plan/S1_inst_01_optimal_plan.txt,ok,7.613,2076945,2076945,
2026-05-12 14:59:32,data/exp_instances/S1/S1_inst_02.txt,data/exp_instances/S1/plan/S1_inst_02_optimal_plan.txt,ok,8.444,1968696,1968696,
2026-05-12 14:59:40,data/exp_instances/S1/S1_inst_03.txt,data/exp_instances/S1/plan/S1_inst_03_optimal_plan.txt,ok,7.348,1861859,1861859,
2026-05-12 14:59:48,data/exp_instances/S1/S1_inst_04.txt,data/exp_instances/S1/plan/S1_inst_04_optimal_plan.txt,ok,7.906,2355312,2325960,
2026-05-12 14:59:56,data/exp_instances/S1/S1_inst_05.txt,data/exp_instances/S1/plan/S1_inst_05_optimal_plan.txt,ok,7.985,1994277,1994277,
2026-05-12 15:00:03,data/exp_instances/S1/S1_inst_06.txt,data/exp_instances/S1/plan/S1_inst_06_optimal_plan.txt,ok,7.347,2177625,2177625,
2026-05-12 15:00:09,data/exp_instances/S1/S1_inst_07.txt,data/exp_instances/S1/plan/S1_inst_07_optimal_plan.txt,ok,5.968,1677512,1677512,
2026-05-12 15:00:16,data/exp_instances/S1/S1_inst_08.txt,data/exp_instances/S1/plan/S1_inst_08_optimal_plan.txt,ok,7.185,1870181,1870181,
2026-05-12 15:00:23,data/exp_instances/S1/S1_inst_09.txt,data/exp_instances/S1/plan/S1_inst_09_optimal_plan.txt,ok,6.803,1917196,1888696,
2026-05-12 15:00:31,data/exp_instances/S1/S1_inst_10.txt,data/exp_instances/S1/plan/S1_inst_10_optimal_plan.txt,ok,8.117,2133505,2100577,
2026-05-12 15:02:48,data/exp_instances/S1/S1_inst_11.txt,data/exp_instances/S1/plan/S1_inst_11_optimal_plan.txt,ok,12.612,2404882,2404882,
2026-05-12 15:02:55,data/exp_instances/S1/S1_inst_12.txt,data/exp_instances/S1/plan/S1_inst_12_optimal_plan.txt,ok,7.315,1646450,1646450,
2026-05-12 15:03:04,data/exp_instances/S1/S1_inst_13.txt,data/exp_instances/S1/plan/S1_inst_13_optimal_plan.txt,ok,8.493,1916262,1916262,
2026-05-12 15:03:15,data/exp_instances/S1/S1_inst_14.txt,data/exp_instances/S1/plan/S1_inst_14_optimal_plan.txt,ok,11.276,1817946,1800714,
2026-05-12 15:03:23,data/exp_instances/S1/S1_inst_15.txt,data/exp_instances/S1/plan/S1_inst_15_optimal_plan.txt,ok,8.390,1665629,1665629,
2026-05-12 15:03:31,data/exp_instances/S1/S1_inst_16.txt,data/exp_instances/S1/plan/S1_inst_16_optimal_plan.txt,ok,7.171,1544730,1538670,
2026-05-12 15:03:37,data/exp_instances/S1/S1_inst_17.txt,data/exp_instances/S1/plan/S1_inst_17_optimal_plan.txt,ok,6.177,2097523,2030859,
2026-05-12 15:03:44,data/exp_instances/S1/S1_inst_18.txt,data/exp_instances/S1/plan/S1_inst_18_optimal_plan.txt,ok,6.978,1658624,1658624,
2026-05-12 15:03:50,data/exp_instances/S1/S1_inst_19.txt,data/exp_instances/S1/plan/S1_inst_19_optimal_plan.txt,ok,6.768,2086238,2086238,
2026-05-12 15:03:58,data/exp_instances/S1/S1_inst_20.txt,data/exp_instances/S1/plan/S1_inst_20_optimal_plan.txt,ok,7.662,2121967,2121967,
2026-05-12 15:04:06,data/exp_instances/S1/S1_inst_21.txt,data/exp_instances/S1/plan/S1_inst_21_optimal_plan.txt,ok,7.694,1776933,1776933,
2026-05-12 15:04:14,data/exp_instances/S1/S1_inst_22.txt,data/exp_instances/S1/plan/S1_inst_22_optimal_plan.txt,ok,7.949,1913457,1913457,
2026-05-12 15:04:19,data/exp_instances/S1/S1_inst_23.txt,data/exp_instances/S1/plan/S1_inst_23_optimal_plan.txt,ok,5.764,2295943,2295943,
2026-05-12 15:04:27,data/exp_instances/S1/S1_inst_24.txt,data/exp_instances/S1/plan/S1_inst_24_optimal_plan.txt,ok,7.337,1768015,1768015,
2026-05-12 15:04:34,data/exp_instances/S1/S1_inst_25.txt,data/exp_instances/S1/plan/S1_inst_25_optimal_plan.txt,ok,6.834,2078029,2078029,
2026-05-12 15:04:40,data/exp_instances/S1/S1_inst_26.txt,data/exp_instances/S1/plan/S1_inst_26_optimal_plan.txt,ok,6.790,1865771,1865771,
2026-05-12 15:04:46,data/exp_instances/S1/S1_inst_27.txt,data/exp_instances/S1/plan/S1_inst_27_optimal_plan.txt,ok,5.895,2001250,1947130,
2026-05-12 15:04:54,data/exp_instances/S1/S1_inst_28.txt,data/exp_instances/S1/plan/S1_inst_28_optimal_plan.txt,ok,7.244,2160353,2080865,
2026-05-12 15:05:00,data/exp_instances/S1/S1_inst_29.txt,data/exp_instances/S1/plan/S1_inst_29_optimal_plan.txt,ok,6.617,2135355,2135355,
2026-05-12 15:05:04,data/exp_instances/S1/S1_inst_30.txt,data/exp_instances/S1/plan/S1_inst_30_optimal_plan.txt,ok,4.263,2344330,2293822,
2026-05-12 15:05:05,data/exp_instances/S10/S10_inst_01.txt,data/exp_instances/S10/plan/S10_inst_01_optimal_plan.txt,ok,0.492,1912961,1601581,
2026-05-12 15:05:05,data/exp_instances/S10/S10_inst_02.txt,data/exp_instances/S10/plan/S10_inst_02_optimal_plan.txt,ok,0.480,2061835,1878851,
2026-05-12 15:05:06,data/exp_instances/S10/S10_inst_03.txt,data/exp_instances/S10/plan/S10_inst_03_optimal_plan.txt,ok,0.507,2084040,1983200,
2026-05-12 15:05:06,data/exp_instances/S10/S10_inst_04.txt,data/exp_instances/S10/plan/S10_inst_04_optimal_plan.txt,ok,0.495,1792128,1775216,
2026-05-12 15:05:07,data/exp_instances/S10/S10_inst_05.txt,data/exp_instances/S10/plan/S10_inst_05_optimal_plan.txt,ok,0.462,1982073,1946985,
2026-05-12 15:05:07,data/exp_instances/S10/S10_inst_06.txt,data/exp_instances/S10/plan/S10_inst_06_optimal_plan.txt,ok,0.532,1804302,1735702,
2026-05-12 15:05:08,data/exp_instances/S10/S10_inst_07.txt,data/exp_instances/S10/plan/S10_inst_07_optimal_plan.txt,ok,0.520,1729408,1608024,
2026-05-12 15:05:08,data/exp_instances/S10/S10_inst_08.txt,data/exp_instances/S10/plan/S10_inst_08_optimal_plan.txt,ok,0.469,1488995,1337277,
2026-05-12 15:05:09,data/exp_instances/S10/S10_inst_09.txt,data/exp_instances/S10/plan/S10_inst_09_optimal_plan.txt,ok,0.487,1715854,1710666,
2026-05-12 15:05:09,data/exp_instances/S10/S10_inst_10.txt,data/exp_instances/S10/plan/S10_inst_10_optimal_plan.txt,ok,0.486,1971185,1915913,
2026-05-12 15:05:10,data/exp_instances/S10/S10_inst_11.txt,data/exp_instances/S10/plan/S10_inst_11_optimal_plan.txt,ok,0.528,1646965,1576061,
2026-05-12 15:05:10,data/exp_instances/S10/S10_inst_12.txt,data/exp_instances/S10/plan/S10_inst_12_optimal_plan.txt,ok,0.506,1943754,1943754,
2026-05-12 15:05:11,data/exp_instances/S10/S10_inst_13.txt,data/exp_instances/S10/plan/S10_inst_13_optimal_plan.txt,ok,0.499,1878662,1826220,
2026-05-12 15:05:11,data/exp_instances/S10/S10_inst_14.txt,data/exp_instances/S10/plan/S10_inst_14_optimal_plan.txt,ok,0.515,1806433,1612699,
2026-05-12 15:05:12,data/exp_instances/S10/S10_inst_15.txt,data/exp_instances/S10/plan/S10_inst_15_optimal_plan.txt,ok,0.489,2069463,1611099,
2026-05-12 15:05:12,data/exp_instances/S10/S10_inst_16.txt,data/exp_instances/S10/plan/S10_inst_16_optimal_plan.txt,ok,0.447,1637305,1531103,
2026-05-12 15:05:13,data/exp_instances/S10/S10_inst_17.txt,data/exp_instances/S10/plan/S10_inst_17_optimal_plan.txt,ok,0.508,1839700,1803324,
2026-05-12 15:05:13,data/exp_instances/S10/S10_inst_18.txt,data/exp_instances/S10/plan/S10_inst_18_optimal_plan.txt,ok,0.511,1610551,1563447,
2026-05-12 15:05:14,data/exp_instances/S10/S10_inst_19.txt,data/exp_instances/S10/plan/S10_inst_19_optimal_plan.txt,ok,0.538,1767611,1757579,
2026-05-12 15:05:14,data/exp_instances/S10/S10_inst_20.txt,data/exp_instances/S10/plan/S10_inst_20_optimal_plan.txt,ok,0.473,1939666,1769478,
2026-05-12 15:05:15,data/exp_instances/S10/S10_inst_21.txt,data/exp_instances/S10/plan/S10_inst_21_optimal_plan.txt,ok,0.476,2055619,1976299,
2026-05-12 15:05:15,data/exp_instances/S10/S10_inst_22.txt,data/exp_instances/S10/plan/S10_inst_22_optimal_plan.txt,ok,0.500,1955200,1719136,
2026-05-12 15:05:16,data/exp_instances/S10/S10_inst_23.txt,data/exp_instances/S10/plan/S10_inst_23_optimal_plan.txt,ok,0.491,1909353,1722147,
2026-05-12 15:05:16,data/exp_instances/S10/S10_inst_24.txt,data/exp_instances/S10/plan/S10_inst_24_optimal_plan.txt,ok,0.459,1810476,1687046,
2026-05-12 15:05:17,data/exp_instances/S10/S10_inst_25.txt,data/exp_instances/S10/plan/S10_inst_25_optimal_plan.txt,ok,0.473,1770201,1638711,
2026-05-12 15:05:17,data/exp_instances/S10/S10_inst_26.txt,data/exp_instances/S10/plan/S10_inst_26_optimal_plan.txt,ok,0.454,1537226,1429646,
2026-05-12 15:05:18,data/exp_instances/S10/S10_inst_27.txt,data/exp_instances/S10/plan/S10_inst_27_optimal_plan.txt,ok,0.501,1805584,1755528,
2026-05-12 15:05:18,data/exp_instances/S10/S10_inst_28.txt,data/exp_instances/S10/plan/S10_inst_28_optimal_plan.txt,ok,0.450,1693483,1559671,
2026-05-12 15:05:19,data/exp_instances/S10/S10_inst_29.txt,data/exp_instances/S10/plan/S10_inst_29_optimal_plan.txt,ok,0.471,1879333,1562137,
2026-05-12 15:05:19,data/exp_instances/S10/S10_inst_30.txt,data/exp_instances/S10/plan/S10_inst_30_optimal_plan.txt,ok,0.467,1570683,1553435,
2026-05-12 15:05:24,data/exp_instances/S11/S11_inst_01.txt,data/exp_instances/S11/plan/S11_inst_01_optimal_plan.txt,ok,5.179,1901020,1868896,
2026-05-12 15:05:29,data/exp_instances/S11/S11_inst_02.txt,data/exp_instances/S11/plan/S11_inst_02_optimal_plan.txt,ok,4.923,1744443,1744443,
2026-05-12 15:05:35,data/exp_instances/S11/S11_inst_03.txt,data/exp_instances/S11/plan/S11_inst_03_optimal_plan.txt,ok,5.530,1776266,1776266,
2026-05-12 15:05:40,data/exp_instances/S11/S11_inst_04.txt,data/exp_instances/S11/plan/S11_inst_04_optimal_plan.txt,ok,5.239,1793986,1773858,
2026-05-12 15:05:46,data/exp_instances/S11/S11_inst_05.txt,data/exp_instances/S11/plan/S11_inst_05_optimal_plan.txt,ok,5.832,1854543,1854543,
2026-05-12 15:05:51,data/exp_instances/S11/S11_inst_06.txt,data/exp_instances/S11/plan/S11_inst_06_optimal_plan.txt,ok,4.970,1860134,1860134,
2026-05-12 15:05:56,data/exp_instances/S11/S11_inst_07.txt,data/exp_instances/S11/plan/S11_inst_07_optimal_plan.txt,ok,4.958,1887038,1887038,
2026-05-12 15:06:01,data/exp_instances/S11/S11_inst_08.txt,data/exp_instances/S11/plan/S11_inst_08_optimal_plan.txt,ok,5.307,1643099,1643099,
2026-05-12 15:06:07,data/exp_instances/S11/S11_inst_09.txt,data/exp_instances/S11/plan/S11_inst_09_optimal_plan.txt,ok,5.468,2176999,2176999,
2026-05-12 15:06:12,data/exp_instances/S11/S11_inst_10.txt,data/exp_instances/S11/plan/S11_inst_10_optimal_plan.txt,ok,5.566,2085651,2085651,
2026-05-12 15:06:17,data/exp_instances/S11/S11_inst_11.txt,data/exp_instances/S11/plan/S11_inst_11_optimal_plan.txt,ok,5.164,1818861,1818861,
2026-05-12 15:06:23,data/exp_instances/S11/S11_inst_12.txt,data/exp_instances/S11/plan/S11_inst_12_optimal_plan.txt,ok,5.178,1812107,1805945,
2026-05-12 15:06:28,data/exp_instances/S11/S11_inst_13.txt,data/exp_instances/S11/plan/S11_inst_13_optimal_plan.txt,ok,5.465,1989632,1989632,
2026-05-12 15:06:32,data/exp_instances/S11/S11_inst_14.txt,data/exp_instances/S11/plan/S11_inst_14_optimal_plan.txt,ok,4.461,2024487,2024487,
2026-05-12 15:06:38,data/exp_instances/S11/S11_inst_15.txt,data/exp_instances/S11/plan/S11_inst_15_optimal_plan.txt,ok,5.454,1877060,1865216,
2026-05-12 15:06:43,data/exp_instances/S11/S11_inst_16.txt,data/exp_instances/S11/plan/S11_inst_16_optimal_plan.txt,ok,5.524,2013747,2013747,
2026-05-12 15:06:48,data/exp_instances/S11/S11_inst_17.txt,data/exp_instances/S11/plan/S11_inst_17_optimal_plan.txt,ok,5.015,1783499,1783499,
2026-05-12 15:06:54,data/exp_instances/S11/S11_inst_18.txt,data/exp_instances/S11/plan/S11_inst_18_optimal_plan.txt,ok,5.205,1674394,1674394,
2026-05-12 15:06:59,data/exp_instances/S11/S11_inst_19.txt,data/exp_instances/S11/plan/S11_inst_19_optimal_plan.txt,ok,5.270,2135961,2135961,
2026-05-12 15:07:04,data/exp_instances/S11/S11_inst_20.txt,data/exp_instances/S11/plan/S11_inst_20_optimal_plan.txt,ok,5.243,1899826,1834732,
2026-05-12 15:07:09,data/exp_instances/S11/S11_inst_21.txt,data/exp_instances/S11/plan/S11_inst_21_optimal_plan.txt,ok,5.280,1959764,1959764,
2026-05-12 15:07:15,data/exp_instances/S11/S11_inst_22.txt,data/exp_instances/S11/plan/S11_inst_22_optimal_plan.txt,ok,5.520,1818604,1818604,
2026-05-12 15:07:20,data/exp_instances/S11/S11_inst_23.txt,data/exp_instances/S11/plan/S11_inst_23_optimal_plan.txt,ok,4.889,1947876,1932888,
2026-05-12 15:07:25,data/exp_instances/S11/S11_inst_24.txt,data/exp_instances/S11/plan/S11_inst_24_optimal_plan.txt,ok,4.880,1758533,1758533,
2026-05-12 15:07:30,data/exp_instances/S11/S11_inst_25.txt,data/exp_instances/S11/plan/S11_inst_25_optimal_plan.txt,ok,5.317,1927827,1927827,
2026-05-12 15:07:36,data/exp_instances/S11/S11_inst_26.txt,data/exp_instances/S11/plan/S11_inst_26_optimal_plan.txt,ok,5.518,2008750,2008750,
2026-05-12 15:07:41,data/exp_instances/S11/S11_inst_27.txt,data/exp_instances/S11/plan/S11_inst_27_optimal_plan.txt,ok,5.476,1704023,1704023,
2026-05-12 15:07:46,data/exp_instances/S11/S11_inst_28.txt,data/exp_instances/S11/plan/S11_inst_28_optimal_plan.txt,ok,5.381,1894397,1894397,
2026-05-12 15:07:52,data/exp_instances/S11/S11_inst_29.txt,data/exp_instances/S11/plan/S11_inst_29_optimal_plan.txt,ok,5.432,1795822,1795822,
2026-05-12 15:07:57,data/exp_instances/S11/S11_inst_30.txt,data/exp_instances/S11/plan/S11_inst_30_optimal_plan.txt,ok,5.029,2201391,2201391,
2026-05-12 15:08:03,data/exp_instances/S12/S12_inst_01.txt,data/exp_instances/S12/plan/S12_inst_01_optimal_plan.txt,ok,6.577,254031,-3103563,
2026-05-12 15:08:10,data/exp_instances/S12/S12_inst_02.txt,data/exp_instances/S12/plan/S12_inst_02_optimal_plan.txt,ok,6.732,287485,-2873641,
2026-05-12 15:08:17,data/exp_instances/S12/S12_inst_03.txt,data/exp_instances/S12/plan/S12_inst_03_optimal_plan.txt,ok,7.277,304511,-3019615,
2026-05-12 15:08:24,data/exp_instances/S12/S12_inst_04.txt,data/exp_instances/S12/plan/S12_inst_04_optimal_plan.txt,ok,6.625,75402,-3299890,
2026-05-12 15:08:31,data/exp_instances/S12/S12_inst_05.txt,data/exp_instances/S12/plan/S12_inst_05_optimal_plan.txt,ok,6.923,292020,-3069096,
2026-05-12 15:08:37,data/exp_instances/S12/S12_inst_06.txt,data/exp_instances/S12/plan/S12_inst_06_optimal_plan.txt,ok,5.761,182034,-3761072,
2026-05-12 15:08:44,data/exp_instances/S12/S12_inst_07.txt,data/exp_instances/S12/plan/S12_inst_07_optimal_plan.txt,ok,6.754,447545,-2478421,
2026-05-12 15:08:50,data/exp_instances/S12/S12_inst_08.txt,data/exp_instances/S12/plan/S12_inst_08_optimal_plan.txt,ok,6.605,472937,-2505725,
2026-05-12 15:08:58,data/exp_instances/S12/S12_inst_09.txt,data/exp_instances/S12/plan/S12_inst_09_optimal_plan.txt,ok,8.016,545282,-2498244,
2026-05-12 15:09:05,data/exp_instances/S12/S12_inst_10.txt,data/exp_instances/S12/plan/S12_inst_10_optimal_plan.txt,ok,6.771,316293,-3545469,
2026-05-12 15:09:12,data/exp_instances/S12/S12_inst_11.txt,data/exp_instances/S12/plan/S12_inst_11_optimal_plan.txt,ok,7.237,241832,-2980456,
2026-05-12 15:09:18,data/exp_instances/S12/S12_inst_12.txt,data/exp_instances/S12/plan/S12_inst_12_optimal_plan.txt,ok,5.731,347014,-2413750,
2026-05-12 15:09:25,data/exp_instances/S12/S12_inst_13.txt,data/exp_instances/S12/plan/S12_inst_13_optimal_plan.txt,ok,6.761,362266,-2537116,
2026-05-12 15:09:32,data/exp_instances/S12/S12_inst_14.txt,data/exp_instances/S12/plan/S12_inst_14_optimal_plan.txt,ok,7.238,294892,-3056212,
2026-05-12 15:09:38,data/exp_instances/S12/S12_inst_15.txt,data/exp_instances/S12/plan/S12_inst_15_optimal_plan.txt,ok,6.399,213336,-3240742,
2026-05-12 15:09:45,data/exp_instances/S12/S12_inst_16.txt,data/exp_instances/S12/plan/S12_inst_16_optimal_plan.txt,ok,6.553,253669,-3437939,
2026-05-12 15:09:52,data/exp_instances/S12/S12_inst_17.txt,data/exp_instances/S12/plan/S12_inst_17_optimal_plan.txt,ok,7.109,231412,-2858202,
2026-05-12 15:09:59,data/exp_instances/S12/S12_inst_18.txt,data/exp_instances/S12/plan/S12_inst_18_optimal_plan.txt,ok,6.866,219716,-2605298,
2026-05-12 15:10:06,data/exp_instances/S12/S12_inst_19.txt,data/exp_instances/S12/plan/S12_inst_19_optimal_plan.txt,ok,7.076,257895,-2953975,
2026-05-12 15:10:12,data/exp_instances/S12/S12_inst_20.txt,data/exp_instances/S12/plan/S12_inst_20_optimal_plan.txt,ok,6.268,409190,-2791556,
2026-05-12 15:10:19,data/exp_instances/S12/S12_inst_21.txt,data/exp_instances/S12/plan/S12_inst_21_optimal_plan.txt,ok,7.067,343535,-2396915,
2026-05-12 15:10:29,data/exp_instances/S12/S12_inst_22.txt,data/exp_instances/S12/plan/S12_inst_22_optimal_plan.txt,ok,9.297,344432,-3268682,
2026-05-12 15:14:15,data/exp_instances/S12/S12_inst_23.txt,data/exp_instances/S12/plan/S12_inst_23_optimal_plan.txt,ok,7.107,293589,-3100879,
2026-05-12 15:14:36,data/exp_instances/S12/S12_inst_24.txt,data/exp_instances/S12/plan/S12_inst_24_optimal_plan.txt,ok,7.796,279095,-2066751,
2026-05-12 15:14:44,data/exp_instances/S12/S12_inst_25.txt,data/exp_instances/S12/plan/S12_inst_25_optimal_plan.txt,ok,7.686,351441,-3459513,
2026-05-12 15:14:57,data/exp_instances/S12/S12_inst_26.txt,data/exp_instances/S12/plan/S12_inst_26_optimal_plan.txt,ok,7.363,393990,-2891986,
2026-05-12 15:15:04,data/exp_instances/S12/S12_inst_27.txt,data/exp_instances/S12/plan/S12_inst_27_optimal_plan.txt,ok,7.373,157813,-2921605,
2026-05-12 15:15:10,data/exp_instances/S12/S12_inst_28.txt,data/exp_instances/S12/plan/S12_inst_28_optimal_plan.txt,ok,6.128,255900,-2827262,
2026-05-12 15:19:21,data/exp_instances/S12/S12_inst_29.txt,data/exp_instances/S12/plan/S12_inst_29_optimal_plan.txt,ok,5.810,338090,-2093816,
2026-05-12 15:19:30,data/exp_instances/S12/S12_inst_30.txt,data/exp_instances/S12/plan/S12_inst_30_optimal_plan.txt,ok,8.818,371849,-2814337,
2026-05-12 15:19:37,data/exp_instances/S13/S13_inst_01.txt,data/exp_instances/S13/plan/S13_inst_01_optimal_plan.txt,ok,6.754,1276095,-668899,
2026-05-12 15:19:44,data/exp_instances/S13/S13_inst_02.txt,data/exp_instances/S13/plan/S13_inst_02_optimal_plan.txt,ok,6.741,1410399,527707,
2026-05-12 15:20:45,data/exp_instances/S13/S13_inst_03.txt,data/exp_instances/S13/plan/S13_inst_03_optimal_plan.txt,ok,7.330,1077506,-50756,
2026-05-12 15:20:52,data/exp_instances/S13/S13_inst_04.txt,data/exp_instances/S13/plan/S13_inst_04_optimal_plan.txt,ok,6.795,763960,-1859256,
2026-05-12 15:21:48,data/exp_instances/S13/S13_inst_05.txt,data/exp_instances/S13/plan/S13_inst_05_optimal_plan.txt,ok,7.775,1405718,435280,
2026-05-12 15:21:55,data/exp_instances/S13/S13_inst_06.txt,data/exp_instances/S13/plan/S13_inst_06_optimal_plan.txt,ok,6.895,1684430,755894,
2026-05-12 15:22:11,data/exp_instances/S13/S13_inst_07.txt,data/exp_instances/S13/plan/S13_inst_07_optimal_plan.txt,ok,7.584,1149165,-261895,
2026-05-12 15:22:34,data/exp_instances/S13/S13_inst_08.txt,data/exp_instances/S13/plan/S13_inst_08_optimal_plan.txt,ok,7.398,911541,-930327,
2026-05-12 15:23:03,data/exp_instances/S13/S13_inst_09.txt,data/exp_instances/S13/plan/S13_inst_09_optimal_plan.txt,ok,7.226,877978,-1108110,
2026-05-12 15:23:11,data/exp_instances/S13/S13_inst_10.txt,data/exp_instances/S13/plan/S13_inst_10_optimal_plan.txt,ok,7.630,1196081,-59971,
2026-05-12 15:24:12,data/exp_instances/S13/S13_inst_11.txt,data/exp_instances/S13/plan/S13_inst_11_optimal_plan.txt,ok,6.865,1204180,36618,
2026-05-12 15:24:34,data/exp_instances/S13/S13_inst_12.txt,data/exp_instances/S13/plan/S13_inst_12_optimal_plan.txt,ok,8.206,787835,-1599885,
2026-05-12 15:24:42,data/exp_instances/S13/S13_inst_13.txt,data/exp_instances/S13/plan/S13_inst_13_optimal_plan.txt,ok,7.836,1648328,1027636,
2026-05-12 15:25:18,data/exp_instances/S13/S13_inst_14.txt,data/exp_instances/S13/plan/S13_inst_14_optimal_plan.txt,ok,9.434,1135020,-326494,
2026-05-12 15:25:28,data/exp_instances/S13/S13_inst_15.txt,data/exp_instances/S13/plan/S13_inst_15_optimal_plan.txt,ok,8.761,1016481,-574513,
2026-05-12 15:25:36,data/exp_instances/S13/S13_inst_16.txt,data/exp_instances/S13/plan/S13_inst_16_optimal_plan.txt,ok,7.423,1298433,227365,
2026-05-12 15:25:44,data/exp_instances/S13/S13_inst_17.txt,data/exp_instances/S13/plan/S13_inst_17_optimal_plan.txt,ok,7.797,1169727,108613,
2026-05-12 15:25:51,data/exp_instances/S13/S13_inst_18.txt,data/exp_instances/S13/plan/S13_inst_18_optimal_plan.txt,ok,7.401,1357848,606434,
2026-05-12 15:25:59,data/exp_instances/S13/S13_inst_19.txt,data/exp_instances/S13/plan/S13_inst_19_optimal_plan.txt,ok,7.616,1318868,231820,
2026-05-12 15:26:06,data/exp_instances/S13/S13_inst_20.txt,data/exp_instances/S13/plan/S13_inst_20_optimal_plan.txt,ok,7.353,950596,-969558,
2026-05-12 15:26:13,data/exp_instances/S13/S13_inst_21.txt,data/exp_instances/S13/plan/S13_inst_21_optimal_plan.txt,ok,6.606,937678,-1691946,
2026-05-12 15:26:21,data/exp_instances/S13/S13_inst_22.txt,data/exp_instances/S13/plan/S13_inst_22_optimal_plan.txt,ok,8.346,1249102,622444,
2026-05-12 15:26:28,data/exp_instances/S13/S13_inst_23.txt,data/exp_instances/S13/plan/S13_inst_23_optimal_plan.txt,ok,7.223,1328572,-76528,
2026-05-12 15:26:35,data/exp_instances/S13/S13_inst_24.txt,data/exp_instances/S13/plan/S13_inst_24_optimal_plan.txt,ok,7.233,954910,-674086,
2026-05-12 15:26:43,data/exp_instances/S13/S13_inst_25.txt,data/exp_instances/S13/plan/S13_inst_25_optimal_plan.txt,ok,7.037,1286015,407395,
2026-05-12 15:26:48,data/exp_instances/S13/S13_inst_26.txt,data/exp_instances/S13/plan/S13_inst_26_optimal_plan.txt,ok,4.978,324885,-2000641,
2026-05-12 15:26:56,data/exp_instances/S13/S13_inst_27.txt,data/exp_instances/S13/plan/S13_inst_27_optimal_plan.txt,ok,8.239,1165234,-79440,
2026-05-12 15:27:03,data/exp_instances/S13/S13_inst_28.txt,data/exp_instances/S13/plan/S13_inst_28_optimal_plan.txt,ok,7.302,1454774,471078,
2026-05-12 15:27:11,data/exp_instances/S13/S13_inst_29.txt,data/exp_instances/S13/plan/S13_inst_29_optimal_plan.txt,ok,8.387,1181040,186848,
2026-05-12 15:27:18,data/exp_instances/S13/S13_inst_30.txt,data/exp_instances/S13/plan/S13_inst_30_optimal_plan.txt,ok,6.501,805610,-547632,
2026-05-12 15:27:25,data/exp_instances/S14/S14_inst_01.txt,data/exp_instances/S14/plan/S14_inst_01_optimal_plan.txt,ok,7.181,1813782,1813782,
2026-05-12 15:27:33,data/exp_instances/S14/S14_inst_02.txt,data/exp_instances/S14/plan/S14_inst_02_optimal_plan.txt,ok,7.995,2081778,2057922,
2026-05-12 15:27:41,data/exp_instances/S14/S14_inst_03.txt,data/exp_instances/S14/plan/S14_inst_03_optimal_plan.txt,ok,7.985,1892682,1892682,
2026-05-12 15:27:48,data/exp_instances/S14/S14_inst_04.txt,data/exp_instances/S14/plan/S14_inst_04_optimal_plan.txt,ok,7.347,2013898,2013898,
2026-05-12 15:27:56,data/exp_instances/S14/S14_inst_05.txt,data/exp_instances/S14/plan/S14_inst_05_optimal_plan.txt,ok,8.006,1710899,1710899,
2026-05-12 15:28:04,data/exp_instances/S14/S14_inst_06.txt,data/exp_instances/S14/plan/S14_inst_06_optimal_plan.txt,ok,7.763,1924969,1924969,
2026-05-12 15:28:11,data/exp_instances/S14/S14_inst_07.txt,data/exp_instances/S14/plan/S14_inst_07_optimal_plan.txt,ok,7.123,1638260,1557232,
2026-05-12 15:28:17,data/exp_instances/S14/S14_inst_08.txt,data/exp_instances/S14/plan/S14_inst_08_optimal_plan.txt,ok,6.008,1842766,1828862,
2026-05-12 15:28:25,data/exp_instances/S14/S14_inst_09.txt,data/exp_instances/S14/plan/S14_inst_09_optimal_plan.txt,ok,7.253,1626327,1621195,
2026-05-12 15:28:32,data/exp_instances/S14/S14_inst_10.txt,data/exp_instances/S14/plan/S14_inst_10_optimal_plan.txt,ok,7.082,1982503,1982503,
2026-05-12 15:28:39,data/exp_instances/S14/S14_inst_11.txt,data/exp_instances/S14/plan/S14_inst_11_optimal_plan.txt,ok,6.861,1817814,1817814,
2026-05-12 15:28:45,data/exp_instances/S14/S14_inst_12.txt,data/exp_instances/S14/plan/S14_inst_12_optimal_plan.txt,ok,6.684,1785791,1785791,
2026-05-12 15:28:53,data/exp_instances/S14/S14_inst_13.txt,data/exp_instances/S14/plan/S14_inst_13_optimal_plan.txt,ok,7.993,1928165,1928165,
2026-05-12 15:29:00,data/exp_instances/S14/S14_inst_14.txt,data/exp_instances/S14/plan/S14_inst_14_optimal_plan.txt,ok,7.049,1807274,1785182,
2026-05-12 15:29:07,data/exp_instances/S14/S14_inst_15.txt,data/exp_instances/S14/plan/S14_inst_15_optimal_plan.txt,ok,7.202,1555695,1555695,
2026-05-12 15:29:14,data/exp_instances/S14/S14_inst_16.txt,data/exp_instances/S14/plan/S14_inst_16_optimal_plan.txt,ok,6.977,1584357,1584357,
2026-05-12 15:29:19,data/exp_instances/S14/S14_inst_17.txt,data/exp_instances/S14/plan/S14_inst_17_optimal_plan.txt,ok,4.872,1368172,172436,
2026-05-12 15:29:26,data/exp_instances/S14/S14_inst_18.txt,data/exp_instances/S14/plan/S14_inst_18_optimal_plan.txt,ok,6.565,1795388,1795388,
2026-05-12 15:29:33,data/exp_instances/S14/S14_inst_19.txt,data/exp_instances/S14/plan/S14_inst_19_optimal_plan.txt,ok,7.067,1913326,1913326,
2026-05-12 15:29:40,data/exp_instances/S14/S14_inst_20.txt,data/exp_instances/S14/plan/S14_inst_20_optimal_plan.txt,ok,7.029,1931697,1931697,
2026-05-12 15:29:47,data/exp_instances/S14/S14_inst_21.txt,data/exp_instances/S14/plan/S14_inst_21_optimal_plan.txt,ok,7.173,2104991,2104991,
2026-05-12 15:29:54,data/exp_instances/S14/S14_inst_22.txt,data/exp_instances/S14/plan/S14_inst_22_optimal_plan.txt,ok,7.051,1918220,1918220,
2026-05-12 15:30:01,data/exp_instances/S14/S14_inst_23.txt,data/exp_instances/S14/plan/S14_inst_23_optimal_plan.txt,ok,7.134,1919741,1919741,
2026-05-12 15:30:08,data/exp_instances/S14/S14_inst_24.txt,data/exp_instances/S14/plan/S14_inst_24_optimal_plan.txt,ok,6.659,1983560,1983560,
2026-05-12 15:30:16,data/exp_instances/S14/S14_inst_25.txt,data/exp_instances/S14/plan/S14_inst_25_optimal_plan.txt,ok,7.995,1644278,1611756,
2026-05-12 15:30:23,data/exp_instances/S14/S14_inst_26.txt,data/exp_instances/S14/plan/S14_inst_26_optimal_plan.txt,ok,7.033,1829681,1829681,
2026-05-12 15:30:30,data/exp_instances/S14/S14_inst_27.txt,data/exp_instances/S14/plan/S14_inst_27_optimal_plan.txt,ok,7.053,1857634,1857634,
2026-05-12 15:30:36,data/exp_instances/S14/S14_inst_28.txt,data/exp_instances/S14/plan/S14_inst_28_optimal_plan.txt,ok,5.456,1062532,-59502,
2026-05-12 15:31:48,data/exp_instances/S14/S14_inst_29.txt,data/exp_instances/S14/plan/S14_inst_29_optimal_plan.txt,ok,8.354,1991151,1991151,
2026-05-12 15:31:55,data/exp_instances/S14/S14_inst_30.txt,data/exp_instances/S14/plan/S14_inst_30_optimal_plan.txt,ok,7.212,1857746,1857746,
2026-05-12 15:31:55,data/exp_instances/S2/S2_inst_01.txt,data/exp_instances/S2/plan/S2_inst_01_optimal_plan.txt,ok,0.046,151660,151660,
2026-05-12 15:31:55,data/exp_instances/S2/S2_inst_02.txt,data/exp_instances/S2/plan/S2_inst_02_optimal_plan.txt,ok,0.037,116227,116227,
2026-05-12 15:31:56,data/exp_instances/S2/S2_inst_03.txt,data/exp_instances/S2/plan/S2_inst_03_optimal_plan.txt,ok,0.038,143222,143222,
2026-05-12 15:31:56,data/exp_instances/S2/S2_inst_04.txt,data/exp_instances/S2/plan/S2_inst_04_optimal_plan.txt,ok,0.044,153613,153613,
2026-05-12 15:31:56,data/exp_instances/S2/S2_inst_05.txt,data/exp_instances/S2/plan/S2_inst_05_optimal_plan.txt,ok,0.040,198431,198431,
2026-05-12 15:31:56,data/exp_instances/S2/S2_inst_06.txt,data/exp_instances/S2/plan/S2_inst_06_optimal_plan.txt,ok,0.042,182005,182005,
2026-05-12 15:31:56,data/exp_instances/S2/S2_inst_07.txt,data/exp_instances/S2/plan/S2_inst_07_optimal_plan.txt,ok,0.045,171673,171673,
2026-05-12 15:31:56,data/exp_instances/S2/S2_inst_08.txt,data/exp_instances/S2/plan/S2_inst_08_optimal_plan.txt,ok,0.048,106480,106480,
2026-05-12 15:31:56,data/exp_instances/S2/S2_inst_09.txt,data/exp_instances/S2/plan/S2_inst_09_optimal_plan.txt,ok,0.035,305776,305776,
2026-05-12 15:31:56,data/exp_instances/S2/S2_inst_10.txt,data/exp_instances/S2/plan/S2_inst_10_optimal_plan.txt,ok,0.082,96247,96247,
2026-05-12 15:31:56,data/exp_instances/S2/S2_inst_11.txt,data/exp_instances/S2/plan/S2_inst_11_optimal_plan.txt,ok,0.033,105604,77384,
2026-05-12 15:31:56,data/exp_instances/S2/S2_inst_12.txt,data/exp_instances/S2/plan/S2_inst_12_optimal_plan.txt,ok,0.036,272403,272403,
2026-05-12 15:31:56,data/exp_instances/S2/S2_inst_13.txt,data/exp_instances/S2/plan/S2_inst_13_optimal_plan.txt,ok,0.037,188928,188928,
2026-05-12 15:31:56,data/exp_instances/S2/S2_inst_14.txt,data/exp_instances/S2/plan/S2_inst_14_optimal_plan.txt,ok,0.039,194380,134568,
2026-05-12 15:31:56,data/exp_instances/S2/S2_inst_15.txt,data/exp_instances/S2/plan/S2_inst_15_optimal_plan.txt,ok,0.031,141465,141465,
2026-05-12 15:31:56,data/exp_instances/S2/S2_inst_16.txt,data/exp_instances/S2/plan/S2_inst_16_optimal_plan.txt,ok,0.040,153031,153031,
2026-05-12 15:31:56,data/exp_instances/S2/S2_inst_17.txt,data/exp_instances/S2/plan/S2_inst_17_optimal_plan.txt,ok,0.035,248725,230935,
2026-05-12 15:31:56,data/exp_instances/S2/S2_inst_18.txt,data/exp_instances/S2/plan/S2_inst_18_optimal_plan.txt,ok,0.038,155072,155072,
2026-05-12 15:31:56,data/exp_instances/S2/S2_inst_19.txt,data/exp_instances/S2/plan/S2_inst_19_optimal_plan.txt,ok,0.037,136326,119750,
2026-05-12 15:31:56,data/exp_instances/S2/S2_inst_20.txt,data/exp_instances/S2/plan/S2_inst_20_optimal_plan.txt,ok,0.029,219870,219870,
2026-05-12 15:31:56,data/exp_instances/S2/S2_inst_21.txt,data/exp_instances/S2/plan/S2_inst_21_optimal_plan.txt,ok,0.036,157509,157509,
2026-05-12 15:31:56,data/exp_instances/S2/S2_inst_22.txt,data/exp_instances/S2/plan/S2_inst_22_optimal_plan.txt,ok,0.044,121568,121568,
2026-05-12 15:31:56,data/exp_instances/S2/S2_inst_23.txt,data/exp_instances/S2/plan/S2_inst_23_optimal_plan.txt,ok,0.035,159561,159561,
2026-05-12 15:31:56,data/exp_instances/S2/S2_inst_24.txt,data/exp_instances/S2/plan/S2_inst_24_optimal_plan.txt,ok,0.034,231965,177497,
2026-05-12 15:31:56,data/exp_instances/S2/S2_inst_25.txt,data/exp_instances/S2/plan/S2_inst_25_optimal_plan.txt,ok,0.034,195889,195889,
2026-05-12 15:31:56,data/exp_instances/S2/S2_inst_26.txt,data/exp_instances/S2/plan/S2_inst_26_optimal_plan.txt,ok,0.034,136033,136033,
2026-05-12 15:31:56,data/exp_instances/S2/S2_inst_27.txt,data/exp_instances/S2/plan/S2_inst_27_optimal_plan.txt,ok,0.039,167778,167778,
2026-05-12 15:31:57,data/exp_instances/S2/S2_inst_28.txt,data/exp_instances/S2/plan/S2_inst_28_optimal_plan.txt,ok,0.036,169536,169536,
2026-05-12 15:31:57,data/exp_instances/S2/S2_inst_29.txt,data/exp_instances/S2/plan/S2_inst_29_optimal_plan.txt,ok,0.042,148091,148091,
2026-05-12 15:31:57,data/exp_instances/S2/S2_inst_30.txt,data/exp_instances/S2/plan/S2_inst_30_optimal_plan.txt,ok,0.039,130220,130220,
2026-05-12 15:31:57,data/exp_instances/S3/S3_inst_01.txt,data/exp_instances/S3/plan/S3_inst_01_optimal_plan.txt,ok,0.308,616066,616066,
2026-05-12 15:31:57,data/exp_instances/S3/S3_inst_02.txt,data/exp_instances/S3/plan/S3_inst_02_optimal_plan.txt,ok,0.314,522187,486923,
2026-05-12 15:31:58,data/exp_instances/S3/S3_inst_03.txt,data/exp_instances/S3/plan/S3_inst_03_optimal_plan.txt,ok,0.462,515235,515235,
2026-05-12 15:31:58,data/exp_instances/S3/S3_inst_04.txt,data/exp_instances/S3/plan/S3_inst_04_optimal_plan.txt,ok,0.331,462023,462023,
2026-05-12 15:31:58,data/exp_instances/S3/S3_inst_05.txt,data/exp_instances/S3/plan/S3_inst_05_optimal_plan.txt,ok,0.383,490314,490314,
2026-05-12 15:31:59,data/exp_instances/S3/S3_inst_06.txt,data/exp_instances/S3/plan/S3_inst_06_optimal_plan.txt,ok,0.326,507162,507162,
2026-05-12 15:31:59,data/exp_instances/S3/S3_inst_07.txt,data/exp_instances/S3/plan/S3_inst_07_optimal_plan.txt,ok,0.322,676874,676874,
2026-05-12 15:31:59,data/exp_instances/S3/S3_inst_08.txt,data/exp_instances/S3/plan/S3_inst_08_optimal_plan.txt,ok,0.337,564155,546349,
2026-05-12 15:32:00,data/exp_instances/S3/S3_inst_09.txt,data/exp_instances/S3/plan/S3_inst_09_optimal_plan.txt,ok,0.356,522077,522077,
2026-05-12 15:32:00,data/exp_instances/S3/S3_inst_10.txt,data/exp_instances/S3/plan/S3_inst_10_optimal_plan.txt,ok,0.352,598875,598875,
2026-05-12 15:32:00,data/exp_instances/S3/S3_inst_11.txt,data/exp_instances/S3/plan/S3_inst_11_optimal_plan.txt,ok,0.317,501605,501605,
2026-05-12 15:32:01,data/exp_instances/S3/S3_inst_12.txt,data/exp_instances/S3/plan/S3_inst_12_optimal_plan.txt,ok,0.372,643592,643592,
2026-05-12 15:32:01,data/exp_instances/S3/S3_inst_13.txt,data/exp_instances/S3/plan/S3_inst_13_optimal_plan.txt,ok,0.316,662988,662988,
2026-05-12 15:32:01,data/exp_instances/S3/S3_inst_14.txt,data/exp_instances/S3/plan/S3_inst_14_optimal_plan.txt,ok,0.340,638669,638669,
2026-05-12 15:32:02,data/exp_instances/S3/S3_inst_15.txt,data/exp_instances/S3/plan/S3_inst_15_optimal_plan.txt,ok,0.339,516389,516389,
2026-05-12 15:32:02,data/exp_instances/S3/S3_inst_16.txt,data/exp_instances/S3/plan/S3_inst_16_optimal_plan.txt,ok,0.338,507186,507186,
2026-05-12 15:32:02,data/exp_instances/S3/S3_inst_17.txt,data/exp_instances/S3/plan/S3_inst_17_optimal_plan.txt,ok,0.320,739798,739798,
2026-05-12 15:32:03,data/exp_instances/S3/S3_inst_18.txt,data/exp_instances/S3/plan/S3_inst_18_optimal_plan.txt,ok,0.375,616072,586264,
2026-05-12 15:32:03,data/exp_instances/S3/S3_inst_19.txt,data/exp_instances/S3/plan/S3_inst_19_optimal_plan.txt,ok,0.349,651592,651592,
2026-05-12 15:32:03,data/exp_instances/S3/S3_inst_20.txt,data/exp_instances/S3/plan/S3_inst_20_optimal_plan.txt,ok,0.297,555688,552062,
2026-05-12 15:32:04,data/exp_instances/S3/S3_inst_21.txt,data/exp_instances/S3/plan/S3_inst_21_optimal_plan.txt,ok,0.334,673678,673678,
2026-05-12 15:32:04,data/exp_instances/S3/S3_inst_22.txt,data/exp_instances/S3/plan/S3_inst_22_optimal_plan.txt,ok,0.377,643412,629084,
2026-05-12 15:32:04,data/exp_instances/S3/S3_inst_23.txt,data/exp_instances/S3/plan/S3_inst_23_optimal_plan.txt,ok,0.317,373771,355699,
2026-05-12 15:32:05,data/exp_instances/S3/S3_inst_24.txt,data/exp_instances/S3/plan/S3_inst_24_optimal_plan.txt,ok,0.397,529561,529561,
2026-05-12 15:32:05,data/exp_instances/S3/S3_inst_25.txt,data/exp_instances/S3/plan/S3_inst_25_optimal_plan.txt,ok,0.355,610994,610994,
2026-05-12 15:32:06,data/exp_instances/S3/S3_inst_26.txt,data/exp_instances/S3/plan/S3_inst_26_optimal_plan.txt,ok,0.321,567814,567814,
2026-05-12 15:32:06,data/exp_instances/S3/S3_inst_27.txt,data/exp_instances/S3/plan/S3_inst_27_optimal_plan.txt,ok,0.329,666085,545381,
2026-05-12 15:32:06,data/exp_instances/S3/S3_inst_28.txt,data/exp_instances/S3/plan/S3_inst_28_optimal_plan.txt,ok,0.318,558684,558684,
2026-05-12 15:32:07,data/exp_instances/S3/S3_inst_29.txt,data/exp_instances/S3/plan/S3_inst_29_optimal_plan.txt,ok,0.345,435945,435945,
2026-05-12 15:32:07,data/exp_instances/S3/S3_inst_30.txt,data/exp_instances/S3/plan/S3_inst_30_optimal_plan.txt,ok,0.301,647630,595298,
2026-05-12 15:32:54,data/exp_instances/S4/S4_inst_01.txt,data/exp_instances/S4/plan/S4_inst_01_optimal_plan.txt,ok,47.566,4368570,4245146,
2026-05-12 15:33:56,data/exp_instances/S4/S4_inst_02.txt,data/exp_instances/S4/plan/S4_inst_02_optimal_plan.txt,ok,61.868,4495979,4463651,
2026-05-12 15:34:59,data/exp_instances/S4/S4_inst_03.txt,data/exp_instances/S4/plan/S4_inst_03_optimal_plan.txt,ok,62.742,4871285,4871285,
2026-05-12 15:36:01,data/exp_instances/S4/S4_inst_04.txt,data/exp_instances/S4/plan/S4_inst_04_optimal_plan.txt,ok,61.811,4166811,4100045,
2026-05-12 15:37:03,data/exp_instances/S4/S4_inst_05.txt,data/exp_instances/S4/plan/S4_inst_05_optimal_plan.txt,ok,62.210,5341467,5329533,
2026-05-12 15:38:06,data/exp_instances/S4/S4_inst_06.txt,data/exp_instances/S4/plan/S4_inst_06_optimal_plan.txt,ok,63.410,4484783,4484783,
2026-05-12 15:39:09,data/exp_instances/S4/S4_inst_07.txt,data/exp_instances/S4/plan/S4_inst_07_optimal_plan.txt,ok,62.552,4216457,4161415,
2026-05-12 15:40:01,data/exp_instances/S4/S4_inst_08.txt,data/exp_instances/S4/plan/S4_inst_08_optimal_plan.txt,ok,52.452,4623355,4612533,
2026-05-12 15:40:35,data/exp_instances/S4/S4_inst_09.txt,data/exp_instances/S4/plan/S4_inst_09_optimal_plan.txt,ok,33.939,3889025,2492955,
2026-05-12 15:41:42,data/exp_instances/S4/S4_inst_10.txt,data/exp_instances/S4/plan/S4_inst_10_optimal_plan.txt,ok,66.698,4041091,4041091,
2026-05-12 15:43:25,data/exp_instances/S4/S4_inst_11.txt,data/exp_instances/S4/plan/S4_inst_11_optimal_plan.txt,ok,102.843,5019639,5019639,
2026-05-12 15:44:33,data/exp_instances/S4/S4_inst_12.txt,data/exp_instances/S4/plan/S4_inst_12_optimal_plan.txt,ok,68.524,4907159,4907159,
2026-05-12 15:46:07,data/exp_instances/S4/S4_inst_13.txt,data/exp_instances/S4/plan/S4_inst_13_optimal_plan.txt,ok,93.545,4483632,4483632,
2026-05-12 15:47:37,data/exp_instances/S4/S4_inst_14.txt,data/exp_instances/S4/plan/S4_inst_14_optimal_plan.txt,ok,89.770,4244900,4244900,
2026-05-12 15:48:44,data/exp_instances/S4/S4_inst_15.txt,data/exp_instances/S4/plan/S4_inst_15_optimal_plan.txt,ok,67.504,4974382,4974382,
2026-05-12 15:49:46,data/exp_instances/S4/S4_inst_16.txt,data/exp_instances/S4/plan/S4_inst_16_optimal_plan.txt,ok,61.660,4840331,4766659,
2026-05-12 15:50:56,data/exp_instances/S4/S4_inst_17.txt,data/exp_instances/S4/plan/S4_inst_17_optimal_plan.txt,ok,69.874,4108614,4057486,
2026-05-12 15:52:13,data/exp_instances/S4/S4_inst_18.txt,data/exp_instances/S4/plan/S4_inst_18_optimal_plan.txt,ok,76.979,4341089,4271529,
2026-05-12 15:53:37,data/exp_instances/S4/S4_inst_19.txt,data/exp_instances/S4/plan/S4_inst_19_optimal_plan.txt,ok,83.735,4455137,4455137,
2026-05-12 15:54:57,data/exp_instances/S4/S4_inst_20.txt,data/exp_instances/S4/plan/S4_inst_20_optimal_plan.txt,ok,80.911,5089646,5089646,
2026-05-12 15:56:19,data/exp_instances/S4/S4_inst_21.txt,data/exp_instances/S4/plan/S4_inst_21_optimal_plan.txt,ok,81.650,4765457,4765457,
2026-05-12 15:57:38,data/exp_instances/S4/S4_inst_22.txt,data/exp_instances/S4/plan/S4_inst_22_optimal_plan.txt,ok,78.398,5348070,5348070,
2026-05-12 15:58:41,data/exp_instances/S4/S4_inst_23.txt,data/exp_instances/S4/plan/S4_inst_23_optimal_plan.txt,ok,63.445,4541113,4541113,
2026-05-12 15:59:42,data/exp_instances/S4/S4_inst_24.txt,data/exp_instances/S4/plan/S4_inst_24_optimal_plan.txt,ok,61.193,4593533,4386677,
2026-05-12 16:01:06,data/exp_instances/S4/S4_inst_25.txt,data/exp_instances/S4/plan/S4_inst_25_optimal_plan.txt,ok,84.107,4354430,4354430,
2026-05-12 16:02:18,data/exp_instances/S4/S4_inst_26.txt,data/exp_instances/S4/plan/S4_inst_26_optimal_plan.txt,ok,71.886,3988335,3904175,
2026-05-12 16:03:25,data/exp_instances/S4/S4_inst_27.txt,data/exp_instances/S4/plan/S4_inst_27_optimal_plan.txt,ok,67.030,4248133,4248133,
2026-05-12 16:04:25,data/exp_instances/S4/S4_inst_28.txt,data/exp_instances/S4/plan/S4_inst_28_optimal_plan.txt,ok,59.519,4866084,4866084,
2026-05-12 16:05:30,data/exp_instances/S4/S4_inst_29.txt,data/exp_instances/S4/plan/S4_inst_29_optimal_plan.txt,ok,65.396,5005962,4929138,
2026-05-12 16:06:38,data/exp_instances/S4/S4_inst_30.txt,data/exp_instances/S4/plan/S4_inst_30_optimal_plan.txt,ok,68.383,5529731,5505071,
2026-05-12 16:06:46,data/exp_instances/S5/S5_inst_01.txt,data/exp_instances/S5/plan/S5_inst_01_optimal_plan.txt,ok,7.843,1670050,1670050,
2026-05-12 16:06:51,data/exp_instances/S5/S5_inst_02.txt,data/exp_instances/S5/plan/S5_inst_02_optimal_plan.txt,ok,4.992,1815287,1720307,
2026-05-12 16:06:59,data/exp_instances/S5/S5_inst_03.txt,data/exp_instances/S5/plan/S5_inst_03_optimal_plan.txt,ok,7.829,1618603,1618603,
2026-05-12 16:07:05,data/exp_instances/S5/S5_inst_04.txt,data/exp_instances/S5/plan/S5_inst_04_optimal_plan.txt,ok,5.821,1767319,1670351,
2026-05-12 16:07:12,data/exp_instances/S5/S5_inst_05.txt,data/exp_instances/S5/plan/S5_inst_05_optimal_plan.txt,ok,7.342,1410427,1410427,
2026-05-12 16:07:18,data/exp_instances/S5/S5_inst_06.txt,data/exp_instances/S5/plan/S5_inst_06_optimal_plan.txt,ok,5.706,1600796,1568036,
2026-05-12 16:07:25,data/exp_instances/S5/S5_inst_07.txt,data/exp_instances/S5/plan/S5_inst_07_optimal_plan.txt,ok,7.279,1891533,1891533,
2026-05-12 16:07:33,data/exp_instances/S5/S5_inst_08.txt,data/exp_instances/S5/plan/S5_inst_08_optimal_plan.txt,ok,7.604,1446234,1391724,
2026-05-12 16:07:41,data/exp_instances/S5/S5_inst_09.txt,data/exp_instances/S5/plan/S5_inst_09_optimal_plan.txt,ok,7.696,1664271,1664271,
2026-05-12 16:07:48,data/exp_instances/S5/S5_inst_10.txt,data/exp_instances/S5/plan/S5_inst_10_optimal_plan.txt,ok,7.213,1727472,1727472,
2026-05-12 16:07:56,data/exp_instances/S5/S5_inst_11.txt,data/exp_instances/S5/plan/S5_inst_11_optimal_plan.txt,ok,8.002,1621266,1621266,
2026-05-12 16:08:03,data/exp_instances/S5/S5_inst_12.txt,data/exp_instances/S5/plan/S5_inst_12_optimal_plan.txt,ok,6.953,1358693,1339161,
2026-05-12 16:08:11,data/exp_instances/S5/S5_inst_13.txt,data/exp_instances/S5/plan/S5_inst_13_optimal_plan.txt,ok,7.743,1826438,1826438,
2026-05-12 16:08:18,data/exp_instances/S5/S5_inst_14.txt,data/exp_instances/S5/plan/S5_inst_14_optimal_plan.txt,ok,7.623,1841775,1841775,
2026-05-12 16:08:26,data/exp_instances/S5/S5_inst_15.txt,data/exp_instances/S5/plan/S5_inst_15_optimal_plan.txt,ok,7.488,1826281,1826281,
2026-05-12 16:08:34,data/exp_instances/S5/S5_inst_16.txt,data/exp_instances/S5/plan/S5_inst_16_optimal_plan.txt,ok,8.222,1939018,1939018,
2026-05-12 16:08:42,data/exp_instances/S5/S5_inst_17.txt,data/exp_instances/S5/plan/S5_inst_17_optimal_plan.txt,ok,7.753,1897327,1897327,
2026-05-12 16:08:49,data/exp_instances/S5/S5_inst_18.txt,data/exp_instances/S5/plan/S5_inst_18_optimal_plan.txt,ok,7.484,1444713,1374621,
2026-05-12 16:08:57,data/exp_instances/S5/S5_inst_19.txt,data/exp_instances/S5/plan/S5_inst_19_optimal_plan.txt,ok,8.291,1857744,1857744,
2026-05-12 16:09:05,data/exp_instances/S5/S5_inst_20.txt,data/exp_instances/S5/plan/S5_inst_20_optimal_plan.txt,ok,7.523,1789522,1789522,
2026-05-12 16:09:12,data/exp_instances/S5/S5_inst_21.txt,data/exp_instances/S5/plan/S5_inst_21_optimal_plan.txt,ok,7.427,1526558,1526558,
2026-05-12 16:09:20,data/exp_instances/S5/S5_inst_22.txt,data/exp_instances/S5/plan/S5_inst_22_optimal_plan.txt,ok,7.831,1734757,1734757,
2026-05-12 16:09:28,data/exp_instances/S5/S5_inst_23.txt,data/exp_instances/S5/plan/S5_inst_23_optimal_plan.txt,ok,7.757,1751175,1751175,
2026-05-12 16:09:36,data/exp_instances/S5/S5_inst_24.txt,data/exp_instances/S5/plan/S5_inst_24_optimal_plan.txt,ok,7.583,1478435,1478435,
2026-05-12 16:09:43,data/exp_instances/S5/S5_inst_25.txt,data/exp_instances/S5/plan/S5_inst_25_optimal_plan.txt,ok,7.553,1596422,1596422,
2026-05-12 16:09:51,data/exp_instances/S5/S5_inst_26.txt,data/exp_instances/S5/plan/S5_inst_26_optimal_plan.txt,ok,7.731,1886837,1886837,
2026-05-12 16:09:59,data/exp_instances/S5/S5_inst_27.txt,data/exp_instances/S5/plan/S5_inst_27_optimal_plan.txt,ok,7.710,1978045,1978045,
2026-05-12 16:10:06,data/exp_instances/S5/S5_inst_28.txt,data/exp_instances/S5/plan/S5_inst_28_optimal_plan.txt,ok,7.378,1547922,1547922,
2026-05-12 16:10:13,data/exp_instances/S5/S5_inst_29.txt,data/exp_instances/S5/plan/S5_inst_29_optimal_plan.txt,ok,7.571,1968484,1968484,
2026-05-12 16:10:21,data/exp_instances/S5/S5_inst_30.txt,data/exp_instances/S5/plan/S5_inst_30_optimal_plan.txt,ok,7.514,1881845,1881845,
2026-05-12 16:10:28,data/exp_instances/S6/S6_inst_01.txt,data/exp_instances/S6/plan/S6_inst_01_optimal_plan.txt,ok,7.507,1893458,1893458,
2026-05-12 16:10:36,data/exp_instances/S6/S6_inst_02.txt,data/exp_instances/S6/plan/S6_inst_02_optimal_plan.txt,ok,7.021,1857071,1857071,
2026-05-12 16:10:42,data/exp_instances/S6/S6_inst_03.txt,data/exp_instances/S6/plan/S6_inst_03_optimal_plan.txt,ok,6.584,2065068,2065068,
2026-05-12 16:10:49,data/exp_instances/S6/S6_inst_04.txt,data/exp_instances/S6/plan/S6_inst_04_optimal_plan.txt,ok,6.678,2212228,2212228,
2026-05-12 16:10:56,data/exp_instances/S6/S6_inst_05.txt,data/exp_instances/S6/plan/S6_inst_05_optimal_plan.txt,ok,7.541,1674750,1674750,
2026-05-12 16:11:04,data/exp_instances/S6/S6_inst_06.txt,data/exp_instances/S6/plan/S6_inst_06_optimal_plan.txt,ok,7.858,1922003,1825883,
2026-05-12 16:11:11,data/exp_instances/S6/S6_inst_07.txt,data/exp_instances/S6/plan/S6_inst_07_optimal_plan.txt,ok,7.305,2255615,2255615,
2026-05-12 16:11:18,data/exp_instances/S6/S6_inst_08.txt,data/exp_instances/S6/plan/S6_inst_08_optimal_plan.txt,ok,6.613,1986421,1986421,
2026-05-12 16:11:25,data/exp_instances/S6/S6_inst_09.txt,data/exp_instances/S6/plan/S6_inst_09_optimal_plan.txt,ok,7.327,1988929,1988929,
2026-05-12 16:11:33,data/exp_instances/S6/S6_inst_10.txt,data/exp_instances/S6/plan/S6_inst_10_optimal_plan.txt,ok,7.542,1979751,1979751,
2026-05-12 16:11:40,data/exp_instances/S6/S6_inst_11.txt,data/exp_instances/S6/plan/S6_inst_11_optimal_plan.txt,ok,7.010,1831849,1831849,
2026-05-12 16:11:47,data/exp_instances/S6/S6_inst_12.txt,data/exp_instances/S6/plan/S6_inst_12_optimal_plan.txt,ok,7.075,2077695,2077695,
2026-05-12 16:11:54,data/exp_instances/S6/S6_inst_13.txt,data/exp_instances/S6/plan/S6_inst_13_optimal_plan.txt,ok,6.712,2049033,2049033,
2026-05-12 16:12:02,data/exp_instances/S6/S6_inst_14.txt,data/exp_instances/S6/plan/S6_inst_14_optimal_plan.txt,ok,7.986,2292322,2292322,
2026-05-12 16:12:10,data/exp_instances/S6/S6_inst_15.txt,data/exp_instances/S6/plan/S6_inst_15_optimal_plan.txt,ok,8.617,2077026,2077026,
2026-05-12 16:12:18,data/exp_instances/S6/S6_inst_16.txt,data/exp_instances/S6/plan/S6_inst_16_optimal_plan.txt,ok,7.822,1961208,1961208,
2026-05-12 16:12:24,data/exp_instances/S6/S6_inst_17.txt,data/exp_instances/S6/plan/S6_inst_17_optimal_plan.txt,ok,6.284,1681498,1602774,
2026-05-12 16:12:32,data/exp_instances/S6/S6_inst_18.txt,data/exp_instances/S6/plan/S6_inst_18_optimal_plan.txt,ok,7.141,1407055,1395491,
2026-05-12 16:12:39,data/exp_instances/S6/S6_inst_19.txt,data/exp_instances/S6/plan/S6_inst_19_optimal_plan.txt,ok,7.623,2102591,2102591,
2026-05-12 16:12:47,data/exp_instances/S6/S6_inst_20.txt,data/exp_instances/S6/plan/S6_inst_20_optimal_plan.txt,ok,7.812,1887572,1887572,
2026-05-12 16:12:54,data/exp_instances/S6/S6_inst_21.txt,data/exp_instances/S6/plan/S6_inst_21_optimal_plan.txt,ok,7.071,1739946,1739946,
2026-05-12 16:13:02,data/exp_instances/S6/S6_inst_22.txt,data/exp_instances/S6/plan/S6_inst_22_optimal_plan.txt,ok,7.585,2147675,2147675,
2026-05-12 16:13:08,data/exp_instances/S6/S6_inst_23.txt,data/exp_instances/S6/plan/S6_inst_23_optimal_plan.txt,ok,6.706,1702475,1034377,
2026-05-12 16:13:15,data/exp_instances/S6/S6_inst_24.txt,data/exp_instances/S6/plan/S6_inst_24_optimal_plan.txt,ok,6.970,1961059,1950195,
2026-05-12 16:13:22,data/exp_instances/S6/S6_inst_25.txt,data/exp_instances/S6/plan/S6_inst_25_optimal_plan.txt,ok,6.754,1750029,1750029,
2026-05-12 16:13:28,data/exp_instances/S6/S6_inst_26.txt,data/exp_instances/S6/plan/S6_inst_26_optimal_plan.txt,ok,6.360,1220376,84540,
2026-05-12 16:13:37,data/exp_instances/S6/S6_inst_27.txt,data/exp_instances/S6/plan/S6_inst_27_optimal_plan.txt,ok,8.071,1910975,1910975,
2026-05-12 16:13:44,data/exp_instances/S6/S6_inst_28.txt,data/exp_instances/S6/plan/S6_inst_28_optimal_plan.txt,ok,7.244,1874015,1874015,
2026-05-12 16:13:52,data/exp_instances/S6/S6_inst_29.txt,data/exp_instances/S6/plan/S6_inst_29_optimal_plan.txt,ok,7.702,1762615,1762615,
2026-05-12 16:13:59,data/exp_instances/S6/S6_inst_30.txt,data/exp_instances/S6/plan/S6_inst_30_optimal_plan.txt,ok,7.588,2066692,2066692,
2026-05-12 16:14:06,data/exp_instances/S7/S7_inst_01.txt,data/exp_instances/S7/plan/S7_inst_01_optimal_plan.txt,ok,6.929,1954527,1954527,
2026-05-12 16:14:12,data/exp_instances/S7/S7_inst_02.txt,data/exp_instances/S7/plan/S7_inst_02_optimal_plan.txt,ok,6.323,2024171,1626945,
2026-05-12 16:14:20,data/exp_instances/S7/S7_inst_03.txt,data/exp_instances/S7/plan/S7_inst_03_optimal_plan.txt,ok,7.363,1990041,1990041,
2026-05-12 16:14:27,data/exp_instances/S7/S7_inst_04.txt,data/exp_instances/S7/plan/S7_inst_04_optimal_plan.txt,ok,7.512,1817887,1817887,
2026-05-12 16:14:34,data/exp_instances/S7/S7_inst_05.txt,data/exp_instances/S7/plan/S7_inst_05_optimal_plan.txt,ok,6.719,1921815,1921815,
2026-05-12 16:14:41,data/exp_instances/S7/S7_inst_06.txt,data/exp_instances/S7/plan/S7_inst_06_optimal_plan.txt,ok,6.742,2080882,2080882,
2026-05-12 16:14:49,data/exp_instances/S7/S7_inst_07.txt,data/exp_instances/S7/plan/S7_inst_07_optimal_plan.txt,ok,8.053,1928490,1912914,
2026-05-12 16:14:56,data/exp_instances/S7/S7_inst_08.txt,data/exp_instances/S7/plan/S7_inst_08_optimal_plan.txt,ok,6.793,1466892,1425252,
2026-05-12 16:15:03,data/exp_instances/S7/S7_inst_09.txt,data/exp_instances/S7/plan/S7_inst_09_optimal_plan.txt,ok,7.565,1970509,1970509,
2026-05-12 16:15:10,data/exp_instances/S7/S7_inst_10.txt,data/exp_instances/S7/plan/S7_inst_10_optimal_plan.txt,ok,6.548,1919876,1919876,
2026-05-12 16:15:17,data/exp_instances/S7/S7_inst_11.txt,data/exp_instances/S7/plan/S7_inst_11_optimal_plan.txt,ok,7.143,2244341,2244341,
2026-05-12 16:15:24,data/exp_instances/S7/S7_inst_12.txt,data/exp_instances/S7/plan/S7_inst_12_optimal_plan.txt,ok,7.041,1706308,1706308,
2026-05-12 16:15:31,data/exp_instances/S7/S7_inst_13.txt,data/exp_instances/S7/plan/S7_inst_13_optimal_plan.txt,ok,7.187,2025658,2025658,
2026-05-12 16:15:38,data/exp_instances/S7/S7_inst_14.txt,data/exp_instances/S7/plan/S7_inst_14_optimal_plan.txt,ok,7.310,2026272,2026272,
2026-05-12 16:15:46,data/exp_instances/S7/S7_inst_15.txt,data/exp_instances/S7/plan/S7_inst_15_optimal_plan.txt,ok,7.271,1578418,1531200,
2026-05-12 16:15:53,data/exp_instances/S7/S7_inst_16.txt,data/exp_instances/S7/plan/S7_inst_16_optimal_plan.txt,ok,7.363,1657763,1654259,
2026-05-12 16:16:01,data/exp_instances/S7/S7_inst_17.txt,data/exp_instances/S7/plan/S7_inst_17_optimal_plan.txt,ok,7.773,1916394,1916394,
2026-05-12 16:16:08,data/exp_instances/S7/S7_inst_18.txt,data/exp_instances/S7/plan/S7_inst_18_optimal_plan.txt,ok,6.771,2087962,2087962,
2026-05-12 16:16:15,data/exp_instances/S7/S7_inst_19.txt,data/exp_instances/S7/plan/S7_inst_19_optimal_plan.txt,ok,7.601,1627222,1627222,
2026-05-12 16:16:23,data/exp_instances/S7/S7_inst_20.txt,data/exp_instances/S7/plan/S7_inst_20_optimal_plan.txt,ok,7.384,1807058,1807058,
2026-05-12 16:16:33,data/exp_instances/S7/S7_inst_21.txt,data/exp_instances/S7/plan/S7_inst_21_optimal_plan.txt,ok,10.658,1344533,1058551,
2026-05-12 16:16:41,data/exp_instances/S7/S7_inst_22.txt,data/exp_instances/S7/plan/S7_inst_22_optimal_plan.txt,ok,7.481,1808125,1808125,
2026-05-12 16:16:50,data/exp_instances/S7/S7_inst_23.txt,data/exp_instances/S7/plan/S7_inst_23_optimal_plan.txt,ok,9.543,1805622,1805622,
2026-05-12 16:16:59,data/exp_instances/S7/S7_inst_24.txt,data/exp_instances/S7/plan/S7_inst_24_optimal_plan.txt,ok,8.855,1971721,1875037,
2026-05-12 16:17:07,data/exp_instances/S7/S7_inst_25.txt,data/exp_instances/S7/plan/S7_inst_25_optimal_plan.txt,ok,7.846,1884111,1884111,
2026-05-12 16:17:16,data/exp_instances/S7/S7_inst_26.txt,data/exp_instances/S7/plan/S7_inst_26_optimal_plan.txt,ok,8.949,1965091,1965091,
2026-05-12 16:17:23,data/exp_instances/S7/S7_inst_27.txt,data/exp_instances/S7/plan/S7_inst_27_optimal_plan.txt,ok,7.299,1566987,1457709,
2026-05-12 16:17:30,data/exp_instances/S7/S7_inst_28.txt,data/exp_instances/S7/plan/S7_inst_28_optimal_plan.txt,ok,6.669,1407407,1393005,
2026-05-12 16:17:37,data/exp_instances/S7/S7_inst_29.txt,data/exp_instances/S7/plan/S7_inst_29_optimal_plan.txt,ok,7.024,2037348,2037348,
2026-05-12 16:17:55,data/exp_instances/S7/S7_inst_30.txt,data/exp_instances/S7/plan/S7_inst_30_optimal_plan.txt,ok,18.412,1812962,1812962,
2026-05-12 16:18:05,data/exp_instances/S8/S8_inst_01.txt,data/exp_instances/S8/plan/S8_inst_01_optimal_plan.txt,ok,9.287,1469867,1392105,
2026-05-12 16:18:14,data/exp_instances/S8/S8_inst_02.txt,data/exp_instances/S8/plan/S8_inst_02_optimal_plan.txt,ok,8.882,1874352,1874352,
2026-05-12 16:18:32,data/exp_instances/S8/S8_inst_03.txt,data/exp_instances/S8/plan/S8_inst_03_optimal_plan.txt,ok,18.942,1979061,1979061,
2026-05-12 16:18:42,data/exp_instances/S8/S8_inst_04.txt,data/exp_instances/S8/plan/S8_inst_04_optimal_plan.txt,ok,9.251,1628982,1575332,
2026-05-12 16:18:51,data/exp_instances/S8/S8_inst_05.txt,data/exp_instances/S8/plan/S8_inst_05_optimal_plan.txt,ok,9.779,1880022,1880022,
2026-05-12 16:18:59,data/exp_instances/S8/S8_inst_06.txt,data/exp_instances/S8/plan/S8_inst_06_optimal_plan.txt,ok,7.121,1762008,1762008,
2026-05-12 16:19:07,data/exp_instances/S8/S8_inst_07.txt,data/exp_instances/S8/plan/S8_inst_07_optimal_plan.txt,ok,8.114,2034182,2034182,
2026-05-12 16:19:21,data/exp_instances/S8/S8_inst_08.txt,data/exp_instances/S8/plan/S8_inst_08_optimal_plan.txt,ok,13.865,1906624,1906624,
2026-05-12 16:19:28,data/exp_instances/S8/S8_inst_09.txt,data/exp_instances/S8/plan/S8_inst_09_optimal_plan.txt,ok,6.952,2137093,2056225,
2026-05-12 16:19:39,data/exp_instances/S8/S8_inst_10.txt,data/exp_instances/S8/plan/S8_inst_10_optimal_plan.txt,ok,11.165,2090613,2090613,
2026-05-12 16:19:49,data/exp_instances/S8/S8_inst_11.txt,data/exp_instances/S8/plan/S8_inst_11_optimal_plan.txt,ok,10.078,2203484,2203484,
2026-05-12 16:19:56,data/exp_instances/S8/S8_inst_12.txt,data/exp_instances/S8/plan/S8_inst_12_optimal_plan.txt,ok,7.486,1920552,1920552,
2026-05-12 16:20:03,data/exp_instances/S8/S8_inst_13.txt,data/exp_instances/S8/plan/S8_inst_13_optimal_plan.txt,ok,6.681,1720037,1695783,
2026-05-12 16:20:13,data/exp_instances/S8/S8_inst_14.txt,data/exp_instances/S8/plan/S8_inst_14_optimal_plan.txt,ok,9.641,1754603,1754603,
2026-05-12 16:20:21,data/exp_instances/S8/S8_inst_15.txt,data/exp_instances/S8/plan/S8_inst_15_optimal_plan.txt,ok,7.914,1794980,1794980,
2026-05-12 16:20:29,data/exp_instances/S8/S8_inst_16.txt,data/exp_instances/S8/plan/S8_inst_16_optimal_plan.txt,ok,8.847,1657752,1657752,
2026-05-12 16:20:41,data/exp_instances/S8/S8_inst_17.txt,data/exp_instances/S8/plan/S8_inst_17_optimal_plan.txt,ok,11.296,2020963,2020963,
2026-05-12 16:20:49,data/exp_instances/S8/S8_inst_18.txt,data/exp_instances/S8/plan/S8_inst_18_optimal_plan.txt,ok,8.173,1677752,1677752,
2026-05-12 16:20:58,data/exp_instances/S8/S8_inst_19.txt,data/exp_instances/S8/plan/S8_inst_19_optimal_plan.txt,ok,9.156,1122898,177788,
2026-05-12 16:21:05,data/exp_instances/S8/S8_inst_20.txt,data/exp_instances/S8/plan/S8_inst_20_optimal_plan.txt,ok,6.817,1466435,1121861,
2026-05-12 16:21:12,data/exp_instances/S8/S8_inst_21.txt,data/exp_instances/S8/plan/S8_inst_21_optimal_plan.txt,ok,6.821,1962008,1962008,
2026-05-12 16:21:19,data/exp_instances/S8/S8_inst_22.txt,data/exp_instances/S8/plan/S8_inst_22_optimal_plan.txt,ok,6.921,2058141,1477587,
2026-05-12 16:21:26,data/exp_instances/S8/S8_inst_23.txt,data/exp_instances/S8/plan/S8_inst_23_optimal_plan.txt,ok,7.587,1988812,1988812,
2026-05-12 16:21:34,data/exp_instances/S8/S8_inst_24.txt,data/exp_instances/S8/plan/S8_inst_24_optimal_plan.txt,ok,7.575,1738843,1738843,
2026-05-12 16:21:41,data/exp_instances/S8/S8_inst_25.txt,data/exp_instances/S8/plan/S8_inst_25_optimal_plan.txt,ok,7.212,1852169,1780649,
2026-05-12 16:21:48,data/exp_instances/S8/S8_inst_26.txt,data/exp_instances/S8/plan/S8_inst_26_optimal_plan.txt,ok,7.241,1844283,1768293,
2026-05-12 16:21:56,data/exp_instances/S8/S8_inst_27.txt,data/exp_instances/S8/plan/S8_inst_27_optimal_plan.txt,ok,7.762,1650015,1595399,
2026-05-12 16:22:03,data/exp_instances/S8/S8_inst_28.txt,data/exp_instances/S8/plan/S8_inst_28_optimal_plan.txt,ok,7.142,1667037,1667037,
2026-05-12 16:22:11,data/exp_instances/S8/S8_inst_29.txt,data/exp_instances/S8/plan/S8_inst_29_optimal_plan.txt,ok,7.638,1913319,1885883,
2026-05-12 16:22:18,data/exp_instances/S8/S8_inst_30.txt,data/exp_instances/S8/plan/S8_inst_30_optimal_plan.txt,ok,7.684,2135666,2135666,
2026-05-12 16:22:26,data/exp_instances/S9/S9_inst_01.txt,data/exp_instances/S9/plan/S9_inst_01_optimal_plan.txt,ok,7.687,2084037,2084037,
2026-05-12 16:22:32,data/exp_instances/S9/S9_inst_02.txt,data/exp_instances/S9/plan/S9_inst_02_optimal_plan.txt,ok,6.123,1685863,1685863,
2026-05-12 16:22:38,data/exp_instances/S9/S9_inst_03.txt,data/exp_instances/S9/plan/S9_inst_03_optimal_plan.txt,ok,5.833,2117582,2117582,
2026-05-12 16:22:45,data/exp_instances/S9/S9_inst_04.txt,data/exp_instances/S9/plan/S9_inst_04_optimal_plan.txt,ok,6.855,1629840,1629840,
2026-05-12 16:22:53,data/exp_instances/S9/S9_inst_05.txt,data/exp_instances/S9/plan/S9_inst_05_optimal_plan.txt,ok,8.400,1673386,1673386,
2026-05-12 16:23:00,data/exp_instances/S9/S9_inst_06.txt,data/exp_instances/S9/plan/S9_inst_06_optimal_plan.txt,ok,6.459,1930351,1902151,
2026-05-12 16:23:07,data/exp_instances/S9/S9_inst_07.txt,data/exp_instances/S9/plan/S9_inst_07_optimal_plan.txt,ok,7.551,1784800,1784800,
2026-05-12 16:23:15,data/exp_instances/S9/S9_inst_08.txt,data/exp_instances/S9/plan/S9_inst_08_optimal_plan.txt,ok,7.512,1622319,1622319,
2026-05-12 16:23:21,data/exp_instances/S9/S9_inst_09.txt,data/exp_instances/S9/plan/S9_inst_09_optimal_plan.txt,ok,6.416,2184128,2184128,
2026-05-12 16:23:26,data/exp_instances/S9/S9_inst_10.txt,data/exp_instances/S9/plan/S9_inst_10_optimal_plan.txt,ok,5.154,2067997,2067997,
2026-05-12 16:23:32,data/exp_instances/S9/S9_inst_11.txt,data/exp_instances/S9/plan/S9_inst_11_optimal_plan.txt,ok,6.015,1995581,1995581,
2026-05-12 16:23:39,data/exp_instances/S9/S9_inst_12.txt,data/exp_instances/S9/plan/S9_inst_12_optimal_plan.txt,ok,6.329,1742858,1742858,
2026-05-12 16:23:46,data/exp_instances/S9/S9_inst_13.txt,data/exp_instances/S9/plan/S9_inst_13_optimal_plan.txt,ok,7.388,2172637,2140209,
2026-05-12 16:23:54,data/exp_instances/S9/S9_inst_14.txt,data/exp_instances/S9/plan/S9_inst_14_optimal_plan.txt,ok,7.763,1948392,1948392,
2026-05-12 16:24:03,data/exp_instances/S9/S9_inst_15.txt,data/exp_instances/S9/plan/S9_inst_15_optimal_plan.txt,ok,8.706,2114399,2060631,
2026-05-12 16:24:10,data/exp_instances/S9/S9_inst_16.txt,data/exp_instances/S9/plan/S9_inst_16_optimal_plan.txt,ok,7.217,2026436,2026436,
2026-05-12 16:24:17,data/exp_instances/S9/S9_inst_17.txt,data/exp_instances/S9/plan/S9_inst_17_optimal_plan.txt,ok,7.225,1991738,1991738,
2026-05-12 16:24:24,data/exp_instances/S9/S9_inst_18.txt,data/exp_instances/S9/plan/S9_inst_18_optimal_plan.txt,ok,6.651,1934166,1934166,
2026-05-12 16:24:31,data/exp_instances/S9/S9_inst_19.txt,data/exp_instances/S9/plan/S9_inst_19_optimal_plan.txt,ok,7.132,1705523,1705523,
2026-05-12 16:24:38,data/exp_instances/S9/S9_inst_20.txt,data/exp_instances/S9/plan/S9_inst_20_optimal_plan.txt,ok,7.239,1893330,1893330,
2026-05-12 16:24:45,data/exp_instances/S9/S9_inst_21.txt,data/exp_instances/S9/plan/S9_inst_21_optimal_plan.txt,ok,7.194,1822571,1822571,
2026-05-12 16:24:53,data/exp_instances/S9/S9_inst_22.txt,data/exp_instances/S9/plan/S9_inst_22_optimal_plan.txt,ok,7.637,2144649,2144649,
2026-05-12 16:25:01,data/exp_instances/S9/S9_inst_23.txt,data/exp_instances/S9/plan/S9_inst_23_optimal_plan.txt,ok,7.999,2320851,2318451,
2026-05-12 16:25:08,data/exp_instances/S9/S9_inst_24.txt,data/exp_instances/S9/plan/S9_inst_24_optimal_plan.txt,ok,6.746,1714319,1714319,
2026-05-12 16:25:16,data/exp_instances/S9/S9_inst_25.txt,data/exp_instances/S9/plan/S9_inst_25_optimal_plan.txt,ok,7.916,1701011,1701011,
2026-05-12 16:25:23,data/exp_instances/S9/S9_inst_26.txt,data/exp_instances/S9/plan/S9_inst_26_optimal_plan.txt,ok,7.107,1786515,1786515,
2026-05-12 16:25:30,data/exp_instances/S9/S9_inst_27.txt,data/exp_instances/S9/plan/S9_inst_27_optimal_plan.txt,ok,7.451,1731331,1731331,
2026-05-12 16:25:36,data/exp_instances/S9/S9_inst_28.txt,data/exp_instances/S9/plan/S9_inst_28_optimal_plan.txt,ok,5.534,1637015,1637015,
2026-05-12 16:25:44,data/exp_instances/S9/S9_inst_29.txt,data/exp_instances/S9/plan/S9_inst_29_optimal_plan.txt,ok,8.104,1747982,1747982,
2026-05-12 16:25:48,data/exp_instances/S9/S9_inst_30.txt,data/exp_instances/S9/plan/S9_inst_30_optimal_plan.txt,ok,4.198,1573977,1528657,
2026-05-12 19:26:09,data/exp_instances/S1/S1_inst_01.txt,data/exp_instances/S1/plan/S1_inst_01_optimal_plan.txt,ok,9.066,2076945,2076945,
2026-05-12 19:26:16,data/exp_instances/S1/S1_inst_02.txt,data/exp_instances/S1/plan/S1_inst_02_optimal_plan.txt,ok,7.705,1968696,1968696,
2026-05-12 19:26:24,data/exp_instances/S1/S1_inst_03.txt,data/exp_instances/S1/plan/S1_inst_03_optimal_plan.txt,ok,7.620,1861859,1861859,
2026-05-12 19:26:31,data/exp_instances/S1/S1_inst_04.txt,data/exp_instances/S1/plan/S1_inst_04_optimal_plan.txt,ok,7.087,2355312,2325960,
2026-05-12 19:26:39,data/exp_instances/S1/S1_inst_05.txt,data/exp_instances/S1/plan/S1_inst_05_optimal_plan.txt,ok,8.043,1994277,1994277,
2026-05-12 19:26:46,data/exp_instances/S1/S1_inst_06.txt,data/exp_instances/S1/plan/S1_inst_06_optimal_plan.txt,ok,7.266,2177625,2177625,
2026-05-12 19:26:52,data/exp_instances/S1/S1_inst_07.txt,data/exp_instances/S1/plan/S1_inst_07_optimal_plan.txt,ok,6.173,1677512,1677512,
2026-05-12 19:26:59,data/exp_instances/S1/S1_inst_08.txt,data/exp_instances/S1/plan/S1_inst_08_optimal_plan.txt,ok,6.988,1870181,1870181,
2026-05-12 19:27:07,data/exp_instances/S1/S1_inst_09.txt,data/exp_instances/S1/plan/S1_inst_09_optimal_plan.txt,ok,7.110,1917196,1888696,
2026-05-12 19:27:12,data/exp_instances/S1/S1_inst_10.txt,data/exp_instances/S1/plan/S1_inst_10_optimal_plan.txt,ok,5.749,2133505,2100577,
2026-05-12 19:27:20,data/exp_instances/S1/S1_inst_11.txt,data/exp_instances/S1/plan/S1_inst_11_optimal_plan.txt,ok,7.614,2404882,2404882,
2026-05-12 19:27:27,data/exp_instances/S1/S1_inst_12.txt,data/exp_instances/S1/plan/S1_inst_12_optimal_plan.txt,ok,7.341,1646450,1646450,
2026-05-12 19:27:35,data/exp_instances/S1/S1_inst_13.txt,data/exp_instances/S1/plan/S1_inst_13_optimal_plan.txt,ok,8.106,1916262,1916262,
2026-05-12 19:27:42,data/exp_instances/S1/S1_inst_14.txt,data/exp_instances/S1/plan/S1_inst_14_optimal_plan.txt,ok,6.874,1817946,1800714,
2026-05-12 19:27:50,data/exp_instances/S1/S1_inst_15.txt,data/exp_instances/S1/plan/S1_inst_15_optimal_plan.txt,ok,7.914,1665629,1665629,
2026-05-12 19:27:57,data/exp_instances/S1/S1_inst_16.txt,data/exp_instances/S1/plan/S1_inst_16_optimal_plan.txt,ok,7.227,1544730,1538670,
2026-05-12 19:28:04,data/exp_instances/S1/S1_inst_17.txt,data/exp_instances/S1/plan/S1_inst_17_optimal_plan.txt,ok,6.329,2097523,2030859,
2026-05-12 19:28:11,data/exp_instances/S1/S1_inst_18.txt,data/exp_instances/S1/plan/S1_inst_18_optimal_plan.txt,ok,7.194,1658624,1658624,
2026-05-12 19:28:18,data/exp_instances/S1/S1_inst_19.txt,data/exp_instances/S1/plan/S1_inst_19_optimal_plan.txt,ok,7.105,2086238,2086238,
2026-05-12 19:28:26,data/exp_instances/S1/S1_inst_20.txt,data/exp_instances/S1/plan/S1_inst_20_optimal_plan.txt,ok,7.752,2121967,2121967,
2026-05-12 19:28:34,data/exp_instances/S1/S1_inst_21.txt,data/exp_instances/S1/plan/S1_inst_21_optimal_plan.txt,ok,8.137,1776933,1776933,
2026-05-12 19:28:42,data/exp_instances/S1/S1_inst_22.txt,data/exp_instances/S1/plan/S1_inst_22_optimal_plan.txt,ok,8.040,1913457,1913457,
2026-05-12 19:28:48,data/exp_instances/S1/S1_inst_23.txt,data/exp_instances/S1/plan/S1_inst_23_optimal_plan.txt,ok,5.990,2295943,2295943,
2026-05-12 19:28:56,data/exp_instances/S1/S1_inst_24.txt,data/exp_instances/S1/plan/S1_inst_24_optimal_plan.txt,ok,8.235,1768015,1768015,
2026-05-12 19:29:04,data/exp_instances/S1/S1_inst_25.txt,data/exp_instances/S1/plan/S1_inst_25_optimal_plan.txt,ok,7.456,2078029,2078029,
2026-05-12 19:29:11,data/exp_instances/S1/S1_inst_26.txt,data/exp_instances/S1/plan/S1_inst_26_optimal_plan.txt,ok,7.166,1865771,1865771,
2026-05-12 19:29:17,data/exp_instances/S1/S1_inst_27.txt,data/exp_instances/S1/plan/S1_inst_27_optimal_plan.txt,ok,6.331,2001250,1947130,
2026-05-12 19:29:25,data/exp_instances/S1/S1_inst_28.txt,data/exp_instances/S1/plan/S1_inst_28_optimal_plan.txt,ok,7.640,2160353,2080865,
2026-05-12 19:29:31,data/exp_instances/S1/S1_inst_29.txt,data/exp_instances/S1/plan/S1_inst_29_optimal_plan.txt,ok,6.687,2135355,2135355,
2026-05-12 19:29:35,data/exp_instances/S1/S1_inst_30.txt,data/exp_instances/S1/plan/S1_inst_30_optimal_plan.txt,ok,4.277,2344330,2293822,
2026-05-12 19:29:36,data/exp_instances/S10/S10_inst_01.txt,data/exp_instances/S10/plan/S10_inst_01_optimal_plan.txt,ok,0.491,1912961,1601581,
2026-05-12 19:29:36,data/exp_instances/S10/S10_inst_02.txt,data/exp_instances/S10/plan/S10_inst_02_optimal_plan.txt,ok,0.476,2061835,1878851,
2026-05-12 19:29:37,data/exp_instances/S10/S10_inst_03.txt,data/exp_instances/S10/plan/S10_inst_03_optimal_plan.txt,ok,0.493,2084040,1983200,
2026-05-12 19:29:37,data/exp_instances/S10/S10_inst_04.txt,data/exp_instances/S10/plan/S10_inst_04_optimal_plan.txt,ok,0.482,1792128,1775216,
2026-05-12 19:29:38,data/exp_instances/S10/S10_inst_05.txt,data/exp_instances/S10/plan/S10_inst_05_optimal_plan.txt,ok,0.460,1982073,1946985,
2026-05-12 19:29:38,data/exp_instances/S10/S10_inst_06.txt,data/exp_instances/S10/plan/S10_inst_06_optimal_plan.txt,ok,0.528,1804302,1735702,
2026-05-12 19:29:39,data/exp_instances/S10/S10_inst_07.txt,data/exp_instances/S10/plan/S10_inst_07_optimal_plan.txt,ok,0.527,1729408,1608024,
2026-05-12 19:29:39,data/exp_instances/S10/S10_inst_08.txt,data/exp_instances/S10/plan/S10_inst_08_optimal_plan.txt,ok,0.472,1488995,1337277,
2026-05-12 19:29:40,data/exp_instances/S10/S10_inst_09.txt,data/exp_instances/S10/plan/S10_inst_09_optimal_plan.txt,ok,0.488,1715854,1710666,
2026-05-12 19:29:40,data/exp_instances/S10/S10_inst_10.txt,data/exp_instances/S10/plan/S10_inst_10_optimal_plan.txt,ok,0.482,1971185,1915913,
2026-05-12 19:29:41,data/exp_instances/S10/S10_inst_11.txt,data/exp_instances/S10/plan/S10_inst_11_optimal_plan.txt,ok,0.524,1646965,1576061,
2026-05-12 19:29:41,data/exp_instances/S10/S10_inst_12.txt,data/exp_instances/S10/plan/S10_inst_12_optimal_plan.txt,ok,0.508,1943754,1943754,
2026-05-12 19:29:42,data/exp_instances/S10/S10_inst_13.txt,data/exp_instances/S10/plan/S10_inst_13_optimal_plan.txt,ok,0.497,1878662,1826220,
2026-05-12 19:29:42,data/exp_instances/S10/S10_inst_14.txt,data/exp_instances/S10/plan/S10_inst_14_optimal_plan.txt,ok,0.517,1806433,1612699,
2026-05-12 19:29:43,data/exp_instances/S10/S10_inst_15.txt,data/exp_instances/S10/plan/S10_inst_15_optimal_plan.txt,ok,0.500,2069463,1611099,
2026-05-12 19:29:43,data/exp_instances/S10/S10_inst_16.txt,data/exp_instances/S10/plan/S10_inst_16_optimal_plan.txt,ok,0.490,1637305,1531103,
2026-05-12 19:29:44,data/exp_instances/S10/S10_inst_17.txt,data/exp_instances/S10/plan/S10_inst_17_optimal_plan.txt,ok,0.512,1839700,1803324,
2026-05-12 19:29:44,data/exp_instances/S10/S10_inst_18.txt,data/exp_instances/S10/plan/S10_inst_18_optimal_plan.txt,ok,0.500,1610551,1563447,
2026-05-12 19:29:45,data/exp_instances/S10/S10_inst_19.txt,data/exp_instances/S10/plan/S10_inst_19_optimal_plan.txt,ok,0.506,1767611,1757579,
2026-05-12 19:29:45,data/exp_instances/S10/S10_inst_20.txt,data/exp_instances/S10/plan/S10_inst_20_optimal_plan.txt,ok,0.471,1939666,1769478,
2026-05-12 19:29:46,data/exp_instances/S10/S10_inst_21.txt,data/exp_instances/S10/plan/S10_inst_21_optimal_plan.txt,ok,0.486,2055619,1976299,
2026-05-12 19:29:46,data/exp_instances/S10/S10_inst_22.txt,data/exp_instances/S10/plan/S10_inst_22_optimal_plan.txt,ok,0.495,1955200,1719136,
2026-05-12 19:29:47,data/exp_instances/S10/S10_inst_23.txt,data/exp_instances/S10/plan/S10_inst_23_optimal_plan.txt,ok,0.483,1909353,1722147,
2026-05-12 19:29:47,data/exp_instances/S10/S10_inst_24.txt,data/exp_instances/S10/plan/S10_inst_24_optimal_plan.txt,ok,0.456,1810476,1687046,
2026-05-12 19:29:48,data/exp_instances/S10/S10_inst_25.txt,data/exp_instances/S10/plan/S10_inst_25_optimal_plan.txt,ok,0.464,1770201,1638711,
2026-05-12 19:29:48,data/exp_instances/S10/S10_inst_26.txt,data/exp_instances/S10/plan/S10_inst_26_optimal_plan.txt,ok,0.453,1537226,1429646,
2026-05-12 19:29:49,data/exp_instances/S10/S10_inst_27.txt,data/exp_instances/S10/plan/S10_inst_27_optimal_plan.txt,ok,0.494,1805584,1755528,
2026-05-12 19:29:49,data/exp_instances/S10/S10_inst_28.txt,data/exp_instances/S10/plan/S10_inst_28_optimal_plan.txt,ok,0.449,1693483,1559671,
2026-05-12 19:29:50,data/exp_instances/S10/S10_inst_29.txt,data/exp_instances/S10/plan/S10_inst_29_optimal_plan.txt,ok,0.470,1879333,1562137,
2026-05-12 19:29:50,data/exp_instances/S10/S10_inst_30.txt,data/exp_instances/S10/plan/S10_inst_30_optimal_plan.txt,ok,0.465,1570683,1553435,
2026-05-12 19:29:55,data/exp_instances/S11/S11_inst_01.txt,data/exp_instances/S11/plan/S11_inst_01_optimal_plan.txt,ok,5.284,1901020,1868896,
2026-05-12 19:30:00,data/exp_instances/S11/S11_inst_02.txt,data/exp_instances/S11/plan/S11_inst_02_optimal_plan.txt,ok,5.026,1744443,1744443,
2026-05-12 19:30:06,data/exp_instances/S11/S11_inst_03.txt,data/exp_instances/S11/plan/S11_inst_03_optimal_plan.txt,ok,5.450,1776266,1776266,
2026-05-12 19:30:11,data/exp_instances/S11/S11_inst_04.txt,data/exp_instances/S11/plan/S11_inst_04_optimal_plan.txt,ok,5.324,1804050,1804050,
2026-05-12 19:30:17,data/exp_instances/S11/S11_inst_05.txt,data/exp_instances/S11/plan/S11_inst_05_optimal_plan.txt,ok,6.066,1854543,1854543,
2026-05-12 19:30:22,data/exp_instances/S11/S11_inst_06.txt,data/exp_instances/S11/plan/S11_inst_06_optimal_plan.txt,ok,5.047,1860134,1860134,
2026-05-12 19:30:27,data/exp_instances/S11/S11_inst_07.txt,data/exp_instances/S11/plan/S11_inst_07_optimal_plan.txt,ok,5.015,1887038,1887038,
2026-05-12 19:30:33,data/exp_instances/S11/S11_inst_08.txt,data/exp_instances/S11/plan/S11_inst_08_optimal_plan.txt,ok,5.708,1643099,1643099,
2026-05-12 19:30:39,data/exp_instances/S11/S11_inst_09.txt,data/exp_instances/S11/plan/S11_inst_09_optimal_plan.txt,ok,5.478,2176999,2176999,
2026-05-12 19:30:44,data/exp_instances/S11/S11_inst_10.txt,data/exp_instances/S11/plan/S11_inst_10_optimal_plan.txt,ok,5.644,2085651,2085651,
2026-05-12 19:30:49,data/exp_instances/S11/S11_inst_11.txt,data/exp_instances/S11/plan/S11_inst_11_optimal_plan.txt,ok,5.211,1818861,1818861,
2026-05-12 19:30:55,data/exp_instances/S11/S11_inst_12.txt,data/exp_instances/S11/plan/S11_inst_12_optimal_plan.txt,ok,5.246,1812107,1805945,
2026-05-12 19:31:00,data/exp_instances/S11/S11_inst_13.txt,data/exp_instances/S11/plan/S11_inst_13_optimal_plan.txt,ok,5.520,1989632,1989632,
2026-05-12 19:31:05,data/exp_instances/S11/S11_inst_14.txt,data/exp_instances/S11/plan/S11_inst_14_optimal_plan.txt,ok,4.520,2024487,2024487,
2026-05-12 19:31:10,data/exp_instances/S11/S11_inst_15.txt,data/exp_instances/S11/plan/S11_inst_15_optimal_plan.txt,ok,5.524,1882982,1882982,
2026-05-12 19:31:16,data/exp_instances/S11/S11_inst_16.txt,data/exp_instances/S11/plan/S11_inst_16_optimal_plan.txt,ok,5.600,2013747,2013747,
2026-05-12 19:31:21,data/exp_instances/S11/S11_inst_17.txt,data/exp_instances/S11/plan/S11_inst_17_optimal_plan.txt,ok,5.080,1783499,1783499,
2026-05-12 19:31:26,data/exp_instances/S11/S11_inst_18.txt,data/exp_instances/S11/plan/S11_inst_18_optimal_plan.txt,ok,5.208,1674394,1674394,
2026-05-12 19:31:31,data/exp_instances/S11/S11_inst_19.txt,data/exp_instances/S11/plan/S11_inst_19_optimal_plan.txt,ok,5.305,2135961,2135961,
2026-05-12 19:31:37,data/exp_instances/S11/S11_inst_20.txt,data/exp_instances/S11/plan/S11_inst_20_optimal_plan.txt,ok,5.323,1932373,1932373,
2026-05-12 19:31:42,data/exp_instances/S11/S11_inst_21.txt,data/exp_instances/S11/plan/S11_inst_21_optimal_plan.txt,ok,5.334,1959764,1959764,
2026-05-12 19:31:48,data/exp_instances/S11/S11_inst_22.txt,data/exp_instances/S11/plan/S11_inst_22_optimal_plan.txt,ok,5.548,1818604,1818604,
2026-05-12 19:31:53,data/exp_instances/S11/S11_inst_23.txt,data/exp_instances/S11/plan/S11_inst_23_optimal_plan.txt,ok,4.939,1947876,1932888,
2026-05-12 19:31:58,data/exp_instances/S11/S11_inst_24.txt,data/exp_instances/S11/plan/S11_inst_24_optimal_plan.txt,ok,4.968,1758533,1758533,
2026-05-12 19:32:03,data/exp_instances/S11/S11_inst_25.txt,data/exp_instances/S11/plan/S11_inst_25_optimal_plan.txt,ok,5.244,1927827,1927827,
2026-05-12 19:32:08,data/exp_instances/S11/S11_inst_26.txt,data/exp_instances/S11/plan/S11_inst_26_optimal_plan.txt,ok,5.439,2008750,2008750,
2026-05-12 19:32:14,data/exp_instances/S11/S11_inst_27.txt,data/exp_instances/S11/plan/S11_inst_27_optimal_plan.txt,ok,5.606,1704023,1704023,
2026-05-12 19:32:19,data/exp_instances/S11/S11_inst_28.txt,data/exp_instances/S11/plan/S11_inst_28_optimal_plan.txt,ok,5.396,1894397,1894397,
2026-05-12 19:32:25,data/exp_instances/S11/S11_inst_29.txt,data/exp_instances/S11/plan/S11_inst_29_optimal_plan.txt,ok,5.432,1795822,1795822,
2026-05-12 19:32:30,data/exp_instances/S11/S11_inst_30.txt,data/exp_instances/S11/plan/S11_inst_30_optimal_plan.txt,ok,5.092,2201391,2201391,
2026-05-12 19:32:36,data/exp_instances/S12/S12_inst_01.txt,data/exp_instances/S12/plan/S12_inst_01_optimal_plan.txt,ok,6.627,254031,-3103563,
2026-05-12 19:32:43,data/exp_instances/S12/S12_inst_02.txt,data/exp_instances/S12/plan/S12_inst_02_optimal_plan.txt,ok,6.753,287485,-2873641,
2026-05-12 19:32:50,data/exp_instances/S12/S12_inst_03.txt,data/exp_instances/S12/plan/S12_inst_03_optimal_plan.txt,ok,7.281,304511,-3019615,
2026-05-12 19:32:57,data/exp_instances/S12/S12_inst_04.txt,data/exp_instances/S12/plan/S12_inst_04_optimal_plan.txt,ok,6.765,75402,-3299890,
2026-05-12 19:33:04,data/exp_instances/S12/S12_inst_05.txt,data/exp_instances/S12/plan/S12_inst_05_optimal_plan.txt,ok,7.023,292020,-3069096,
2026-05-12 19:33:10,data/exp_instances/S12/S12_inst_06.txt,data/exp_instances/S12/plan/S12_inst_06_optimal_plan.txt,ok,5.795,182034,-3761072,
2026-05-12 19:33:17,data/exp_instances/S12/S12_inst_07.txt,data/exp_instances/S12/plan/S12_inst_07_optimal_plan.txt,ok,6.832,447545,-2478421,
2026-05-12 19:33:24,data/exp_instances/S12/S12_inst_08.txt,data/exp_instances/S12/plan/S12_inst_08_optimal_plan.txt,ok,6.706,472937,-2505725,
2026-05-12 19:33:32,data/exp_instances/S12/S12_inst_09.txt,data/exp_instances/S12/plan/S12_inst_09_optimal_plan.txt,ok,8.047,545282,-2498244,
2026-05-12 19:33:38,data/exp_instances/S12/S12_inst_10.txt,data/exp_instances/S12/plan/S12_inst_10_optimal_plan.txt,ok,6.658,316293,-3545469,
2026-05-12 19:33:46,data/exp_instances/S12/S12_inst_11.txt,data/exp_instances/S12/plan/S12_inst_11_optimal_plan.txt,ok,7.295,241832,-2980456,
2026-05-12 19:33:51,data/exp_instances/S12/S12_inst_12.txt,data/exp_instances/S12/plan/S12_inst_12_optimal_plan.txt,ok,5.787,347014,-2413750,
2026-05-12 19:33:58,data/exp_instances/S12/S12_inst_13.txt,data/exp_instances/S12/plan/S12_inst_13_optimal_plan.txt,ok,6.866,362266,-2537116,
2026-05-12 19:34:05,data/exp_instances/S12/S12_inst_14.txt,data/exp_instances/S12/plan/S12_inst_14_optimal_plan.txt,ok,7.208,294892,-3056212,
2026-05-12 19:34:12,data/exp_instances/S12/S12_inst_15.txt,data/exp_instances/S12/plan/S12_inst_15_optimal_plan.txt,ok,6.483,213336,-3240742,
2026-05-12 19:34:18,data/exp_instances/S12/S12_inst_16.txt,data/exp_instances/S12/plan/S12_inst_16_optimal_plan.txt,ok,6.559,253669,-3437939,
2026-05-12 19:34:26,data/exp_instances/S12/S12_inst_17.txt,data/exp_instances/S12/plan/S12_inst_17_optimal_plan.txt,ok,7.126,231412,-2858202,
2026-05-12 19:34:32,data/exp_instances/S12/S12_inst_18.txt,data/exp_instances/S12/plan/S12_inst_18_optimal_plan.txt,ok,6.870,219716,-2605298,
2026-05-12 19:34:40,data/exp_instances/S12/S12_inst_19.txt,data/exp_instances/S12/plan/S12_inst_19_optimal_plan.txt,ok,7.066,257895,-2953975,
2026-05-12 19:34:46,data/exp_instances/S12/S12_inst_20.txt,data/exp_instances/S12/plan/S12_inst_20_optimal_plan.txt,ok,6.265,409190,-2791556,
2026-05-12 19:34:52,data/exp_instances/S12/S12_inst_21.txt,data/exp_instances/S12/plan/S12_inst_21_optimal_plan.txt,ok,6.099,343535,-2396915,
2026-05-12 19:34:59,data/exp_instances/S12/S12_inst_22.txt,data/exp_instances/S12/plan/S12_inst_22_optimal_plan.txt,ok,7.014,344432,-3268682,
2026-05-12 19:35:06,data/exp_instances/S12/S12_inst_23.txt,data/exp_instances/S12/plan/S12_inst_23_optimal_plan.txt,ok,7.598,293589,-3100879,
2026-05-12 19:35:14,data/exp_instances/S12/S12_inst_24.txt,data/exp_instances/S12/plan/S12_inst_24_optimal_plan.txt,ok,7.491,279095,-2066751,
2026-05-12 19:35:24,data/exp_instances/S12/S12_inst_25.txt,data/exp_instances/S12/plan/S12_inst_25_optimal_plan.txt,ok,9.878,351441,-3459513,
2026-05-12 19:35:31,data/exp_instances/S12/S12_inst_26.txt,data/exp_instances/S12/plan/S12_inst_26_optimal_plan.txt,ok,7.056,393990,-2891986,
2026-05-12 19:35:39,data/exp_instances/S12/S12_inst_27.txt,data/exp_instances/S12/plan/S12_inst_27_optimal_plan.txt,ok,8.166,157813,-2921605,
2026-05-12 19:35:46,data/exp_instances/S12/S12_inst_28.txt,data/exp_instances/S12/plan/S12_inst_28_optimal_plan.txt,ok,6.491,255900,-2827262,
2026-05-12 19:35:53,data/exp_instances/S12/S12_inst_29.txt,data/exp_instances/S12/plan/S12_inst_29_optimal_plan.txt,ok,7.342,338090,-2093816,
2026-05-12 19:36:01,data/exp_instances/S12/S12_inst_30.txt,data/exp_instances/S12/plan/S12_inst_30_optimal_plan.txt,ok,8.408,371849,-2814337,
2026-05-12 19:36:08,data/exp_instances/S13/S13_inst_01.txt,data/exp_instances/S13/plan/S13_inst_01_optimal_plan.txt,ok,6.838,1276095,-668899,
2026-05-12 19:36:15,data/exp_instances/S13/S13_inst_02.txt,data/exp_instances/S13/plan/S13_inst_02_optimal_plan.txt,ok,6.895,1419544,555142,
2026-05-12 19:36:22,data/exp_instances/S13/S13_inst_03.txt,data/exp_instances/S13/plan/S13_inst_03_optimal_plan.txt,ok,7.387,1077506,-50756,
2026-05-12 19:36:29,data/exp_instances/S13/S13_inst_04.txt,data/exp_instances/S13/plan/S13_inst_04_optimal_plan.txt,ok,6.787,763960,-1859256,
2026-05-12 19:36:37,data/exp_instances/S13/S13_inst_05.txt,data/exp_instances/S13/plan/S13_inst_05_optimal_plan.txt,ok,7.664,1405718,435280,
2026-05-12 19:36:44,data/exp_instances/S13/S13_inst_06.txt,data/exp_instances/S13/plan/S13_inst_06_optimal_plan.txt,ok,7.400,1684430,755894,
2026-05-12 19:36:52,data/exp_instances/S13/S13_inst_07.txt,data/exp_instances/S13/plan/S13_inst_07_optimal_plan.txt,ok,7.707,1149165,-261895,
2026-05-12 19:37:00,data/exp_instances/S13/S13_inst_08.txt,data/exp_instances/S13/plan/S13_inst_08_optimal_plan.txt,ok,7.647,911541,-930327,
2026-05-12 19:37:07,data/exp_instances/S13/S13_inst_09.txt,data/exp_instances/S13/plan/S13_inst_09_optimal_plan.txt,ok,7.282,877978,-1108110,
2026-05-12 19:37:15,data/exp_instances/S13/S13_inst_10.txt,data/exp_instances/S13/plan/S13_inst_10_optimal_plan.txt,ok,7.683,1196081,-59971,
2026-05-12 19:37:22,data/exp_instances/S13/S13_inst_11.txt,data/exp_instances/S13/plan/S13_inst_11_optimal_plan.txt,ok,7.093,1204180,36618,
2026-05-12 19:37:30,data/exp_instances/S13/S13_inst_12.txt,data/exp_instances/S13/plan/S13_inst_12_optimal_plan.txt,ok,8.614,787835,-1599885,
2026-05-12 19:37:38,data/exp_instances/S13/S13_inst_13.txt,data/exp_instances/S13/plan/S13_inst_13_optimal_plan.txt,ok,8.048,1648328,1027636,
2026-05-12 19:37:46,data/exp_instances/S13/S13_inst_14.txt,data/exp_instances/S13/plan/S13_inst_14_optimal_plan.txt,ok,8.032,1135020,-326494,
2026-05-12 19:37:54,data/exp_instances/S13/S13_inst_15.txt,data/exp_instances/S13/plan/S13_inst_15_optimal_plan.txt,ok,7.990,1016481,-574513,
2026-05-12 19:38:03,data/exp_instances/S13/S13_inst_16.txt,data/exp_instances/S13/plan/S13_inst_16_optimal_plan.txt,ok,8.346,1298433,227365,
2026-05-12 19:38:11,data/exp_instances/S13/S13_inst_17.txt,data/exp_instances/S13/plan/S13_inst_17_optimal_plan.txt,ok,8.645,1169727,108613,
2026-05-12 19:38:19,data/exp_instances/S13/S13_inst_18.txt,data/exp_instances/S13/plan/S13_inst_18_optimal_plan.txt,ok,7.695,1357848,606434,
2026-05-12 19:38:31,data/exp_instances/S13/S13_inst_19.txt,data/exp_instances/S13/plan/S13_inst_19_optimal_plan.txt,ok,11.488,1318868,231820,
2026-05-12 19:38:38,data/exp_instances/S13/S13_inst_20.txt,data/exp_instances/S13/plan/S13_inst_20_optimal_plan.txt,ok,7.587,950596,-969558,
2026-05-12 19:38:45,data/exp_instances/S13/S13_inst_21.txt,data/exp_instances/S13/plan/S13_inst_21_optimal_plan.txt,ok,6.855,937678,-1691946,
2026-05-12 19:38:53,data/exp_instances/S13/S13_inst_22.txt,data/exp_instances/S13/plan/S13_inst_22_optimal_plan.txt,ok,8.343,1249102,622444,
2026-05-12 19:39:01,data/exp_instances/S13/S13_inst_23.txt,data/exp_instances/S13/plan/S13_inst_23_optimal_plan.txt,ok,7.400,1328572,-76528,
2026-05-12 19:39:08,data/exp_instances/S13/S13_inst_24.txt,data/exp_instances/S13/plan/S13_inst_24_optimal_plan.txt,ok,7.458,954910,-674086,
2026-05-12 19:39:15,data/exp_instances/S13/S13_inst_25.txt,data/exp_instances/S13/plan/S13_inst_25_optimal_plan.txt,ok,7.106,1286015,407395,
2026-05-12 19:39:20,data/exp_instances/S13/S13_inst_26.txt,data/exp_instances/S13/plan/S13_inst_26_optimal_plan.txt,ok,5.070,324885,-2000641,
2026-05-12 19:39:29,data/exp_instances/S13/S13_inst_27.txt,data/exp_instances/S13/plan/S13_inst_27_optimal_plan.txt,ok,8.306,1165234,-79440,
2026-05-12 19:39:36,data/exp_instances/S13/S13_inst_28.txt,data/exp_instances/S13/plan/S13_inst_28_optimal_plan.txt,ok,7.505,1454774,471078,
2026-05-12 19:39:45,data/exp_instances/S13/S13_inst_29.txt,data/exp_instances/S13/plan/S13_inst_29_optimal_plan.txt,ok,8.523,1181040,186848,
2026-05-12 19:39:51,data/exp_instances/S13/S13_inst_30.txt,data/exp_instances/S13/plan/S13_inst_30_optimal_plan.txt,ok,6.755,805610,-547632,
2026-05-12 19:39:59,data/exp_instances/S14/S14_inst_01.txt,data/exp_instances/S14/plan/S14_inst_01_optimal_plan.txt,ok,7.353,1813782,1813782,
2026-05-12 19:40:07,data/exp_instances/S14/S14_inst_02.txt,data/exp_instances/S14/plan/S14_inst_02_optimal_plan.txt,ok,8.042,2081778,2057922,
2026-05-12 19:40:15,data/exp_instances/S14/S14_inst_03.txt,data/exp_instances/S14/plan/S14_inst_03_optimal_plan.txt,ok,7.820,1892682,1892682,
2026-05-12 19:40:22,data/exp_instances/S14/S14_inst_04.txt,data/exp_instances/S14/plan/S14_inst_04_optimal_plan.txt,ok,7.443,2013898,2013898,
2026-05-12 19:40:31,data/exp_instances/S14/S14_inst_05.txt,data/exp_instances/S14/plan/S14_inst_05_optimal_plan.txt,ok,8.417,1710899,1710899,
2026-05-12 19:40:39,data/exp_instances/S14/S14_inst_06.txt,data/exp_instances/S14/plan/S14_inst_06_optimal_plan.txt,ok,8.305,1924969,1924969,
2026-05-12 19:40:46,data/exp_instances/S14/S14_inst_07.txt,data/exp_instances/S14/plan/S14_inst_07_optimal_plan.txt,ok,7.269,1638260,1557232,
2026-05-12 19:40:52,data/exp_instances/S14/S14_inst_08.txt,data/exp_instances/S14/plan/S14_inst_08_optimal_plan.txt,ok,6.026,1842766,1828862,
2026-05-12 19:40:59,data/exp_instances/S14/S14_inst_09.txt,data/exp_instances/S14/plan/S14_inst_09_optimal_plan.txt,ok,7.307,1626327,1621195,
2026-05-12 19:41:07,data/exp_instances/S14/S14_inst_10.txt,data/exp_instances/S14/plan/S14_inst_10_optimal_plan.txt,ok,7.149,1982503,1982503,
2026-05-12 19:41:14,data/exp_instances/S14/S14_inst_11.txt,data/exp_instances/S14/plan/S14_inst_11_optimal_plan.txt,ok,6.997,1817814,1817814,
2026-05-12 19:41:20,data/exp_instances/S14/S14_inst_12.txt,data/exp_instances/S14/plan/S14_inst_12_optimal_plan.txt,ok,6.801,1785791,1785791,
2026-05-12 19:41:28,data/exp_instances/S14/S14_inst_13.txt,data/exp_instances/S14/plan/S14_inst_13_optimal_plan.txt,ok,8.000,1928165,1928165,
2026-05-12 19:41:36,data/exp_instances/S14/S14_inst_14.txt,data/exp_instances/S14/plan/S14_inst_14_optimal_plan.txt,ok,7.165,1807274,1785182,
2026-05-12 19:41:43,data/exp_instances/S14/S14_inst_15.txt,data/exp_instances/S14/plan/S14_inst_15_optimal_plan.txt,ok,7.122,1555695,1555695,
2026-05-12 19:41:50,data/exp_instances/S14/S14_inst_16.txt,data/exp_instances/S14/plan/S14_inst_16_optimal_plan.txt,ok,7.182,1584357,1584357,
2026-05-12 19:41:55,data/exp_instances/S14/S14_inst_17.txt,data/exp_instances/S14/plan/S14_inst_17_optimal_plan.txt,ok,4.837,1368172,172436,
2026-05-12 19:42:01,data/exp_instances/S14/S14_inst_18.txt,data/exp_instances/S14/plan/S14_inst_18_optimal_plan.txt,ok,6.606,1795388,1795388,
2026-05-12 19:42:08,data/exp_instances/S14/S14_inst_19.txt,data/exp_instances/S14/plan/S14_inst_19_optimal_plan.txt,ok,6.983,1913326,1913326,
2026-05-12 19:42:15,data/exp_instances/S14/S14_inst_20.txt,data/exp_instances/S14/plan/S14_inst_20_optimal_plan.txt,ok,7.002,1931697,1931697,
2026-05-12 19:42:23,data/exp_instances/S14/S14_inst_21.txt,data/exp_instances/S14/plan/S14_inst_21_optimal_plan.txt,ok,7.459,2104991,2104991,
2026-05-12 19:42:30,data/exp_instances/S14/S14_inst_22.txt,data/exp_instances/S14/plan/S14_inst_22_optimal_plan.txt,ok,7.076,1918220,1918220,
2026-05-12 19:42:37,data/exp_instances/S14/S14_inst_23.txt,data/exp_instances/S14/plan/S14_inst_23_optimal_plan.txt,ok,7.080,1919741,1919741,
2026-05-12 19:42:44,data/exp_instances/S14/S14_inst_24.txt,data/exp_instances/S14/plan/S14_inst_24_optimal_plan.txt,ok,6.745,1983560,1983560,
2026-05-12 19:42:52,data/exp_instances/S14/S14_inst_25.txt,data/exp_instances/S14/plan/S14_inst_25_optimal_plan.txt,ok,8.130,1644278,1611756,
2026-05-12 19:42:59,data/exp_instances/S14/S14_inst_26.txt,data/exp_instances/S14/plan/S14_inst_26_optimal_plan.txt,ok,7.141,1829681,1829681,
2026-05-12 19:43:06,data/exp_instances/S14/S14_inst_27.txt,data/exp_instances/S14/plan/S14_inst_27_optimal_plan.txt,ok,7.154,1857634,1857634,
2026-05-12 19:43:12,data/exp_instances/S14/S14_inst_28.txt,data/exp_instances/S14/plan/S14_inst_28_optimal_plan.txt,ok,5.367,1062532,-59502,
2026-05-12 19:43:19,data/exp_instances/S14/S14_inst_29.txt,data/exp_instances/S14/plan/S14_inst_29_optimal_plan.txt,ok,7.792,1991151,1991151,
2026-05-12 19:43:26,data/exp_instances/S14/S14_inst_30.txt,data/exp_instances/S14/plan/S14_inst_30_optimal_plan.txt,ok,6.993,1857746,1857746,
2026-05-12 19:43:26,data/exp_instances/S2/S2_inst_01.txt,data/exp_instances/S2/plan/S2_inst_01_optimal_plan.txt,ok,0.038,151660,151660,
2026-05-12 19:43:26,data/exp_instances/S2/S2_inst_02.txt,data/exp_instances/S2/plan/S2_inst_02_optimal_plan.txt,ok,0.034,116227,116227,
2026-05-12 19:43:26,data/exp_instances/S2/S2_inst_03.txt,data/exp_instances/S2/plan/S2_inst_03_optimal_plan.txt,ok,0.033,143222,143222,
2026-05-12 19:43:26,data/exp_instances/S2/S2_inst_04.txt,data/exp_instances/S2/plan/S2_inst_04_optimal_plan.txt,ok,0.040,153613,153613,
2026-05-12 19:43:26,data/exp_instances/S2/S2_inst_05.txt,data/exp_instances/S2/plan/S2_inst_05_optimal_plan.txt,ok,0.035,198431,198431,
2026-05-12 19:43:27,data/exp_instances/S2/S2_inst_06.txt,data/exp_instances/S2/plan/S2_inst_06_optimal_plan.txt,ok,0.041,182005,182005,
2026-05-12 19:43:27,data/exp_instances/S2/S2_inst_07.txt,data/exp_instances/S2/plan/S2_inst_07_optimal_plan.txt,ok,0.043,171673,171673,
2026-05-12 19:43:27,data/exp_instances/S2/S2_inst_08.txt,data/exp_instances/S2/plan/S2_inst_08_optimal_plan.txt,ok,0.045,106480,106480,
2026-05-12 19:43:27,data/exp_instances/S2/S2_inst_09.txt,data/exp_instances/S2/plan/S2_inst_09_optimal_plan.txt,ok,0.033,305776,305776,
2026-05-12 19:43:27,data/exp_instances/S2/S2_inst_10.txt,data/exp_instances/S2/plan/S2_inst_10_optimal_plan.txt,ok,0.047,96247,96247,
2026-05-12 19:43:27,data/exp_instances/S2/S2_inst_11.txt,data/exp_instances/S2/plan/S2_inst_11_optimal_plan.txt,ok,0.033,119714,119714,
2026-05-12 19:43:27,data/exp_instances/S2/S2_inst_12.txt,data/exp_instances/S2/plan/S2_inst_12_optimal_plan.txt,ok,0.033,272403,272403,
2026-05-12 19:43:27,data/exp_instances/S2/S2_inst_13.txt,data/exp_instances/S2/plan/S2_inst_13_optimal_plan.txt,ok,0.037,188928,188928,
2026-05-12 19:43:27,data/exp_instances/S2/S2_inst_14.txt,data/exp_instances/S2/plan/S2_inst_14_optimal_plan.txt,ok,0.041,194380,134568,
2026-05-12 19:43:27,data/exp_instances/S2/S2_inst_15.txt,data/exp_instances/S2/plan/S2_inst_15_optimal_plan.txt,ok,0.030,141465,141465,
2026-05-12 19:43:27,data/exp_instances/S2/S2_inst_16.txt,data/exp_instances/S2/plan/S2_inst_16_optimal_plan.txt,ok,0.039,153031,153031,
2026-05-12 19:43:27,data/exp_instances/S2/S2_inst_17.txt,data/exp_instances/S2/plan/S2_inst_17_optimal_plan.txt,ok,0.035,257620,257620,
2026-05-12 19:43:27,data/exp_instances/S2/S2_inst_18.txt,data/exp_instances/S2/plan/S2_inst_18_optimal_plan.txt,ok,0.037,155072,155072,
2026-05-12 19:43:27,data/exp_instances/S2/S2_inst_19.txt,data/exp_instances/S2/plan/S2_inst_19_optimal_plan.txt,ok,0.074,144614,144614,
2026-05-12 19:43:27,data/exp_instances/S2/S2_inst_20.txt,data/exp_instances/S2/plan/S2_inst_20_optimal_plan.txt,ok,0.031,219870,219870,
2026-05-12 19:43:27,data/exp_instances/S2/S2_inst_21.txt,data/exp_instances/S2/plan/S2_inst_21_optimal_plan.txt,ok,0.049,157509,157509,
2026-05-12 19:43:27,data/exp_instances/S2/S2_inst_22.txt,data/exp_instances/S2/plan/S2_inst_22_optimal_plan.txt,ok,0.060,121568,121568,
2026-05-12 19:43:27,data/exp_instances/S2/S2_inst_23.txt,data/exp_instances/S2/plan/S2_inst_23_optimal_plan.txt,ok,0.043,159561,159561,
2026-05-12 19:43:27,data/exp_instances/S2/S2_inst_24.txt,data/exp_instances/S2/plan/S2_inst_24_optimal_plan.txt,ok,0.038,231965,177497,
2026-05-12 19:43:27,data/exp_instances/S2/S2_inst_25.txt,data/exp_instances/S2/plan/S2_inst_25_optimal_plan.txt,ok,0.037,195889,195889,
2026-05-12 19:43:27,data/exp_instances/S2/S2_inst_26.txt,data/exp_instances/S2/plan/S2_inst_26_optimal_plan.txt,ok,0.035,136033,136033,
2026-05-12 19:43:27,data/exp_instances/S2/S2_inst_27.txt,data/exp_instances/S2/plan/S2_inst_27_optimal_plan.txt,ok,0.040,167778,167778,
2026-05-12 19:43:27,data/exp_instances/S2/S2_inst_28.txt,data/exp_instances/S2/plan/S2_inst_28_optimal_plan.txt,ok,0.039,169536,169536,
2026-05-12 19:43:27,data/exp_instances/S2/S2_inst_29.txt,data/exp_instances/S2/plan/S2_inst_29_optimal_plan.txt,ok,0.044,148091,148091,
2026-05-12 19:43:28,data/exp_instances/S2/S2_inst_30.txt,data/exp_instances/S2/plan/S2_inst_30_optimal_plan.txt,ok,0.040,130220,130220,
2026-05-12 19:43:28,data/exp_instances/S3/S3_inst_01.txt,data/exp_instances/S3/plan/S3_inst_01_optimal_plan.txt,ok,0.303,616066,616066,
2026-05-12 19:43:28,data/exp_instances/S3/S3_inst_02.txt,data/exp_instances/S3/plan/S3_inst_02_optimal_plan.txt,ok,0.307,539819,539819,
2026-05-12 19:43:29,data/exp_instances/S3/S3_inst_03.txt,data/exp_instances/S3/plan/S3_inst_03_optimal_plan.txt,ok,0.456,515235,515235,
2026-05-12 19:43:29,data/exp_instances/S3/S3_inst_04.txt,data/exp_instances/S3/plan/S3_inst_04_optimal_plan.txt,ok,0.326,462023,462023,
2026-05-12 19:43:29,data/exp_instances/S3/S3_inst_05.txt,data/exp_instances/S3/plan/S3_inst_05_optimal_plan.txt,ok,0.382,490314,490314,
2026-05-12 19:43:30,data/exp_instances/S3/S3_inst_06.txt,data/exp_instances/S3/plan/S3_inst_06_optimal_plan.txt,ok,0.317,507162,507162,
2026-05-12 19:43:30,data/exp_instances/S3/S3_inst_07.txt,data/exp_instances/S3/plan/S3_inst_07_optimal_plan.txt,ok,0.318,676874,676874,
2026-05-12 19:43:30,data/exp_instances/S3/S3_inst_08.txt,data/exp_instances/S3/plan/S3_inst_08_optimal_plan.txt,ok,0.332,573058,573058,
2026-05-12 19:43:31,data/exp_instances/S3/S3_inst_09.txt,data/exp_instances/S3/plan/S3_inst_09_optimal_plan.txt,ok,0.348,522077,522077,
2026-05-12 19:43:31,data/exp_instances/S3/S3_inst_10.txt,data/exp_instances/S3/plan/S3_inst_10_optimal_plan.txt,ok,0.347,598875,598875,
2026-05-12 19:43:31,data/exp_instances/S3/S3_inst_11.txt,data/exp_instances/S3/plan/S3_inst_11_optimal_plan.txt,ok,0.306,501605,501605,
2026-05-12 19:43:32,data/exp_instances/S3/S3_inst_12.txt,data/exp_instances/S3/plan/S3_inst_12_optimal_plan.txt,ok,0.369,643592,643592,
2026-05-12 19:43:32,data/exp_instances/S3/S3_inst_13.txt,data/exp_instances/S3/plan/S3_inst_13_optimal_plan.txt,ok,0.317,662988,662988,
2026-05-12 19:43:32,data/exp_instances/S3/S3_inst_14.txt,data/exp_instances/S3/plan/S3_inst_14_optimal_plan.txt,ok,0.333,638669,638669,
2026-05-12 19:43:33,data/exp_instances/S3/S3_inst_15.txt,data/exp_instances/S3/plan/S3_inst_15_optimal_plan.txt,ok,0.331,516389,516389,
2026-05-12 19:43:33,data/exp_instances/S3/S3_inst_16.txt,data/exp_instances/S3/plan/S3_inst_16_optimal_plan.txt,ok,0.331,507186,507186,
2026-05-12 19:43:33,data/exp_instances/S3/S3_inst_17.txt,data/exp_instances/S3/plan/S3_inst_17_optimal_plan.txt,ok,0.313,739798,739798,
2026-05-12 19:43:34,data/exp_instances/S3/S3_inst_18.txt,data/exp_instances/S3/plan/S3_inst_18_optimal_plan.txt,ok,0.364,616072,586264,
2026-05-12 19:43:34,data/exp_instances/S3/S3_inst_19.txt,data/exp_instances/S3/plan/S3_inst_19_optimal_plan.txt,ok,0.341,651592,651592,
2026-05-12 19:43:34,data/exp_instances/S3/S3_inst_20.txt,data/exp_instances/S3/plan/S3_inst_20_optimal_plan.txt,ok,0.287,555688,552062,
2026-05-12 19:43:35,data/exp_instances/S3/S3_inst_21.txt,data/exp_instances/S3/plan/S3_inst_21_optimal_plan.txt,ok,0.323,673678,673678,
2026-05-12 19:43:35,data/exp_instances/S3/S3_inst_22.txt,data/exp_instances/S3/plan/S3_inst_22_optimal_plan.txt,ok,0.382,650576,650576,
2026-05-12 19:43:35,data/exp_instances/S3/S3_inst_23.txt,data/exp_instances/S3/plan/S3_inst_23_optimal_plan.txt,ok,0.308,373771,355699,
2026-05-12 19:43:36,data/exp_instances/S3/S3_inst_24.txt,data/exp_instances/S3/plan/S3_inst_24_optimal_plan.txt,ok,0.398,529561,529561,
2026-05-12 19:43:36,data/exp_instances/S3/S3_inst_25.txt,data/exp_instances/S3/plan/S3_inst_25_optimal_plan.txt,ok,0.348,610994,610994,
2026-05-12 19:43:36,data/exp_instances/S3/S3_inst_26.txt,data/exp_instances/S3/plan/S3_inst_26_optimal_plan.txt,ok,0.318,567814,567814,
2026-05-12 19:43:37,data/exp_instances/S3/S3_inst_27.txt,data/exp_instances/S3/plan/S3_inst_27_optimal_plan.txt,ok,0.323,666085,545381,
2026-05-12 19:43:37,data/exp_instances/S3/S3_inst_28.txt,data/exp_instances/S3/plan/S3_inst_28_optimal_plan.txt,ok,0.312,558684,558684,
2026-05-12 19:43:37,data/exp_instances/S3/S3_inst_29.txt,data/exp_instances/S3/plan/S3_inst_29_optimal_plan.txt,ok,0.342,435945,435945,
2026-05-12 19:43:38,data/exp_instances/S3/S3_inst_30.txt,data/exp_instances/S3/plan/S3_inst_30_optimal_plan.txt,ok,0.294,647630,595298,
2026-05-12 19:44:26,data/exp_instances/S4/S4_inst_01.txt,data/exp_instances/S4/plan/S4_inst_01_optimal_plan.txt,ok,48.691,4368570,4245146,
2026-05-12 19:45:30,data/exp_instances/S4/S4_inst_02.txt,data/exp_instances/S4/plan/S4_inst_02_optimal_plan.txt,ok,63.811,4495979,4463651,
2026-05-12 19:46:34,data/exp_instances/S4/S4_inst_03.txt,data/exp_instances/S4/plan/S4_inst_03_optimal_plan.txt,ok,64.174,4871285,4871285,
2026-05-12 19:47:36,data/exp_instances/S4/S4_inst_04.txt,data/exp_instances/S4/plan/S4_inst_04_optimal_plan.txt,ok,61.755,4166811,4100045,
2026-05-12 19:48:45,data/exp_instances/S4/S4_inst_05.txt,data/exp_instances/S4/plan/S4_inst_05_optimal_plan.txt,ok,69.122,5341467,5329533,
2026-05-12 19:49:53,data/exp_instances/S4/S4_inst_06.txt,data/exp_instances/S4/plan/S4_inst_06_optimal_plan.txt,ok,68.201,4484783,4484783,
2026-05-12 19:50:58,data/exp_instances/S4/S4_inst_07.txt,data/exp_instances/S4/plan/S4_inst_07_optimal_plan.txt,ok,64.425,4216457,4161415,
2026-05-12 19:51:51,data/exp_instances/S4/S4_inst_08.txt,data/exp_instances/S4/plan/S4_inst_08_optimal_plan.txt,ok,53.488,4623355,4612533,
2026-05-12 19:52:26,data/exp_instances/S4/S4_inst_09.txt,data/exp_instances/S4/plan/S4_inst_09_optimal_plan.txt,ok,34.719,3889025,2492955,
2026-05-12 19:53:30,data/exp_instances/S4/S4_inst_10.txt,data/exp_instances/S4/plan/S4_inst_10_optimal_plan.txt,ok,64.416,4041091,4041091,
2026-05-12 19:54:32,data/exp_instances/S4/S4_inst_11.txt,data/exp_instances/S4/plan/S4_inst_11_optimal_plan.txt,ok,61.519,5019639,5019639,
2026-05-12 19:55:26,data/exp_instances/S4/S4_inst_12.txt,data/exp_instances/S4/plan/S4_inst_12_optimal_plan.txt,ok,54.485,4907159,4907159,
2026-05-12 19:56:29,data/exp_instances/S4/S4_inst_13.txt,data/exp_instances/S4/plan/S4_inst_13_optimal_plan.txt,ok,62.682,4483632,4483632,
2026-05-12 19:57:25,data/exp_instances/S4/S4_inst_14.txt,data/exp_instances/S4/plan/S4_inst_14_optimal_plan.txt,ok,55.647,4244900,4244900,
2026-05-12 19:58:22,data/exp_instances/S4/S4_inst_15.txt,data/exp_instances/S4/plan/S4_inst_15_optimal_plan.txt,ok,56.791,4974382,4974382,
2026-05-12 19:59:23,data/exp_instances/S4/S4_inst_16.txt,data/exp_instances/S4/plan/S4_inst_16_optimal_plan.txt,ok,61.360,4840331,4766659,
2026-05-12 20:00:23,data/exp_instances/S4/S4_inst_17.txt,data/exp_instances/S4/plan/S4_inst_17_optimal_plan.txt,ok,59.855,4108614,4057486,
2026-05-12 20:01:24,data/exp_instances/S4/S4_inst_18.txt,data/exp_instances/S4/plan/S4_inst_18_optimal_plan.txt,ok,60.863,4341089,4271529,
2026-05-12 20:02:30,data/exp_instances/S4/S4_inst_19.txt,data/exp_instances/S4/plan/S4_inst_19_optimal_plan.txt,ok,66.521,4455137,4455137,
2026-05-12 20:03:34,data/exp_instances/S4/S4_inst_20.txt,data/exp_instances/S4/plan/S4_inst_20_optimal_plan.txt,ok,63.392,5089646,5089646,
2026-05-12 20:04:40,data/exp_instances/S4/S4_inst_21.txt,data/exp_instances/S4/plan/S4_inst_21_optimal_plan.txt,ok,66.930,4765457,4765457,
2026-05-12 20:05:40,data/exp_instances/S4/S4_inst_22.txt,data/exp_instances/S4/plan/S4_inst_22_optimal_plan.txt,ok,59.849,5348070,5348070,
2026-05-12 20:06:40,data/exp_instances/S4/S4_inst_23.txt,data/exp_instances/S4/plan/S4_inst_23_optimal_plan.txt,ok,60.086,4541113,4541113,
2026-05-12 20:07:38,data/exp_instances/S4/S4_inst_24.txt,data/exp_instances/S4/plan/S4_inst_24_optimal_plan.txt,ok,57.308,4593533,4386677,
2026-05-12 20:08:37,data/exp_instances/S4/S4_inst_25.txt,data/exp_instances/S4/plan/S4_inst_25_optimal_plan.txt,ok,59.064,4354430,4354430,
2026-05-12 20:09:45,data/exp_instances/S4/S4_inst_26.txt,data/exp_instances/S4/plan/S4_inst_26_optimal_plan.txt,ok,67.901,3988335,3904175,
2026-05-12 20:10:48,data/exp_instances/S4/S4_inst_27.txt,data/exp_instances/S4/plan/S4_inst_27_optimal_plan.txt,ok,63.468,4248133,4248133,
2026-05-12 20:11:48,data/exp_instances/S4/S4_inst_28.txt,data/exp_instances/S4/plan/S4_inst_28_optimal_plan.txt,ok,59.625,4866084,4866084,
2026-05-12 20:12:54,data/exp_instances/S4/S4_inst_29.txt,data/exp_instances/S4/plan/S4_inst_29_optimal_plan.txt,ok,66.503,5005962,4929138,
2026-05-12 20:14:01,data/exp_instances/S4/S4_inst_30.txt,data/exp_instances/S4/plan/S4_inst_30_optimal_plan.txt,ok,66.635,5529731,5505071,
2026-05-12 20:14:09,data/exp_instances/S5/S5_inst_01.txt,data/exp_instances/S5/plan/S5_inst_01_optimal_plan.txt,ok,7.720,1670050,1670050,
2026-05-12 20:14:14,data/exp_instances/S5/S5_inst_02.txt,data/exp_instances/S5/plan/S5_inst_02_optimal_plan.txt,ok,5.421,1815287,1720307,
2026-05-12 20:14:22,data/exp_instances/S5/S5_inst_03.txt,data/exp_instances/S5/plan/S5_inst_03_optimal_plan.txt,ok,7.978,1618603,1618603,
2026-05-12 20:14:28,data/exp_instances/S5/S5_inst_04.txt,data/exp_instances/S5/plan/S5_inst_04_optimal_plan.txt,ok,5.888,1767319,1670351,
2026-05-12 20:14:35,data/exp_instances/S5/S5_inst_05.txt,data/exp_instances/S5/plan/S5_inst_05_optimal_plan.txt,ok,7.413,1410427,1410427,
2026-05-12 20:14:41,data/exp_instances/S5/S5_inst_06.txt,data/exp_instances/S5/plan/S5_inst_06_optimal_plan.txt,ok,5.659,1600796,1568036,
2026-05-12 20:14:48,data/exp_instances/S5/S5_inst_07.txt,data/exp_instances/S5/plan/S5_inst_07_optimal_plan.txt,ok,7.299,1891533,1891533,
2026-05-12 20:14:56,data/exp_instances/S5/S5_inst_08.txt,data/exp_instances/S5/plan/S5_inst_08_optimal_plan.txt,ok,7.930,1446234,1391724,
2026-05-12 20:15:04,data/exp_instances/S5/S5_inst_09.txt,data/exp_instances/S5/plan/S5_inst_09_optimal_plan.txt,ok,7.745,1664271,1664271,
2026-05-12 20:15:11,data/exp_instances/S5/S5_inst_10.txt,data/exp_instances/S5/plan/S5_inst_10_optimal_plan.txt,ok,7.319,1727472,1727472,
2026-05-12 20:15:19,data/exp_instances/S5/S5_inst_11.txt,data/exp_instances/S5/plan/S5_inst_11_optimal_plan.txt,ok,8.051,1621266,1621266,
2026-05-12 20:15:27,data/exp_instances/S5/S5_inst_12.txt,data/exp_instances/S5/plan/S5_inst_12_optimal_plan.txt,ok,7.142,1358693,1339161,
2026-05-12 20:15:34,data/exp_instances/S5/S5_inst_13.txt,data/exp_instances/S5/plan/S5_inst_13_optimal_plan.txt,ok,7.966,1826438,1826438,
2026-05-12 20:15:42,data/exp_instances/S5/S5_inst_14.txt,data/exp_instances/S5/plan/S5_inst_14_optimal_plan.txt,ok,7.806,1841775,1841775,
2026-05-12 20:15:50,data/exp_instances/S5/S5_inst_15.txt,data/exp_instances/S5/plan/S5_inst_15_optimal_plan.txt,ok,7.681,1826281,1826281,
2026-05-12 20:15:58,data/exp_instances/S5/S5_inst_16.txt,data/exp_instances/S5/plan/S5_inst_16_optimal_plan.txt,ok,8.396,1939018,1939018,
2026-05-12 20:16:07,data/exp_instances/S5/S5_inst_17.txt,data/exp_instances/S5/plan/S5_inst_17_optimal_plan.txt,ok,8.251,1897327,1897327,
2026-05-12 20:16:16,data/exp_instances/S5/S5_inst_18.txt,data/exp_instances/S5/plan/S5_inst_18_optimal_plan.txt,ok,9.131,1444713,1374621,
2026-05-12 20:16:24,data/exp_instances/S5/S5_inst_19.txt,data/exp_instances/S5/plan/S5_inst_19_optimal_plan.txt,ok,8.409,1857744,1857744,
2026-05-12 20:16:32,data/exp_instances/S5/S5_inst_20.txt,data/exp_instances/S5/plan/S5_inst_20_optimal_plan.txt,ok,7.680,1789522,1789522,
2026-05-12 20:16:39,data/exp_instances/S5/S5_inst_21.txt,data/exp_instances/S5/plan/S5_inst_21_optimal_plan.txt,ok,7.441,1526558,1526558,
2026-05-12 20:16:47,data/exp_instances/S5/S5_inst_22.txt,data/exp_instances/S5/plan/S5_inst_22_optimal_plan.txt,ok,7.833,1734757,1734757,
2026-05-12 20:16:55,data/exp_instances/S5/S5_inst_23.txt,data/exp_instances/S5/plan/S5_inst_23_optimal_plan.txt,ok,7.729,1751175,1751175,
2026-05-12 20:17:03,data/exp_instances/S5/S5_inst_24.txt,data/exp_instances/S5/plan/S5_inst_24_optimal_plan.txt,ok,8.163,1478435,1478435,
2026-05-12 20:17:11,data/exp_instances/S5/S5_inst_25.txt,data/exp_instances/S5/plan/S5_inst_25_optimal_plan.txt,ok,7.724,1596422,1596422,
2026-05-12 20:17:19,data/exp_instances/S5/S5_inst_26.txt,data/exp_instances/S5/plan/S5_inst_26_optimal_plan.txt,ok,7.798,1886837,1886837,
2026-05-12 20:17:26,data/exp_instances/S5/S5_inst_27.txt,data/exp_instances/S5/plan/S5_inst_27_optimal_plan.txt,ok,7.685,1978045,1978045,
2026-05-12 20:17:34,data/exp_instances/S5/S5_inst_28.txt,data/exp_instances/S5/plan/S5_inst_28_optimal_plan.txt,ok,7.666,1547922,1547922,
2026-05-12 20:17:42,data/exp_instances/S5/S5_inst_29.txt,data/exp_instances/S5/plan/S5_inst_29_optimal_plan.txt,ok,7.912,1968484,1968484,
2026-05-12 20:17:49,data/exp_instances/S5/S5_inst_30.txt,data/exp_instances/S5/plan/S5_inst_30_optimal_plan.txt,ok,7.645,1881845,1881845,
2026-05-12 20:17:57,data/exp_instances/S6/S6_inst_01.txt,data/exp_instances/S6/plan/S6_inst_01_optimal_plan.txt,ok,7.697,1893458,1893458,
2026-05-12 20:18:05,data/exp_instances/S6/S6_inst_02.txt,data/exp_instances/S6/plan/S6_inst_02_optimal_plan.txt,ok,7.640,1857071,1857071,
2026-05-12 20:18:11,data/exp_instances/S6/S6_inst_03.txt,data/exp_instances/S6/plan/S6_inst_03_optimal_plan.txt,ok,6.615,2065068,2065068,
2026-05-12 20:18:19,data/exp_instances/S6/S6_inst_04.txt,data/exp_instances/S6/plan/S6_inst_04_optimal_plan.txt,ok,7.512,2212228,2212228,
2026-05-12 20:18:28,data/exp_instances/S6/S6_inst_05.txt,data/exp_instances/S6/plan/S6_inst_05_optimal_plan.txt,ok,8.660,1674750,1674750,
2026-05-12 20:18:36,data/exp_instances/S6/S6_inst_06.txt,data/exp_instances/S6/plan/S6_inst_06_optimal_plan.txt,ok,8.235,1922003,1825883,
2026-05-12 20:18:44,data/exp_instances/S6/S6_inst_07.txt,data/exp_instances/S6/plan/S6_inst_07_optimal_plan.txt,ok,7.879,2255615,2255615,
2026-05-12 20:18:51,data/exp_instances/S6/S6_inst_08.txt,data/exp_instances/S6/plan/S6_inst_08_optimal_plan.txt,ok,7.798,1986421,1986421,
2026-05-12 20:18:59,data/exp_instances/S6/S6_inst_09.txt,data/exp_instances/S6/plan/S6_inst_09_optimal_plan.txt,ok,7.718,1988929,1988929,
2026-05-12 20:19:07,data/exp_instances/S6/S6_inst_10.txt,data/exp_instances/S6/plan/S6_inst_10_optimal_plan.txt,ok,7.657,1979751,1979751,
2026-05-12 20:19:14,data/exp_instances/S6/S6_inst_11.txt,data/exp_instances/S6/plan/S6_inst_11_optimal_plan.txt,ok,7.089,1831849,1831849,
2026-05-12 20:19:21,data/exp_instances/S6/S6_inst_12.txt,data/exp_instances/S6/plan/S6_inst_12_optimal_plan.txt,ok,7.179,2077695,2077695,
2026-05-12 20:19:28,data/exp_instances/S6/S6_inst_13.txt,data/exp_instances/S6/plan/S6_inst_13_optimal_plan.txt,ok,6.837,2049033,2049033,
2026-05-12 20:19:36,data/exp_instances/S6/S6_inst_14.txt,data/exp_instances/S6/plan/S6_inst_14_optimal_plan.txt,ok,8.064,2292322,2292322,
2026-05-12 20:19:45,data/exp_instances/S6/S6_inst_15.txt,data/exp_instances/S6/plan/S6_inst_15_optimal_plan.txt,ok,8.599,2077026,2077026,
2026-05-12 20:19:52,data/exp_instances/S6/S6_inst_16.txt,data/exp_instances/S6/plan/S6_inst_16_optimal_plan.txt,ok,7.724,1961208,1961208,
2026-05-12 20:19:59,data/exp_instances/S6/S6_inst_17.txt,data/exp_instances/S6/plan/S6_inst_17_optimal_plan.txt,ok,6.307,1681498,1602774,
2026-05-12 20:20:06,data/exp_instances/S6/S6_inst_18.txt,data/exp_instances/S6/plan/S6_inst_18_optimal_plan.txt,ok,7.574,1407055,1395491,
2026-05-12 20:20:15,data/exp_instances/S6/S6_inst_19.txt,data/exp_instances/S6/plan/S6_inst_19_optimal_plan.txt,ok,8.316,2102591,2102591,
2026-05-12 20:20:22,data/exp_instances/S6/S6_inst_20.txt,data/exp_instances/S6/plan/S6_inst_20_optimal_plan.txt,ok,7.941,1887572,1887572,
2026-05-12 20:20:30,data/exp_instances/S6/S6_inst_21.txt,data/exp_instances/S6/plan/S6_inst_21_optimal_plan.txt,ok,7.500,1739946,1739946,
2026-05-12 20:20:37,data/exp_instances/S6/S6_inst_22.txt,data/exp_instances/S6/plan/S6_inst_22_optimal_plan.txt,ok,6.988,2147675,2147675,
2026-05-12 20:20:44,data/exp_instances/S6/S6_inst_23.txt,data/exp_instances/S6/plan/S6_inst_23_optimal_plan.txt,ok,7.282,1702475,1034377,
2026-05-12 20:20:51,data/exp_instances/S6/S6_inst_24.txt,data/exp_instances/S6/plan/S6_inst_24_optimal_plan.txt,ok,7.152,1961059,1950195,
2026-05-12 20:20:58,data/exp_instances/S6/S6_inst_25.txt,data/exp_instances/S6/plan/S6_inst_25_optimal_plan.txt,ok,6.749,1750029,1750029,
2026-05-12 20:21:04,data/exp_instances/S6/S6_inst_26.txt,data/exp_instances/S6/plan/S6_inst_26_optimal_plan.txt,ok,5.887,1220376,84540,
2026-05-12 20:21:12,data/exp_instances/S6/S6_inst_27.txt,data/exp_instances/S6/plan/S6_inst_27_optimal_plan.txt,ok,7.532,1910975,1910975,
2026-05-12 20:21:19,data/exp_instances/S6/S6_inst_28.txt,data/exp_instances/S6/plan/S6_inst_28_optimal_plan.txt,ok,7.265,1874015,1874015,
2026-05-12 20:21:26,data/exp_instances/S6/S6_inst_29.txt,data/exp_instances/S6/plan/S6_inst_29_optimal_plan.txt,ok,7.613,1762615,1762615,
2026-05-12 20:21:34,data/exp_instances/S6/S6_inst_30.txt,data/exp_instances/S6/plan/S6_inst_30_optimal_plan.txt,ok,7.650,2066692,2066692,
2026-05-12 20:21:41,data/exp_instances/S7/S7_inst_01.txt,data/exp_instances/S7/plan/S7_inst_01_optimal_plan.txt,ok,6.915,1954527,1954527,
2026-05-12 20:21:47,data/exp_instances/S7/S7_inst_02.txt,data/exp_instances/S7/plan/S7_inst_02_optimal_plan.txt,ok,6.399,2024171,1626945,
2026-05-12 20:21:55,data/exp_instances/S7/S7_inst_03.txt,data/exp_instances/S7/plan/S7_inst_03_optimal_plan.txt,ok,7.505,1990041,1990041,
2026-05-12 20:22:02,data/exp_instances/S7/S7_inst_04.txt,data/exp_instances/S7/plan/S7_inst_04_optimal_plan.txt,ok,7.513,1817887,1817887,
2026-05-12 20:22:09,data/exp_instances/S7/S7_inst_05.txt,data/exp_instances/S7/plan/S7_inst_05_optimal_plan.txt,ok,6.836,1921815,1921815,
2026-05-12 20:22:16,data/exp_instances/S7/S7_inst_06.txt,data/exp_instances/S7/plan/S7_inst_06_optimal_plan.txt,ok,6.911,2080882,2080882,
2026-05-12 20:22:24,data/exp_instances/S7/S7_inst_07.txt,data/exp_instances/S7/plan/S7_inst_07_optimal_plan.txt,ok,8.124,1928490,1912914,
2026-05-12 20:22:31,data/exp_instances/S7/S7_inst_08.txt,data/exp_instances/S7/plan/S7_inst_08_optimal_plan.txt,ok,6.822,1466892,1425252,
2026-05-12 20:22:39,data/exp_instances/S7/S7_inst_09.txt,data/exp_instances/S7/plan/S7_inst_09_optimal_plan.txt,ok,7.521,1970509,1970509,
2026-05-12 20:22:45,data/exp_instances/S7/S7_inst_10.txt,data/exp_instances/S7/plan/S7_inst_10_optimal_plan.txt,ok,6.481,1919876,1919876,
2026-05-12 20:22:52,data/exp_instances/S7/S7_inst_11.txt,data/exp_instances/S7/plan/S7_inst_11_optimal_plan.txt,ok,7.079,2244341,2244341,
2026-05-12 20:22:59,data/exp_instances/S7/S7_inst_12.txt,data/exp_instances/S7/plan/S7_inst_12_optimal_plan.txt,ok,6.955,1706308,1706308,
2026-05-12 20:23:06,data/exp_instances/S7/S7_inst_13.txt,data/exp_instances/S7/plan/S7_inst_13_optimal_plan.txt,ok,7.151,2025658,2025658,
2026-05-12 20:23:14,data/exp_instances/S7/S7_inst_14.txt,data/exp_instances/S7/plan/S7_inst_14_optimal_plan.txt,ok,7.232,2026272,2026272,
2026-05-12 20:23:21,data/exp_instances/S7/S7_inst_15.txt,data/exp_instances/S7/plan/S7_inst_15_optimal_plan.txt,ok,7.185,1578418,1531200,
2026-05-12 20:23:28,data/exp_instances/S7/S7_inst_16.txt,data/exp_instances/S7/plan/S7_inst_16_optimal_plan.txt,ok,6.980,1657763,1654259,
2026-05-12 20:23:35,data/exp_instances/S7/S7_inst_17.txt,data/exp_instances/S7/plan/S7_inst_17_optimal_plan.txt,ok,7.610,1916394,1916394,
2026-05-12 20:23:42,data/exp_instances/S7/S7_inst_18.txt,data/exp_instances/S7/plan/S7_inst_18_optimal_plan.txt,ok,6.837,2087962,2087962,
2026-05-12 20:23:50,data/exp_instances/S7/S7_inst_19.txt,data/exp_instances/S7/plan/S7_inst_19_optimal_plan.txt,ok,7.606,1627222,1627222,
2026-05-12 20:23:57,data/exp_instances/S7/S7_inst_20.txt,data/exp_instances/S7/plan/S7_inst_20_optimal_plan.txt,ok,7.302,1807058,1807058,
2026-05-12 20:24:04,data/exp_instances/S7/S7_inst_21.txt,data/exp_instances/S7/plan/S7_inst_21_optimal_plan.txt,ok,6.976,1344533,1058551,
2026-05-12 20:24:12,data/exp_instances/S7/S7_inst_22.txt,data/exp_instances/S7/plan/S7_inst_22_optimal_plan.txt,ok,7.683,1808125,1808125,
2026-05-12 20:24:19,data/exp_instances/S7/S7_inst_23.txt,data/exp_instances/S7/plan/S7_inst_23_optimal_plan.txt,ok,6.874,1805622,1805622,
2026-05-12 20:24:26,data/exp_instances/S7/S7_inst_24.txt,data/exp_instances/S7/plan/S7_inst_24_optimal_plan.txt,ok,7.608,1971721,1875037,
2026-05-12 20:24:34,data/exp_instances/S7/S7_inst_25.txt,data/exp_instances/S7/plan/S7_inst_25_optimal_plan.txt,ok,8.198,1884111,1884111,
2026-05-12 20:24:41,data/exp_instances/S7/S7_inst_26.txt,data/exp_instances/S7/plan/S7_inst_26_optimal_plan.txt,ok,6.893,1965091,1965091,
2026-05-12 20:24:48,data/exp_instances/S7/S7_inst_27.txt,data/exp_instances/S7/plan/S7_inst_27_optimal_plan.txt,ok,7.048,1566987,1457709,
2026-05-12 20:24:55,data/exp_instances/S7/S7_inst_28.txt,data/exp_instances/S7/plan/S7_inst_28_optimal_plan.txt,ok,6.840,1407407,1393005,
2026-05-12 20:25:02,data/exp_instances/S7/S7_inst_29.txt,data/exp_instances/S7/plan/S7_inst_29_optimal_plan.txt,ok,6.750,2037348,2037348,
2026-05-12 20:25:09,data/exp_instances/S7/S7_inst_30.txt,data/exp_instances/S7/plan/S7_inst_30_optimal_plan.txt,ok,7.345,1812962,1812962,
2026-05-12 20:25:16,data/exp_instances/S8/S8_inst_01.txt,data/exp_instances/S8/plan/S8_inst_01_optimal_plan.txt,ok,6.689,1469867,1392105,
2026-05-12 20:25:23,data/exp_instances/S8/S8_inst_02.txt,data/exp_instances/S8/plan/S8_inst_02_optimal_plan.txt,ok,7.015,1874352,1874352,
2026-05-12 20:25:31,data/exp_instances/S8/S8_inst_03.txt,data/exp_instances/S8/plan/S8_inst_03_optimal_plan.txt,ok,7.665,1979061,1979061,
2026-05-12 20:25:38,data/exp_instances/S8/S8_inst_04.txt,data/exp_instances/S8/plan/S8_inst_04_optimal_plan.txt,ok,7.748,1655807,1655807,
2026-05-12 20:25:47,data/exp_instances/S8/S8_inst_05.txt,data/exp_instances/S8/plan/S8_inst_05_optimal_plan.txt,ok,8.623,1880022,1880022,
2026-05-12 20:25:54,data/exp_instances/S8/S8_inst_06.txt,data/exp_instances/S8/plan/S8_inst_06_optimal_plan.txt,ok,7.178,1762008,1762008,
2026-05-12 20:26:02,data/exp_instances/S8/S8_inst_07.txt,data/exp_instances/S8/plan/S8_inst_07_optimal_plan.txt,ok,7.486,2034182,2034182,
2026-05-12 20:26:10,data/exp_instances/S8/S8_inst_08.txt,data/exp_instances/S8/plan/S8_inst_08_optimal_plan.txt,ok,8.129,1906624,1906624,
2026-05-12 20:26:17,data/exp_instances/S8/S8_inst_09.txt,data/exp_instances/S8/plan/S8_inst_09_optimal_plan.txt,ok,6.864,2177527,2177527,
2026-05-12 20:26:25,data/exp_instances/S8/S8_inst_10.txt,data/exp_instances/S8/plan/S8_inst_10_optimal_plan.txt,ok,7.909,2090613,2090613,
2026-05-12 20:26:32,data/exp_instances/S8/S8_inst_11.txt,data/exp_instances/S8/plan/S8_inst_11_optimal_plan.txt,ok,7.158,2203484,2203484,
2026-05-12 20:26:39,data/exp_instances/S8/S8_inst_12.txt,data/exp_instances/S8/plan/S8_inst_12_optimal_plan.txt,ok,7.118,1920552,1920552,
2026-05-12 20:26:46,data/exp_instances/S8/S8_inst_13.txt,data/exp_instances/S8/plan/S8_inst_13_optimal_plan.txt,ok,6.648,1720037,1695783,
2026-05-12 20:26:54,data/exp_instances/S8/S8_inst_14.txt,data/exp_instances/S8/plan/S8_inst_14_optimal_plan.txt,ok,8.621,1754603,1754603,
2026-05-12 20:27:02,data/exp_instances/S8/S8_inst_15.txt,data/exp_instances/S8/plan/S8_inst_15_optimal_plan.txt,ok,7.488,1794980,1794980,
2026-05-12 20:27:10,data/exp_instances/S8/S8_inst_16.txt,data/exp_instances/S8/plan/S8_inst_16_optimal_plan.txt,ok,8.063,1657752,1657752,
2026-05-12 20:27:17,data/exp_instances/S8/S8_inst_17.txt,data/exp_instances/S8/plan/S8_inst_17_optimal_plan.txt,ok,7.053,2020963,2020963,
2026-05-12 20:27:24,data/exp_instances/S8/S8_inst_18.txt,data/exp_instances/S8/plan/S8_inst_18_optimal_plan.txt,ok,7.063,1677752,1677752,
2026-05-12 20:27:29,data/exp_instances/S8/S8_inst_19.txt,data/exp_instances/S8/plan/S8_inst_19_optimal_plan.txt,ok,5.566,1122898,177788,
2026-05-12 20:27:36,data/exp_instances/S8/S8_inst_20.txt,data/exp_instances/S8/plan/S8_inst_20_optimal_plan.txt,ok,6.251,1466435,1121861,
2026-05-12 20:27:43,data/exp_instances/S8/S8_inst_21.txt,data/exp_instances/S8/plan/S8_inst_21_optimal_plan.txt,ok,6.907,1962008,1962008,
2026-05-12 20:27:50,data/exp_instances/S8/S8_inst_22.txt,data/exp_instances/S8/plan/S8_inst_22_optimal_plan.txt,ok,6.980,2058141,1477587,
2026-05-12 20:27:56,data/exp_instances/S8/S8_inst_23.txt,data/exp_instances/S8/plan/S8_inst_23_optimal_plan.txt,ok,6.748,1988812,1988812,
2026-05-12 20:28:03,data/exp_instances/S8/S8_inst_24.txt,data/exp_instances/S8/plan/S8_inst_24_optimal_plan.txt,ok,6.892,1738843,1738843,
2026-05-12 20:28:11,data/exp_instances/S8/S8_inst_25.txt,data/exp_instances/S8/plan/S8_inst_25_optimal_plan.txt,ok,7.356,1887929,1887929,
2026-05-12 20:28:17,data/exp_instances/S8/S8_inst_26.txt,data/exp_instances/S8/plan/S8_inst_26_optimal_plan.txt,ok,6.844,1844283,1768293,
2026-05-12 20:28:25,data/exp_instances/S8/S8_inst_27.txt,data/exp_instances/S8/plan/S8_inst_27_optimal_plan.txt,ok,7.721,1650015,1595399,
2026-05-12 20:28:32,data/exp_instances/S8/S8_inst_28.txt,data/exp_instances/S8/plan/S8_inst_28_optimal_plan.txt,ok,6.928,1667037,1667037,
2026-05-12 20:28:40,data/exp_instances/S8/S8_inst_29.txt,data/exp_instances/S8/plan/S8_inst_29_optimal_plan.txt,ok,8.171,1913319,1885883,
2026-05-12 20:28:48,data/exp_instances/S8/S8_inst_30.txt,data/exp_instances/S8/plan/S8_inst_30_optimal_plan.txt,ok,8.214,2135666,2135666,
2026-05-12 20:28:56,data/exp_instances/S9/S9_inst_01.txt,data/exp_instances/S9/plan/S9_inst_01_optimal_plan.txt,ok,8.047,2084037,2084037,
2026-05-12 20:29:03,data/exp_instances/S9/S9_inst_02.txt,data/exp_instances/S9/plan/S9_inst_02_optimal_plan.txt,ok,6.269,1685863,1685863,
2026-05-12 20:29:09,data/exp_instances/S9/S9_inst_03.txt,data/exp_instances/S9/plan/S9_inst_03_optimal_plan.txt,ok,5.842,2117582,2117582,
2026-05-12 20:29:16,data/exp_instances/S9/S9_inst_04.txt,data/exp_instances/S9/plan/S9_inst_04_optimal_plan.txt,ok,7.038,1629840,1629840,
2026-05-12 20:29:24,data/exp_instances/S9/S9_inst_05.txt,data/exp_instances/S9/plan/S9_inst_05_optimal_plan.txt,ok,8.060,1673386,1673386,
2026-05-12 20:29:30,data/exp_instances/S9/S9_inst_06.txt,data/exp_instances/S9/plan/S9_inst_06_optimal_plan.txt,ok,6.305,1944451,1944451,
2026-05-12 20:29:39,data/exp_instances/S9/S9_inst_07.txt,data/exp_instances/S9/plan/S9_inst_07_optimal_plan.txt,ok,8.891,1784800,1784800,
2026-05-12 20:29:48,data/exp_instances/S9/S9_inst_08.txt,data/exp_instances/S9/plan/S9_inst_08_optimal_plan.txt,ok,8.951,1622319,1622319,
2026-05-12 20:29:55,data/exp_instances/S9/S9_inst_09.txt,data/exp_instances/S9/plan/S9_inst_09_optimal_plan.txt,ok,6.683,2184128,2184128,
2026-05-12 20:30:00,data/exp_instances/S9/S9_inst_10.txt,data/exp_instances/S9/plan/S9_inst_10_optimal_plan.txt,ok,5.192,2067997,2067997,
2026-05-12 20:30:06,data/exp_instances/S9/S9_inst_11.txt,data/exp_instances/S9/plan/S9_inst_11_optimal_plan.txt,ok,6.211,1995581,1995581,
2026-05-12 20:30:13,data/exp_instances/S9/S9_inst_12.txt,data/exp_instances/S9/plan/S9_inst_12_optimal_plan.txt,ok,6.585,1742858,1742858,
2026-05-12 20:30:20,data/exp_instances/S9/S9_inst_13.txt,data/exp_instances/S9/plan/S9_inst_13_optimal_plan.txt,ok,7.016,2188851,2188851,
2026-05-12 20:30:27,data/exp_instances/S9/S9_inst_14.txt,data/exp_instances/S9/plan/S9_inst_14_optimal_plan.txt,ok,7.617,1948392,1948392,
2026-05-12 20:33:41,data/exp_instances/S9/S9_inst_15.txt,data/exp_instances/S9/plan/S9_inst_15_optimal_plan.txt,ok,8.864,2141283,2141283,
2026-05-12 20:33:50,data/exp_instances/S9/S9_inst_16.txt,data/exp_instances/S9/plan/S9_inst_16_optimal_plan.txt,ok,8.686,2026436,2026436,
2026-05-12 20:34:16,data/exp_instances/S9/S9_inst_17.txt,data/exp_instances/S9/plan/S9_inst_17_optimal_plan.txt,ok,7.713,1991738,1991738,
2026-05-12 20:34:36,data/exp_instances/S9/S9_inst_18.txt,data/exp_instances/S9/plan/S9_inst_18_optimal_plan.txt,ok,6.774,1934166,1934166,
2026-05-12 20:34:43,data/exp_instances/S9/S9_inst_19.txt,data/exp_instances/S9/plan/S9_inst_19_optimal_plan.txt,ok,7.090,1705523,1705523,
2026-05-12 20:35:33,data/exp_instances/S9/S9_inst_20.txt,data/exp_instances/S9/plan/S9_inst_20_optimal_plan.txt,ok,7.323,1893330,1893330,
2026-05-12 20:35:40,data/exp_instances/S9/S9_inst_21.txt,data/exp_instances/S9/plan/S9_inst_21_optimal_plan.txt,ok,7.623,1822571,1822571,
2026-05-12 20:36:10,data/exp_instances/S9/S9_inst_22.txt,data/exp_instances/S9/plan/S9_inst_22_optimal_plan.txt,ok,8.023,2144649,2144649,
2026-05-12 20:36:18,data/exp_instances/S9/S9_inst_23.txt,data/exp_instances/S9/plan/S9_inst_23_optimal_plan.txt,ok,8.321,2320851,2318451,
2026-05-12 20:36:49,data/exp_instances/S9/S9_inst_24.txt,data/exp_instances/S9/plan/S9_inst_24_optimal_plan.txt,ok,6.849,1714319,1714319,
2026-05-12 20:39:54,data/exp_instances/S9/S9_inst_25.txt,data/exp_instances/S9/plan/S9_inst_25_optimal_plan.txt,ok,8.386,1701011,1701011,
2026-05-12 20:40:01,data/exp_instances/S9/S9_inst_26.txt,data/exp_instances/S9/plan/S9_inst_26_optimal_plan.txt,ok,6.979,1786515,1786515,
2026-05-12 20:40:20,data/exp_instances/S9/S9_inst_27.txt,data/exp_instances/S9/plan/S9_inst_27_optimal_plan.txt,ok,7.101,1731331,1731331,
2026-05-12 20:40:26,data/exp_instances/S9/S9_inst_28.txt,data/exp_instances/S9/plan/S9_inst_28_optimal_plan.txt,ok,5.407,1637015,1637015,
2026-05-12 20:40:44,data/exp_instances/S9/S9_inst_29.txt,data/exp_instances/S9/plan/S9_inst_29_optimal_plan.txt,ok,7.877,1747982,1747982,
2026-05-12 20:40:48,data/exp_instances/S9/S9_inst_30.txt,data/exp_instances/S9/plan/S9_inst_30_optimal_plan.txt,ok,4.227,1573977,1528657,
