[1/3] rerun ip_solver plans
found 420 instances under data/exp_instances
[1/420] solving data/exp_instances/S1/S1_inst_01.txt -> data/exp_instances/S1/plan/S1_inst_01_optimal_plan.txt
Set parameter Username
Set parameter LicenseID to value 2821039
Academic license - for non-commercial use only - expires 2027-05-12
[1/420] ok S1_inst_01.txt: accepted_sales=2076945 profit=2076945 seconds=9.1
[2/420] solving data/exp_instances/S1/S1_inst_02.txt -> data/exp_instances/S1/plan/S1_inst_02_optimal_plan.txt
[2/420] ok S1_inst_02.txt: accepted_sales=1968696 profit=1968696 seconds=7.7
[3/420] solving data/exp_instances/S1/S1_inst_03.txt -> data/exp_instances/S1/plan/S1_inst_03_optimal_plan.txt
[3/420] ok S1_inst_03.txt: accepted_sales=1861859 profit=1861859 seconds=7.6
[4/420] solving data/exp_instances/S1/S1_inst_04.txt -> data/exp_instances/S1/plan/S1_inst_04_optimal_plan.txt
[4/420] ok S1_inst_04.txt: accepted_sales=2355312 profit=2325960 seconds=7.1
[5/420] solving data/exp_instances/S1/S1_inst_05.txt -> data/exp_instances/S1/plan/S1_inst_05_optimal_plan.txt
[5/420] ok S1_inst_05.txt: accepted_sales=1994277 profit=1994277 seconds=8.0
[6/420] solving data/exp_instances/S1/S1_inst_06.txt -> data/exp_instances/S1/plan/S1_inst_06_optimal_plan.txt
[6/420] ok S1_inst_06.txt: accepted_sales=2177625 profit=2177625 seconds=7.3
[7/420] solving data/exp_instances/S1/S1_inst_07.txt -> data/exp_instances/S1/plan/S1_inst_07_optimal_plan.txt
[7/420] ok S1_inst_07.txt: accepted_sales=1677512 profit=1677512 seconds=6.2
[8/420] solving data/exp_instances/S1/S1_inst_08.txt -> data/exp_instances/S1/plan/S1_inst_08_optimal_plan.txt
[8/420] ok S1_inst_08.txt: accepted_sales=1870181 profit=1870181 seconds=7.0
[9/420] solving data/exp_instances/S1/S1_inst_09.txt -> data/exp_instances/S1/plan/S1_inst_09_optimal_plan.txt
[9/420] ok S1_inst_09.txt: accepted_sales=1917196 profit=1888696 seconds=7.1
[10/420] solving data/exp_instances/S1/S1_inst_10.txt -> data/exp_instances/S1/plan/S1_inst_10_optimal_plan.txt
[10/420] ok S1_inst_10.txt: accepted_sales=2133505 profit=2100577 seconds=5.7
[11/420] solving data/exp_instances/S1/S1_inst_11.txt -> data/exp_instances/S1/plan/S1_inst_11_optimal_plan.txt
[11/420] ok S1_inst_11.txt: accepted_sales=2404882 profit=2404882 seconds=7.6
[12/420] solving data/exp_instances/S1/S1_inst_12.txt -> data/exp_instances/S1/plan/S1_inst_12_optimal_plan.txt
[12/420] ok S1_inst_12.txt: accepted_sales=1646450 profit=1646450 seconds=7.3
[13/420] solving data/exp_instances/S1/S1_inst_13.txt -> data/exp_instances/S1/plan/S1_inst_13_optimal_plan.txt
[13/420] ok S1_inst_13.txt: accepted_sales=1916262 profit=1916262 seconds=8.1
[14/420] solving data/exp_instances/S1/S1_inst_14.txt -> data/exp_instances/S1/plan/S1_inst_14_optimal_plan.txt
[14/420] ok S1_inst_14.txt: accepted_sales=1817946 profit=1800714 seconds=6.9
[15/420] solving data/exp_instances/S1/S1_inst_15.txt -> data/exp_instances/S1/plan/S1_inst_15_optimal_plan.txt
[15/420] ok S1_inst_15.txt: accepted_sales=1665629 profit=1665629 seconds=7.9
[16/420] solving data/exp_instances/S1/S1_inst_16.txt -> data/exp_instances/S1/plan/S1_inst_16_optimal_plan.txt
[16/420] ok S1_inst_16.txt: accepted_sales=1544730 profit=1538670 seconds=7.2
[17/420] solving data/exp_instances/S1/S1_inst_17.txt -> data/exp_instances/S1/plan/S1_inst_17_optimal_plan.txt
[17/420] ok S1_inst_17.txt: accepted_sales=2097523 profit=2030859 seconds=6.3
[18/420] solving data/exp_instances/S1/S1_inst_18.txt -> data/exp_instances/S1/plan/S1_inst_18_optimal_plan.txt
[18/420] ok S1_inst_18.txt: accepted_sales=1658624 profit=1658624 seconds=7.2
[19/420] solving data/exp_instances/S1/S1_inst_19.txt -> data/exp_instances/S1/plan/S1_inst_19_optimal_plan.txt
[19/420] ok S1_inst_19.txt: accepted_sales=2086238 profit=2086238 seconds=7.1
[20/420] solving data/exp_instances/S1/S1_inst_20.txt -> data/exp_instances/S1/plan/S1_inst_20_optimal_plan.txt
[20/420] ok S1_inst_20.txt: accepted_sales=2121967 profit=2121967 seconds=7.8
[21/420] solving data/exp_instances/S1/S1_inst_21.txt -> data/exp_instances/S1/plan/S1_inst_21_optimal_plan.txt
[21/420] ok S1_inst_21.txt: accepted_sales=1776933 profit=1776933 seconds=8.1
[22/420] solving data/exp_instances/S1/S1_inst_22.txt -> data/exp_instances/S1/plan/S1_inst_22_optimal_plan.txt
[22/420] ok S1_inst_22.txt: accepted_sales=1913457 profit=1913457 seconds=8.0
[23/420] solving data/exp_instances/S1/S1_inst_23.txt -> data/exp_instances/S1/plan/S1_inst_23_optimal_plan.txt
[23/420] ok S1_inst_23.txt: accepted_sales=2295943 profit=2295943 seconds=6.0
[24/420] solving data/exp_instances/S1/S1_inst_24.txt -> data/exp_instances/S1/plan/S1_inst_24_optimal_plan.txt
[24/420] ok S1_inst_24.txt: accepted_sales=1768015 profit=1768015 seconds=8.2
[25/420] solving data/exp_instances/S1/S1_inst_25.txt -> data/exp_instances/S1/plan/S1_inst_25_optimal_plan.txt
[25/420] ok S1_inst_25.txt: accepted_sales=2078029 profit=2078029 seconds=7.5
[26/420] solving data/exp_instances/S1/S1_inst_26.txt -> data/exp_instances/S1/plan/S1_inst_26_optimal_plan.txt
[26/420] ok S1_inst_26.txt: accepted_sales=1865771 profit=1865771 seconds=7.2
[27/420] solving data/exp_instances/S1/S1_inst_27.txt -> data/exp_instances/S1/plan/S1_inst_27_optimal_plan.txt
[27/420] ok S1_inst_27.txt: accepted_sales=2001250 profit=1947130 seconds=6.3
[28/420] solving data/exp_instances/S1/S1_inst_28.txt -> data/exp_instances/S1/plan/S1_inst_28_optimal_plan.txt
[28/420] ok S1_inst_28.txt: accepted_sales=2160353 profit=2080865 seconds=7.6
[29/420] solving data/exp_instances/S1/S1_inst_29.txt -> data/exp_instances/S1/plan/S1_inst_29_optimal_plan.txt
[29/420] ok S1_inst_29.txt: accepted_sales=2135355 profit=2135355 seconds=6.7
[30/420] solving data/exp_instances/S1/S1_inst_30.txt -> data/exp_instances/S1/plan/S1_inst_30_optimal_plan.txt
[30/420] ok S1_inst_30.txt: accepted_sales=2344330 profit=2293822 seconds=4.3
[31/420] solving data/exp_instances/S10/S10_inst_01.txt -> data/exp_instances/S10/plan/S10_inst_01_optimal_plan.txt
[31/420] ok S10_inst_01.txt: accepted_sales=1912961 profit=1601581 seconds=0.5
[32/420] solving data/exp_instances/S10/S10_inst_02.txt -> data/exp_instances/S10/plan/S10_inst_02_optimal_plan.txt
[32/420] ok S10_inst_02.txt: accepted_sales=2061835 profit=1878851 seconds=0.5
[33/420] solving data/exp_instances/S10/S10_inst_03.txt -> data/exp_instances/S10/plan/S10_inst_03_optimal_plan.txt
[33/420] ok S10_inst_03.txt: accepted_sales=2084040 profit=1983200 seconds=0.5
[34/420] solving data/exp_instances/S10/S10_inst_04.txt -> data/exp_instances/S10/plan/S10_inst_04_optimal_plan.txt
[34/420] ok S10_inst_04.txt: accepted_sales=1792128 profit=1775216 seconds=0.5
[35/420] solving data/exp_instances/S10/S10_inst_05.txt -> data/exp_instances/S10/plan/S10_inst_05_optimal_plan.txt
[35/420] ok S10_inst_05.txt: accepted_sales=1982073 profit=1946985 seconds=0.5
[36/420] solving data/exp_instances/S10/S10_inst_06.txt -> data/exp_instances/S10/plan/S10_inst_06_optimal_plan.txt
[36/420] ok S10_inst_06.txt: accepted_sales=1804302 profit=1735702 seconds=0.5
[37/420] solving data/exp_instances/S10/S10_inst_07.txt -> data/exp_instances/S10/plan/S10_inst_07_optimal_plan.txt
[37/420] ok S10_inst_07.txt: accepted_sales=1729408 profit=1608024 seconds=0.5
[38/420] solving data/exp_instances/S10/S10_inst_08.txt -> data/exp_instances/S10/plan/S10_inst_08_optimal_plan.txt
[38/420] ok S10_inst_08.txt: accepted_sales=1488995 profit=1337277 seconds=0.5
[39/420] solving data/exp_instances/S10/S10_inst_09.txt -> data/exp_instances/S10/plan/S10_inst_09_optimal_plan.txt
[39/420] ok S10_inst_09.txt: accepted_sales=1715854 profit=1710666 seconds=0.5
[40/420] solving data/exp_instances/S10/S10_inst_10.txt -> data/exp_instances/S10/plan/S10_inst_10_optimal_plan.txt
[40/420] ok S10_inst_10.txt: accepted_sales=1971185 profit=1915913 seconds=0.5
[41/420] solving data/exp_instances/S10/S10_inst_11.txt -> data/exp_instances/S10/plan/S10_inst_11_optimal_plan.txt
[41/420] ok S10_inst_11.txt: accepted_sales=1646965 profit=1576061 seconds=0.5
[42/420] solving data/exp_instances/S10/S10_inst_12.txt -> data/exp_instances/S10/plan/S10_inst_12_optimal_plan.txt
[42/420] ok S10_inst_12.txt: accepted_sales=1943754 profit=1943754 seconds=0.5
[43/420] solving data/exp_instances/S10/S10_inst_13.txt -> data/exp_instances/S10/plan/S10_inst_13_optimal_plan.txt
[43/420] ok S10_inst_13.txt: accepted_sales=1878662 profit=1826220 seconds=0.5
[44/420] solving data/exp_instances/S10/S10_inst_14.txt -> data/exp_instances/S10/plan/S10_inst_14_optimal_plan.txt
[44/420] ok S10_inst_14.txt: accepted_sales=1806433 profit=1612699 seconds=0.5
[45/420] solving data/exp_instances/S10/S10_inst_15.txt -> data/exp_instances/S10/plan/S10_inst_15_optimal_plan.txt
[45/420] ok S10_inst_15.txt: accepted_sales=2069463 profit=1611099 seconds=0.5
[46/420] solving data/exp_instances/S10/S10_inst_16.txt -> data/exp_instances/S10/plan/S10_inst_16_optimal_plan.txt
[46/420] ok S10_inst_16.txt: accepted_sales=1637305 profit=1531103 seconds=0.5
[47/420] solving data/exp_instances/S10/S10_inst_17.txt -> data/exp_instances/S10/plan/S10_inst_17_optimal_plan.txt
[47/420] ok S10_inst_17.txt: accepted_sales=1839700 profit=1803324 seconds=0.5
[48/420] solving data/exp_instances/S10/S10_inst_18.txt -> data/exp_instances/S10/plan/S10_inst_18_optimal_plan.txt
[48/420] ok S10_inst_18.txt: accepted_sales=1610551 profit=1563447 seconds=0.5
[49/420] solving data/exp_instances/S10/S10_inst_19.txt -> data/exp_instances/S10/plan/S10_inst_19_optimal_plan.txt
[49/420] ok S10_inst_19.txt: accepted_sales=1767611 profit=1757579 seconds=0.5
[50/420] solving data/exp_instances/S10/S10_inst_20.txt -> data/exp_instances/S10/plan/S10_inst_20_optimal_plan.txt
[50/420] ok S10_inst_20.txt: accepted_sales=1939666 profit=1769478 seconds=0.5
[51/420] solving data/exp_instances/S10/S10_inst_21.txt -> data/exp_instances/S10/plan/S10_inst_21_optimal_plan.txt
[51/420] ok S10_inst_21.txt: accepted_sales=2055619 profit=1976299 seconds=0.5
[52/420] solving data/exp_instances/S10/S10_inst_22.txt -> data/exp_instances/S10/plan/S10_inst_22_optimal_plan.txt
[52/420] ok S10_inst_22.txt: accepted_sales=1955200 profit=1719136 seconds=0.5
[53/420] solving data/exp_instances/S10/S10_inst_23.txt -> data/exp_instances/S10/plan/S10_inst_23_optimal_plan.txt
[53/420] ok S10_inst_23.txt: accepted_sales=1909353 profit=1722147 seconds=0.5
[54/420] solving data/exp_instances/S10/S10_inst_24.txt -> data/exp_instances/S10/plan/S10_inst_24_optimal_plan.txt
[54/420] ok S10_inst_24.txt: accepted_sales=1810476 profit=1687046 seconds=0.5
[55/420] solving data/exp_instances/S10/S10_inst_25.txt -> data/exp_instances/S10/plan/S10_inst_25_optimal_plan.txt
[55/420] ok S10_inst_25.txt: accepted_sales=1770201 profit=1638711 seconds=0.5
[56/420] solving data/exp_instances/S10/S10_inst_26.txt -> data/exp_instances/S10/plan/S10_inst_26_optimal_plan.txt
[56/420] ok S10_inst_26.txt: accepted_sales=1537226 profit=1429646 seconds=0.5
[57/420] solving data/exp_instances/S10/S10_inst_27.txt -> data/exp_instances/S10/plan/S10_inst_27_optimal_plan.txt
[57/420] ok S10_inst_27.txt: accepted_sales=1805584 profit=1755528 seconds=0.5
[58/420] solving data/exp_instances/S10/S10_inst_28.txt -> data/exp_instances/S10/plan/S10_inst_28_optimal_plan.txt
[58/420] ok S10_inst_28.txt: accepted_sales=1693483 profit=1559671 seconds=0.4
[59/420] solving data/exp_instances/S10/S10_inst_29.txt -> data/exp_instances/S10/plan/S10_inst_29_optimal_plan.txt
[59/420] ok S10_inst_29.txt: accepted_sales=1879333 profit=1562137 seconds=0.5
[60/420] solving data/exp_instances/S10/S10_inst_30.txt -> data/exp_instances/S10/plan/S10_inst_30_optimal_plan.txt
[60/420] ok S10_inst_30.txt: accepted_sales=1570683 profit=1553435 seconds=0.5
[61/420] solving data/exp_instances/S11/S11_inst_01.txt -> data/exp_instances/S11/plan/S11_inst_01_optimal_plan.txt
[61/420] ok S11_inst_01.txt: accepted_sales=1901020 profit=1868896 seconds=5.3
[62/420] solving data/exp_instances/S11/S11_inst_02.txt -> data/exp_instances/S11/plan/S11_inst_02_optimal_plan.txt
[62/420] ok S11_inst_02.txt: accepted_sales=1744443 profit=1744443 seconds=5.0
[63/420] solving data/exp_instances/S11/S11_inst_03.txt -> data/exp_instances/S11/plan/S11_inst_03_optimal_plan.txt
[63/420] ok S11_inst_03.txt: accepted_sales=1776266 profit=1776266 seconds=5.4
[64/420] solving data/exp_instances/S11/S11_inst_04.txt -> data/exp_instances/S11/plan/S11_inst_04_optimal_plan.txt
[64/420] ok S11_inst_04.txt: accepted_sales=1804050 profit=1804050 seconds=5.3
[65/420] solving data/exp_instances/S11/S11_inst_05.txt -> data/exp_instances/S11/plan/S11_inst_05_optimal_plan.txt
[65/420] ok S11_inst_05.txt: accepted_sales=1854543 profit=1854543 seconds=6.1
[66/420] solving data/exp_instances/S11/S11_inst_06.txt -> data/exp_instances/S11/plan/S11_inst_06_optimal_plan.txt
[66/420] ok S11_inst_06.txt: accepted_sales=1860134 profit=1860134 seconds=5.0
[67/420] solving data/exp_instances/S11/S11_inst_07.txt -> data/exp_instances/S11/plan/S11_inst_07_optimal_plan.txt
[67/420] ok S11_inst_07.txt: accepted_sales=1887038 profit=1887038 seconds=5.0
[68/420] solving data/exp_instances/S11/S11_inst_08.txt -> data/exp_instances/S11/plan/S11_inst_08_optimal_plan.txt
[68/420] ok S11_inst_08.txt: accepted_sales=1643099 profit=1643099 seconds=5.7
[69/420] solving data/exp_instances/S11/S11_inst_09.txt -> data/exp_instances/S11/plan/S11_inst_09_optimal_plan.txt
[69/420] ok S11_inst_09.txt: accepted_sales=2176999 profit=2176999 seconds=5.5
[70/420] solving data/exp_instances/S11/S11_inst_10.txt -> data/exp_instances/S11/plan/S11_inst_10_optimal_plan.txt
[70/420] ok S11_inst_10.txt: accepted_sales=2085651 profit=2085651 seconds=5.6
[71/420] solving data/exp_instances/S11/S11_inst_11.txt -> data/exp_instances/S11/plan/S11_inst_11_optimal_plan.txt
[71/420] ok S11_inst_11.txt: accepted_sales=1818861 profit=1818861 seconds=5.2
[72/420] solving data/exp_instances/S11/S11_inst_12.txt -> data/exp_instances/S11/plan/S11_inst_12_optimal_plan.txt
[72/420] ok S11_inst_12.txt: accepted_sales=1812107 profit=1805945 seconds=5.2
[73/420] solving data/exp_instances/S11/S11_inst_13.txt -> data/exp_instances/S11/plan/S11_inst_13_optimal_plan.txt
[73/420] ok S11_inst_13.txt: accepted_sales=1989632 profit=1989632 seconds=5.5
[74/420] solving data/exp_instances/S11/S11_inst_14.txt -> data/exp_instances/S11/plan/S11_inst_14_optimal_plan.txt
[74/420] ok S11_inst_14.txt: accepted_sales=2024487 profit=2024487 seconds=4.5
[75/420] solving data/exp_instances/S11/S11_inst_15.txt -> data/exp_instances/S11/plan/S11_inst_15_optimal_plan.txt
[75/420] ok S11_inst_15.txt: accepted_sales=1882982 profit=1882982 seconds=5.5
[76/420] solving data/exp_instances/S11/S11_inst_16.txt -> data/exp_instances/S11/plan/S11_inst_16_optimal_plan.txt
[76/420] ok S11_inst_16.txt: accepted_sales=2013747 profit=2013747 seconds=5.6
[77/420] solving data/exp_instances/S11/S11_inst_17.txt -> data/exp_instances/S11/plan/S11_inst_17_optimal_plan.txt
[77/420] ok S11_inst_17.txt: accepted_sales=1783499 profit=1783499 seconds=5.1
[78/420] solving data/exp_instances/S11/S11_inst_18.txt -> data/exp_instances/S11/plan/S11_inst_18_optimal_plan.txt
[78/420] ok S11_inst_18.txt: accepted_sales=1674394 profit=1674394 seconds=5.2
[79/420] solving data/exp_instances/S11/S11_inst_19.txt -> data/exp_instances/S11/plan/S11_inst_19_optimal_plan.txt
[79/420] ok S11_inst_19.txt: accepted_sales=2135961 profit=2135961 seconds=5.3
[80/420] solving data/exp_instances/S11/S11_inst_20.txt -> data/exp_instances/S11/plan/S11_inst_20_optimal_plan.txt
[80/420] ok S11_inst_20.txt: accepted_sales=1932373 profit=1932373 seconds=5.3
[81/420] solving data/exp_instances/S11/S11_inst_21.txt -> data/exp_instances/S11/plan/S11_inst_21_optimal_plan.txt
[81/420] ok S11_inst_21.txt: accepted_sales=1959764 profit=1959764 seconds=5.3
[82/420] solving data/exp_instances/S11/S11_inst_22.txt -> data/exp_instances/S11/plan/S11_inst_22_optimal_plan.txt
[82/420] ok S11_inst_22.txt: accepted_sales=1818604 profit=1818604 seconds=5.5
[83/420] solving data/exp_instances/S11/S11_inst_23.txt -> data/exp_instances/S11/plan/S11_inst_23_optimal_plan.txt
[83/420] ok S11_inst_23.txt: accepted_sales=1947876 profit=1932888 seconds=4.9
[84/420] solving data/exp_instances/S11/S11_inst_24.txt -> data/exp_instances/S11/plan/S11_inst_24_optimal_plan.txt
[84/420] ok S11_inst_24.txt: accepted_sales=1758533 profit=1758533 seconds=5.0
[85/420] solving data/exp_instances/S11/S11_inst_25.txt -> data/exp_instances/S11/plan/S11_inst_25_optimal_plan.txt
[85/420] ok S11_inst_25.txt: accepted_sales=1927827 profit=1927827 seconds=5.2
[86/420] solving data/exp_instances/S11/S11_inst_26.txt -> data/exp_instances/S11/plan/S11_inst_26_optimal_plan.txt
[86/420] ok S11_inst_26.txt: accepted_sales=2008750 profit=2008750 seconds=5.4
[87/420] solving data/exp_instances/S11/S11_inst_27.txt -> data/exp_instances/S11/plan/S11_inst_27_optimal_plan.txt
[87/420] ok S11_inst_27.txt: accepted_sales=1704023 profit=1704023 seconds=5.6
[88/420] solving data/exp_instances/S11/S11_inst_28.txt -> data/exp_instances/S11/plan/S11_inst_28_optimal_plan.txt
[88/420] ok S11_inst_28.txt: accepted_sales=1894397 profit=1894397 seconds=5.4
[89/420] solving data/exp_instances/S11/S11_inst_29.txt -> data/exp_instances/S11/plan/S11_inst_29_optimal_plan.txt
[89/420] ok S11_inst_29.txt: accepted_sales=1795822 profit=1795822 seconds=5.4
[90/420] solving data/exp_instances/S11/S11_inst_30.txt -> data/exp_instances/S11/plan/S11_inst_30_optimal_plan.txt
[90/420] ok S11_inst_30.txt: accepted_sales=2201391 profit=2201391 seconds=5.1
[91/420] solving data/exp_instances/S12/S12_inst_01.txt -> data/exp_instances/S12/plan/S12_inst_01_optimal_plan.txt
[91/420] ok S12_inst_01.txt: accepted_sales=254031 profit=-3103563 seconds=6.6
[92/420] solving data/exp_instances/S12/S12_inst_02.txt -> data/exp_instances/S12/plan/S12_inst_02_optimal_plan.txt
[92/420] ok S12_inst_02.txt: accepted_sales=287485 profit=-2873641 seconds=6.8
[93/420] solving data/exp_instances/S12/S12_inst_03.txt -> data/exp_instances/S12/plan/S12_inst_03_optimal_plan.txt
[93/420] ok S12_inst_03.txt: accepted_sales=304511 profit=-3019615 seconds=7.3
[94/420] solving data/exp_instances/S12/S12_inst_04.txt -> data/exp_instances/S12/plan/S12_inst_04_optimal_plan.txt
[94/420] ok S12_inst_04.txt: accepted_sales=75402 profit=-3299890 seconds=6.8
[95/420] solving data/exp_instances/S12/S12_inst_05.txt -> data/exp_instances/S12/plan/S12_inst_05_optimal_plan.txt
[95/420] ok S12_inst_05.txt: accepted_sales=292020 profit=-3069096 seconds=7.0
[96/420] solving data/exp_instances/S12/S12_inst_06.txt -> data/exp_instances/S12/plan/S12_inst_06_optimal_plan.txt
[96/420] ok S12_inst_06.txt: accepted_sales=182034 profit=-3761072 seconds=5.8
[97/420] solving data/exp_instances/S12/S12_inst_07.txt -> data/exp_instances/S12/plan/S12_inst_07_optimal_plan.txt
[97/420] ok S12_inst_07.txt: accepted_sales=447545 profit=-2478421 seconds=6.8
[98/420] solving data/exp_instances/S12/S12_inst_08.txt -> data/exp_instances/S12/plan/S12_inst_08_optimal_plan.txt
[98/420] ok S12_inst_08.txt: accepted_sales=472937 profit=-2505725 seconds=6.7
[99/420] solving data/exp_instances/S12/S12_inst_09.txt -> data/exp_instances/S12/plan/S12_inst_09_optimal_plan.txt
[99/420] ok S12_inst_09.txt: accepted_sales=545282 profit=-2498244 seconds=8.0
[100/420] solving data/exp_instances/S12/S12_inst_10.txt -> data/exp_instances/S12/plan/S12_inst_10_optimal_plan.txt
[100/420] ok S12_inst_10.txt: accepted_sales=316293 profit=-3545469 seconds=6.7
[101/420] solving data/exp_instances/S12/S12_inst_11.txt -> data/exp_instances/S12/plan/S12_inst_11_optimal_plan.txt
[101/420] ok S12_inst_11.txt: accepted_sales=241832 profit=-2980456 seconds=7.3
[102/420] solving data/exp_instances/S12/S12_inst_12.txt -> data/exp_instances/S12/plan/S12_inst_12_optimal_plan.txt
[102/420] ok S12_inst_12.txt: accepted_sales=347014 profit=-2413750 seconds=5.8
[103/420] solving data/exp_instances/S12/S12_inst_13.txt -> data/exp_instances/S12/plan/S12_inst_13_optimal_plan.txt
[103/420] ok S12_inst_13.txt: accepted_sales=362266 profit=-2537116 seconds=6.9
[104/420] solving data/exp_instances/S12/S12_inst_14.txt -> data/exp_instances/S12/plan/S12_inst_14_optimal_plan.txt
[104/420] ok S12_inst_14.txt: accepted_sales=294892 profit=-3056212 seconds=7.2
[105/420] solving data/exp_instances/S12/S12_inst_15.txt -> data/exp_instances/S12/plan/S12_inst_15_optimal_plan.txt
[105/420] ok S12_inst_15.txt: accepted_sales=213336 profit=-3240742 seconds=6.5
[106/420] solving data/exp_instances/S12/S12_inst_16.txt -> data/exp_instances/S12/plan/S12_inst_16_optimal_plan.txt
[106/420] ok S12_inst_16.txt: accepted_sales=253669 profit=-3437939 seconds=6.6
[107/420] solving data/exp_instances/S12/S12_inst_17.txt -> data/exp_instances/S12/plan/S12_inst_17_optimal_plan.txt
[107/420] ok S12_inst_17.txt: accepted_sales=231412 profit=-2858202 seconds=7.1
[108/420] solving data/exp_instances/S12/S12_inst_18.txt -> data/exp_instances/S12/plan/S12_inst_18_optimal_plan.txt
[108/420] ok S12_inst_18.txt: accepted_sales=219716 profit=-2605298 seconds=6.9
[109/420] solving data/exp_instances/S12/S12_inst_19.txt -> data/exp_instances/S12/plan/S12_inst_19_optimal_plan.txt
[109/420] ok S12_inst_19.txt: accepted_sales=257895 profit=-2953975 seconds=7.1
[110/420] solving data/exp_instances/S12/S12_inst_20.txt -> data/exp_instances/S12/plan/S12_inst_20_optimal_plan.txt
[110/420] ok S12_inst_20.txt: accepted_sales=409190 profit=-2791556 seconds=6.3
[111/420] solving data/exp_instances/S12/S12_inst_21.txt -> data/exp_instances/S12/plan/S12_inst_21_optimal_plan.txt
[111/420] ok S12_inst_21.txt: accepted_sales=343535 profit=-2396915 seconds=6.1
[112/420] solving data/exp_instances/S12/S12_inst_22.txt -> data/exp_instances/S12/plan/S12_inst_22_optimal_plan.txt
[112/420] ok S12_inst_22.txt: accepted_sales=344432 profit=-3268682 seconds=7.0
[113/420] solving data/exp_instances/S12/S12_inst_23.txt -> data/exp_instances/S12/plan/S12_inst_23_optimal_plan.txt
[113/420] ok S12_inst_23.txt: accepted_sales=293589 profit=-3100879 seconds=7.6
[114/420] solving data/exp_instances/S12/S12_inst_24.txt -> data/exp_instances/S12/plan/S12_inst_24_optimal_plan.txt
[114/420] ok S12_inst_24.txt: accepted_sales=279095 profit=-2066751 seconds=7.5
[115/420] solving data/exp_instances/S12/S12_inst_25.txt -> data/exp_instances/S12/plan/S12_inst_25_optimal_plan.txt
[115/420] ok S12_inst_25.txt: accepted_sales=351441 profit=-3459513 seconds=9.9
[116/420] solving data/exp_instances/S12/S12_inst_26.txt -> data/exp_instances/S12/plan/S12_inst_26_optimal_plan.txt
[116/420] ok S12_inst_26.txt: accepted_sales=393990 profit=-2891986 seconds=7.1
[117/420] solving data/exp_instances/S12/S12_inst_27.txt -> data/exp_instances/S12/plan/S12_inst_27_optimal_plan.txt
[117/420] ok S12_inst_27.txt: accepted_sales=157813 profit=-2921605 seconds=8.2
[118/420] solving data/exp_instances/S12/S12_inst_28.txt -> data/exp_instances/S12/plan/S12_inst_28_optimal_plan.txt
[118/420] ok S12_inst_28.txt: accepted_sales=255900 profit=-2827262 seconds=6.5
[119/420] solving data/exp_instances/S12/S12_inst_29.txt -> data/exp_instances/S12/plan/S12_inst_29_optimal_plan.txt
[119/420] ok S12_inst_29.txt: accepted_sales=338090 profit=-2093816 seconds=7.3
[120/420] solving data/exp_instances/S12/S12_inst_30.txt -> data/exp_instances/S12/plan/S12_inst_30_optimal_plan.txt
[120/420] ok S12_inst_30.txt: accepted_sales=371849 profit=-2814337 seconds=8.4
[121/420] solving data/exp_instances/S13/S13_inst_01.txt -> data/exp_instances/S13/plan/S13_inst_01_optimal_plan.txt
[121/420] ok S13_inst_01.txt: accepted_sales=1276095 profit=-668899 seconds=6.8
[122/420] solving data/exp_instances/S13/S13_inst_02.txt -> data/exp_instances/S13/plan/S13_inst_02_optimal_plan.txt
[122/420] ok S13_inst_02.txt: accepted_sales=1419544 profit=555142 seconds=6.9
[123/420] solving data/exp_instances/S13/S13_inst_03.txt -> data/exp_instances/S13/plan/S13_inst_03_optimal_plan.txt
[123/420] ok S13_inst_03.txt: accepted_sales=1077506 profit=-50756 seconds=7.4
[124/420] solving data/exp_instances/S13/S13_inst_04.txt -> data/exp_instances/S13/plan/S13_inst_04_optimal_plan.txt
[124/420] ok S13_inst_04.txt: accepted_sales=763960 profit=-1859256 seconds=6.8
[125/420] solving data/exp_instances/S13/S13_inst_05.txt -> data/exp_instances/S13/plan/S13_inst_05_optimal_plan.txt
[125/420] ok S13_inst_05.txt: accepted_sales=1405718 profit=435280 seconds=7.7
[126/420] solving data/exp_instances/S13/S13_inst_06.txt -> data/exp_instances/S13/plan/S13_inst_06_optimal_plan.txt
[126/420] ok S13_inst_06.txt: accepted_sales=1684430 profit=755894 seconds=7.4
[127/420] solving data/exp_instances/S13/S13_inst_07.txt -> data/exp_instances/S13/plan/S13_inst_07_optimal_plan.txt
[127/420] ok S13_inst_07.txt: accepted_sales=1149165 profit=-261895 seconds=7.7
[128/420] solving data/exp_instances/S13/S13_inst_08.txt -> data/exp_instances/S13/plan/S13_inst_08_optimal_plan.txt
[128/420] ok S13_inst_08.txt: accepted_sales=911541 profit=-930327 seconds=7.6
[129/420] solving data/exp_instances/S13/S13_inst_09.txt -> data/exp_instances/S13/plan/S13_inst_09_optimal_plan.txt
[129/420] ok S13_inst_09.txt: accepted_sales=877978 profit=-1108110 seconds=7.3
[130/420] solving data/exp_instances/S13/S13_inst_10.txt -> data/exp_instances/S13/plan/S13_inst_10_optimal_plan.txt
[130/420] ok S13_inst_10.txt: accepted_sales=1196081 profit=-59971 seconds=7.7
[131/420] solving data/exp_instances/S13/S13_inst_11.txt -> data/exp_instances/S13/plan/S13_inst_11_optimal_plan.txt
[131/420] ok S13_inst_11.txt: accepted_sales=1204180 profit=36618 seconds=7.1
[132/420] solving data/exp_instances/S13/S13_inst_12.txt -> data/exp_instances/S13/plan/S13_inst_12_optimal_plan.txt
[132/420] ok S13_inst_12.txt: accepted_sales=787835 profit=-1599885 seconds=8.6
[133/420] solving data/exp_instances/S13/S13_inst_13.txt -> data/exp_instances/S13/plan/S13_inst_13_optimal_plan.txt
[133/420] ok S13_inst_13.txt: accepted_sales=1648328 profit=1027636 seconds=8.0
[134/420] solving data/exp_instances/S13/S13_inst_14.txt -> data/exp_instances/S13/plan/S13_inst_14_optimal_plan.txt
[134/420] ok S13_inst_14.txt: accepted_sales=1135020 profit=-326494 seconds=8.0
[135/420] solving data/exp_instances/S13/S13_inst_15.txt -> data/exp_instances/S13/plan/S13_inst_15_optimal_plan.txt
[135/420] ok S13_inst_15.txt: accepted_sales=1016481 profit=-574513 seconds=8.0
[136/420] solving data/exp_instances/S13/S13_inst_16.txt -> data/exp_instances/S13/plan/S13_inst_16_optimal_plan.txt
[136/420] ok S13_inst_16.txt: accepted_sales=1298433 profit=227365 seconds=8.3
[137/420] solving data/exp_instances/S13/S13_inst_17.txt -> data/exp_instances/S13/plan/S13_inst_17_optimal_plan.txt
[137/420] ok S13_inst_17.txt: accepted_sales=1169727 profit=108613 seconds=8.6
[138/420] solving data/exp_instances/S13/S13_inst_18.txt -> data/exp_instances/S13/plan/S13_inst_18_optimal_plan.txt
[138/420] ok S13_inst_18.txt: accepted_sales=1357848 profit=606434 seconds=7.7
[139/420] solving data/exp_instances/S13/S13_inst_19.txt -> data/exp_instances/S13/plan/S13_inst_19_optimal_plan.txt
[139/420] ok S13_inst_19.txt: accepted_sales=1318868 profit=231820 seconds=11.5
[140/420] solving data/exp_instances/S13/S13_inst_20.txt -> data/exp_instances/S13/plan/S13_inst_20_optimal_plan.txt
[140/420] ok S13_inst_20.txt: accepted_sales=950596 profit=-969558 seconds=7.6
[141/420] solving data/exp_instances/S13/S13_inst_21.txt -> data/exp_instances/S13/plan/S13_inst_21_optimal_plan.txt
[141/420] ok S13_inst_21.txt: accepted_sales=937678 profit=-1691946 seconds=6.9
[142/420] solving data/exp_instances/S13/S13_inst_22.txt -> data/exp_instances/S13/plan/S13_inst_22_optimal_plan.txt
[142/420] ok S13_inst_22.txt: accepted_sales=1249102 profit=622444 seconds=8.3
[143/420] solving data/exp_instances/S13/S13_inst_23.txt -> data/exp_instances/S13/plan/S13_inst_23_optimal_plan.txt
[143/420] ok S13_inst_23.txt: accepted_sales=1328572 profit=-76528 seconds=7.4
[144/420] solving data/exp_instances/S13/S13_inst_24.txt -> data/exp_instances/S13/plan/S13_inst_24_optimal_plan.txt
[144/420] ok S13_inst_24.txt: accepted_sales=954910 profit=-674086 seconds=7.5
[145/420] solving data/exp_instances/S13/S13_inst_25.txt -> data/exp_instances/S13/plan/S13_inst_25_optimal_plan.txt
[145/420] ok S13_inst_25.txt: accepted_sales=1286015 profit=407395 seconds=7.1
[146/420] solving data/exp_instances/S13/S13_inst_26.txt -> data/exp_instances/S13/plan/S13_inst_26_optimal_plan.txt
[146/420] ok S13_inst_26.txt: accepted_sales=324885 profit=-2000641 seconds=5.1
[147/420] solving data/exp_instances/S13/S13_inst_27.txt -> data/exp_instances/S13/plan/S13_inst_27_optimal_plan.txt
[147/420] ok S13_inst_27.txt: accepted_sales=1165234 profit=-79440 seconds=8.3
[148/420] solving data/exp_instances/S13/S13_inst_28.txt -> data/exp_instances/S13/plan/S13_inst_28_optimal_plan.txt
[148/420] ok S13_inst_28.txt: accepted_sales=1454774 profit=471078 seconds=7.5
[149/420] solving data/exp_instances/S13/S13_inst_29.txt -> data/exp_instances/S13/plan/S13_inst_29_optimal_plan.txt
[149/420] ok S13_inst_29.txt: accepted_sales=1181040 profit=186848 seconds=8.5
[150/420] solving data/exp_instances/S13/S13_inst_30.txt -> data/exp_instances/S13/plan/S13_inst_30_optimal_plan.txt
[150/420] ok S13_inst_30.txt: accepted_sales=805610 profit=-547632 seconds=6.8
[151/420] solving data/exp_instances/S14/S14_inst_01.txt -> data/exp_instances/S14/plan/S14_inst_01_optimal_plan.txt
[151/420] ok S14_inst_01.txt: accepted_sales=1813782 profit=1813782 seconds=7.4
[152/420] solving data/exp_instances/S14/S14_inst_02.txt -> data/exp_instances/S14/plan/S14_inst_02_optimal_plan.txt
[152/420] ok S14_inst_02.txt: accepted_sales=2081778 profit=2057922 seconds=8.0
[153/420] solving data/exp_instances/S14/S14_inst_03.txt -> data/exp_instances/S14/plan/S14_inst_03_optimal_plan.txt
[153/420] ok S14_inst_03.txt: accepted_sales=1892682 profit=1892682 seconds=7.8
[154/420] solving data/exp_instances/S14/S14_inst_04.txt -> data/exp_instances/S14/plan/S14_inst_04_optimal_plan.txt
[154/420] ok S14_inst_04.txt: accepted_sales=2013898 profit=2013898 seconds=7.4
[155/420] solving data/exp_instances/S14/S14_inst_05.txt -> data/exp_instances/S14/plan/S14_inst_05_optimal_plan.txt
[155/420] ok S14_inst_05.txt: accepted_sales=1710899 profit=1710899 seconds=8.4
[156/420] solving data/exp_instances/S14/S14_inst_06.txt -> data/exp_instances/S14/plan/S14_inst_06_optimal_plan.txt
[156/420] ok S14_inst_06.txt: accepted_sales=1924969 profit=1924969 seconds=8.3
[157/420] solving data/exp_instances/S14/S14_inst_07.txt -> data/exp_instances/S14/plan/S14_inst_07_optimal_plan.txt
[157/420] ok S14_inst_07.txt: accepted_sales=1638260 profit=1557232 seconds=7.3
[158/420] solving data/exp_instances/S14/S14_inst_08.txt -> data/exp_instances/S14/plan/S14_inst_08_optimal_plan.txt
[158/420] ok S14_inst_08.txt: accepted_sales=1842766 profit=1828862 seconds=6.0
[159/420] solving data/exp_instances/S14/S14_inst_09.txt -> data/exp_instances/S14/plan/S14_inst_09_optimal_plan.txt
[159/420] ok S14_inst_09.txt: accepted_sales=1626327 profit=1621195 seconds=7.3
[160/420] solving data/exp_instances/S14/S14_inst_10.txt -> data/exp_instances/S14/plan/S14_inst_10_optimal_plan.txt
[160/420] ok S14_inst_10.txt: accepted_sales=1982503 profit=1982503 seconds=7.1
[161/420] solving data/exp_instances/S14/S14_inst_11.txt -> data/exp_instances/S14/plan/S14_inst_11_optimal_plan.txt
[161/420] ok S14_inst_11.txt: accepted_sales=1817814 profit=1817814 seconds=7.0
[162/420] solving data/exp_instances/S14/S14_inst_12.txt -> data/exp_instances/S14/plan/S14_inst_12_optimal_plan.txt
[162/420] ok S14_inst_12.txt: accepted_sales=1785791 profit=1785791 seconds=6.8
[163/420] solving data/exp_instances/S14/S14_inst_13.txt -> data/exp_instances/S14/plan/S14_inst_13_optimal_plan.txt
[163/420] ok S14_inst_13.txt: accepted_sales=1928165 profit=1928165 seconds=8.0
[164/420] solving data/exp_instances/S14/S14_inst_14.txt -> data/exp_instances/S14/plan/S14_inst_14_optimal_plan.txt
[164/420] ok S14_inst_14.txt: accepted_sales=1807274 profit=1785182 seconds=7.2
[165/420] solving data/exp_instances/S14/S14_inst_15.txt -> data/exp_instances/S14/plan/S14_inst_15_optimal_plan.txt
[165/420] ok S14_inst_15.txt: accepted_sales=1555695 profit=1555695 seconds=7.1
[166/420] solving data/exp_instances/S14/S14_inst_16.txt -> data/exp_instances/S14/plan/S14_inst_16_optimal_plan.txt
[166/420] ok S14_inst_16.txt: accepted_sales=1584357 profit=1584357 seconds=7.2
[167/420] solving data/exp_instances/S14/S14_inst_17.txt -> data/exp_instances/S14/plan/S14_inst_17_optimal_plan.txt
[167/420] ok S14_inst_17.txt: accepted_sales=1368172 profit=172436 seconds=4.8
[168/420] solving data/exp_instances/S14/S14_inst_18.txt -> data/exp_instances/S14/plan/S14_inst_18_optimal_plan.txt
[168/420] ok S14_inst_18.txt: accepted_sales=1795388 profit=1795388 seconds=6.6
[169/420] solving data/exp_instances/S14/S14_inst_19.txt -> data/exp_instances/S14/plan/S14_inst_19_optimal_plan.txt
[169/420] ok S14_inst_19.txt: accepted_sales=1913326 profit=1913326 seconds=7.0
[170/420] solving data/exp_instances/S14/S14_inst_20.txt -> data/exp_instances/S14/plan/S14_inst_20_optimal_plan.txt
[170/420] ok S14_inst_20.txt: accepted_sales=1931697 profit=1931697 seconds=7.0
[171/420] solving data/exp_instances/S14/S14_inst_21.txt -> data/exp_instances/S14/plan/S14_inst_21_optimal_plan.txt
[171/420] ok S14_inst_21.txt: accepted_sales=2104991 profit=2104991 seconds=7.5
[172/420] solving data/exp_instances/S14/S14_inst_22.txt -> data/exp_instances/S14/plan/S14_inst_22_optimal_plan.txt
[172/420] ok S14_inst_22.txt: accepted_sales=1918220 profit=1918220 seconds=7.1
[173/420] solving data/exp_instances/S14/S14_inst_23.txt -> data/exp_instances/S14/plan/S14_inst_23_optimal_plan.txt
[173/420] ok S14_inst_23.txt: accepted_sales=1919741 profit=1919741 seconds=7.1
[174/420] solving data/exp_instances/S14/S14_inst_24.txt -> data/exp_instances/S14/plan/S14_inst_24_optimal_plan.txt
[174/420] ok S14_inst_24.txt: accepted_sales=1983560 profit=1983560 seconds=6.7
[175/420] solving data/exp_instances/S14/S14_inst_25.txt -> data/exp_instances/S14/plan/S14_inst_25_optimal_plan.txt
[175/420] ok S14_inst_25.txt: accepted_sales=1644278 profit=1611756 seconds=8.1
[176/420] solving data/exp_instances/S14/S14_inst_26.txt -> data/exp_instances/S14/plan/S14_inst_26_optimal_plan.txt
[176/420] ok S14_inst_26.txt: accepted_sales=1829681 profit=1829681 seconds=7.1
[177/420] solving data/exp_instances/S14/S14_inst_27.txt -> data/exp_instances/S14/plan/S14_inst_27_optimal_plan.txt
[177/420] ok S14_inst_27.txt: accepted_sales=1857634 profit=1857634 seconds=7.2
[178/420] solving data/exp_instances/S14/S14_inst_28.txt -> data/exp_instances/S14/plan/S14_inst_28_optimal_plan.txt
[178/420] ok S14_inst_28.txt: accepted_sales=1062532 profit=-59502 seconds=5.4
[179/420] solving data/exp_instances/S14/S14_inst_29.txt -> data/exp_instances/S14/plan/S14_inst_29_optimal_plan.txt
[179/420] ok S14_inst_29.txt: accepted_sales=1991151 profit=1991151 seconds=7.8
[180/420] solving data/exp_instances/S14/S14_inst_30.txt -> data/exp_instances/S14/plan/S14_inst_30_optimal_plan.txt
[180/420] ok S14_inst_30.txt: accepted_sales=1857746 profit=1857746 seconds=7.0
[181/420] solving data/exp_instances/S2/S2_inst_01.txt -> data/exp_instances/S2/plan/S2_inst_01_optimal_plan.txt
[181/420] ok S2_inst_01.txt: accepted_sales=151660 profit=151660 seconds=0.0
[182/420] solving data/exp_instances/S2/S2_inst_02.txt -> data/exp_instances/S2/plan/S2_inst_02_optimal_plan.txt
[182/420] ok S2_inst_02.txt: accepted_sales=116227 profit=116227 seconds=0.0
[183/420] solving data/exp_instances/S2/S2_inst_03.txt -> data/exp_instances/S2/plan/S2_inst_03_optimal_plan.txt
[183/420] ok S2_inst_03.txt: accepted_sales=143222 profit=143222 seconds=0.0
[184/420] solving data/exp_instances/S2/S2_inst_04.txt -> data/exp_instances/S2/plan/S2_inst_04_optimal_plan.txt
[184/420] ok S2_inst_04.txt: accepted_sales=153613 profit=153613 seconds=0.0
[185/420] solving data/exp_instances/S2/S2_inst_05.txt -> data/exp_instances/S2/plan/S2_inst_05_optimal_plan.txt
[185/420] ok S2_inst_05.txt: accepted_sales=198431 profit=198431 seconds=0.0
[186/420] solving data/exp_instances/S2/S2_inst_06.txt -> data/exp_instances/S2/plan/S2_inst_06_optimal_plan.txt
[186/420] ok S2_inst_06.txt: accepted_sales=182005 profit=182005 seconds=0.0
[187/420] solving data/exp_instances/S2/S2_inst_07.txt -> data/exp_instances/S2/plan/S2_inst_07_optimal_plan.txt
[187/420] ok S2_inst_07.txt: accepted_sales=171673 profit=171673 seconds=0.0
[188/420] solving data/exp_instances/S2/S2_inst_08.txt -> data/exp_instances/S2/plan/S2_inst_08_optimal_plan.txt
[188/420] ok S2_inst_08.txt: accepted_sales=106480 profit=106480 seconds=0.0
[189/420] solving data/exp_instances/S2/S2_inst_09.txt -> data/exp_instances/S2/plan/S2_inst_09_optimal_plan.txt
[189/420] ok S2_inst_09.txt: accepted_sales=305776 profit=305776 seconds=0.0
[190/420] solving data/exp_instances/S2/S2_inst_10.txt -> data/exp_instances/S2/plan/S2_inst_10_optimal_plan.txt
[190/420] ok S2_inst_10.txt: accepted_sales=96247 profit=96247 seconds=0.0
[191/420] solving data/exp_instances/S2/S2_inst_11.txt -> data/exp_instances/S2/plan/S2_inst_11_optimal_plan.txt
[191/420] ok S2_inst_11.txt: accepted_sales=119714 profit=119714 seconds=0.0
[192/420] solving data/exp_instances/S2/S2_inst_12.txt -> data/exp_instances/S2/plan/S2_inst_12_optimal_plan.txt
[192/420] ok S2_inst_12.txt: accepted_sales=272403 profit=272403 seconds=0.0
[193/420] solving data/exp_instances/S2/S2_inst_13.txt -> data/exp_instances/S2/plan/S2_inst_13_optimal_plan.txt
[193/420] ok S2_inst_13.txt: accepted_sales=188928 profit=188928 seconds=0.0
[194/420] solving data/exp_instances/S2/S2_inst_14.txt -> data/exp_instances/S2/plan/S2_inst_14_optimal_plan.txt
[194/420] ok S2_inst_14.txt: accepted_sales=194380 profit=134568 seconds=0.0
[195/420] solving data/exp_instances/S2/S2_inst_15.txt -> data/exp_instances/S2/plan/S2_inst_15_optimal_plan.txt
[195/420] ok S2_inst_15.txt: accepted_sales=141465 profit=141465 seconds=0.0
[196/420] solving data/exp_instances/S2/S2_inst_16.txt -> data/exp_instances/S2/plan/S2_inst_16_optimal_plan.txt
[196/420] ok S2_inst_16.txt: accepted_sales=153031 profit=153031 seconds=0.0
[197/420] solving data/exp_instances/S2/S2_inst_17.txt -> data/exp_instances/S2/plan/S2_inst_17_optimal_plan.txt
[197/420] ok S2_inst_17.txt: accepted_sales=257620 profit=257620 seconds=0.0
[198/420] solving data/exp_instances/S2/S2_inst_18.txt -> data/exp_instances/S2/plan/S2_inst_18_optimal_plan.txt
[198/420] ok S2_inst_18.txt: accepted_sales=155072 profit=155072 seconds=0.0
[199/420] solving data/exp_instances/S2/S2_inst_19.txt -> data/exp_instances/S2/plan/S2_inst_19_optimal_plan.txt
[199/420] ok S2_inst_19.txt: accepted_sales=144614 profit=144614 seconds=0.1
[200/420] solving data/exp_instances/S2/S2_inst_20.txt -> data/exp_instances/S2/plan/S2_inst_20_optimal_plan.txt
[200/420] ok S2_inst_20.txt: accepted_sales=219870 profit=219870 seconds=0.0
[201/420] solving data/exp_instances/S2/S2_inst_21.txt -> data/exp_instances/S2/plan/S2_inst_21_optimal_plan.txt
[201/420] ok S2_inst_21.txt: accepted_sales=157509 profit=157509 seconds=0.0
[202/420] solving data/exp_instances/S2/S2_inst_22.txt -> data/exp_instances/S2/plan/S2_inst_22_optimal_plan.txt
[202/420] ok S2_inst_22.txt: accepted_sales=121568 profit=121568 seconds=0.1
[203/420] solving data/exp_instances/S2/S2_inst_23.txt -> data/exp_instances/S2/plan/S2_inst_23_optimal_plan.txt
[203/420] ok S2_inst_23.txt: accepted_sales=159561 profit=159561 seconds=0.0
[204/420] solving data/exp_instances/S2/S2_inst_24.txt -> data/exp_instances/S2/plan/S2_inst_24_optimal_plan.txt
[204/420] ok S2_inst_24.txt: accepted_sales=231965 profit=177497 seconds=0.0
[205/420] solving data/exp_instances/S2/S2_inst_25.txt -> data/exp_instances/S2/plan/S2_inst_25_optimal_plan.txt
[205/420] ok S2_inst_25.txt: accepted_sales=195889 profit=195889 seconds=0.0
[206/420] solving data/exp_instances/S2/S2_inst_26.txt -> data/exp_instances/S2/plan/S2_inst_26_optimal_plan.txt
[206/420] ok S2_inst_26.txt: accepted_sales=136033 profit=136033 seconds=0.0
[207/420] solving data/exp_instances/S2/S2_inst_27.txt -> data/exp_instances/S2/plan/S2_inst_27_optimal_plan.txt
[207/420] ok S2_inst_27.txt: accepted_sales=167778 profit=167778 seconds=0.0
[208/420] solving data/exp_instances/S2/S2_inst_28.txt -> data/exp_instances/S2/plan/S2_inst_28_optimal_plan.txt
[208/420] ok S2_inst_28.txt: accepted_sales=169536 profit=169536 seconds=0.0
[209/420] solving data/exp_instances/S2/S2_inst_29.txt -> data/exp_instances/S2/plan/S2_inst_29_optimal_plan.txt
[209/420] ok S2_inst_29.txt: accepted_sales=148091 profit=148091 seconds=0.0
[210/420] solving data/exp_instances/S2/S2_inst_30.txt -> data/exp_instances/S2/plan/S2_inst_30_optimal_plan.txt
[210/420] ok S2_inst_30.txt: accepted_sales=130220 profit=130220 seconds=0.0
[211/420] solving data/exp_instances/S3/S3_inst_01.txt -> data/exp_instances/S3/plan/S3_inst_01_optimal_plan.txt
[211/420] ok S3_inst_01.txt: accepted_sales=616066 profit=616066 seconds=0.3
[212/420] solving data/exp_instances/S3/S3_inst_02.txt -> data/exp_instances/S3/plan/S3_inst_02_optimal_plan.txt
[212/420] ok S3_inst_02.txt: accepted_sales=539819 profit=539819 seconds=0.3
[213/420] solving data/exp_instances/S3/S3_inst_03.txt -> data/exp_instances/S3/plan/S3_inst_03_optimal_plan.txt
[213/420] ok S3_inst_03.txt: accepted_sales=515235 profit=515235 seconds=0.5
[214/420] solving data/exp_instances/S3/S3_inst_04.txt -> data/exp_instances/S3/plan/S3_inst_04_optimal_plan.txt
[214/420] ok S3_inst_04.txt: accepted_sales=462023 profit=462023 seconds=0.3
[215/420] solving data/exp_instances/S3/S3_inst_05.txt -> data/exp_instances/S3/plan/S3_inst_05_optimal_plan.txt
[215/420] ok S3_inst_05.txt: accepted_sales=490314 profit=490314 seconds=0.4
[216/420] solving data/exp_instances/S3/S3_inst_06.txt -> data/exp_instances/S3/plan/S3_inst_06_optimal_plan.txt
[216/420] ok S3_inst_06.txt: accepted_sales=507162 profit=507162 seconds=0.3
[217/420] solving data/exp_instances/S3/S3_inst_07.txt -> data/exp_instances/S3/plan/S3_inst_07_optimal_plan.txt
[217/420] ok S3_inst_07.txt: accepted_sales=676874 profit=676874 seconds=0.3
[218/420] solving data/exp_instances/S3/S3_inst_08.txt -> data/exp_instances/S3/plan/S3_inst_08_optimal_plan.txt
[218/420] ok S3_inst_08.txt: accepted_sales=573058 profit=573058 seconds=0.3
[219/420] solving data/exp_instances/S3/S3_inst_09.txt -> data/exp_instances/S3/plan/S3_inst_09_optimal_plan.txt
[219/420] ok S3_inst_09.txt: accepted_sales=522077 profit=522077 seconds=0.3
[220/420] solving data/exp_instances/S3/S3_inst_10.txt -> data/exp_instances/S3/plan/S3_inst_10_optimal_plan.txt
[220/420] ok S3_inst_10.txt: accepted_sales=598875 profit=598875 seconds=0.3
[221/420] solving data/exp_instances/S3/S3_inst_11.txt -> data/exp_instances/S3/plan/S3_inst_11_optimal_plan.txt
[221/420] ok S3_inst_11.txt: accepted_sales=501605 profit=501605 seconds=0.3
[222/420] solving data/exp_instances/S3/S3_inst_12.txt -> data/exp_instances/S3/plan/S3_inst_12_optimal_plan.txt
[222/420] ok S3_inst_12.txt: accepted_sales=643592 profit=643592 seconds=0.4
[223/420] solving data/exp_instances/S3/S3_inst_13.txt -> data/exp_instances/S3/plan/S3_inst_13_optimal_plan.txt
[223/420] ok S3_inst_13.txt: accepted_sales=662988 profit=662988 seconds=0.3
[224/420] solving data/exp_instances/S3/S3_inst_14.txt -> data/exp_instances/S3/plan/S3_inst_14_optimal_plan.txt
[224/420] ok S3_inst_14.txt: accepted_sales=638669 profit=638669 seconds=0.3
[225/420] solving data/exp_instances/S3/S3_inst_15.txt -> data/exp_instances/S3/plan/S3_inst_15_optimal_plan.txt
[225/420] ok S3_inst_15.txt: accepted_sales=516389 profit=516389 seconds=0.3
[226/420] solving data/exp_instances/S3/S3_inst_16.txt -> data/exp_instances/S3/plan/S3_inst_16_optimal_plan.txt
[226/420] ok S3_inst_16.txt: accepted_sales=507186 profit=507186 seconds=0.3
[227/420] solving data/exp_instances/S3/S3_inst_17.txt -> data/exp_instances/S3/plan/S3_inst_17_optimal_plan.txt
[227/420] ok S3_inst_17.txt: accepted_sales=739798 profit=739798 seconds=0.3
[228/420] solving data/exp_instances/S3/S3_inst_18.txt -> data/exp_instances/S3/plan/S3_inst_18_optimal_plan.txt
[228/420] ok S3_inst_18.txt: accepted_sales=616072 profit=586264 seconds=0.4
[229/420] solving data/exp_instances/S3/S3_inst_19.txt -> data/exp_instances/S3/plan/S3_inst_19_optimal_plan.txt
[229/420] ok S3_inst_19.txt: accepted_sales=651592 profit=651592 seconds=0.3
[230/420] solving data/exp_instances/S3/S3_inst_20.txt -> data/exp_instances/S3/plan/S3_inst_20_optimal_plan.txt
[230/420] ok S3_inst_20.txt: accepted_sales=555688 profit=552062 seconds=0.3
[231/420] solving data/exp_instances/S3/S3_inst_21.txt -> data/exp_instances/S3/plan/S3_inst_21_optimal_plan.txt
[231/420] ok S3_inst_21.txt: accepted_sales=673678 profit=673678 seconds=0.3
[232/420] solving data/exp_instances/S3/S3_inst_22.txt -> data/exp_instances/S3/plan/S3_inst_22_optimal_plan.txt
[232/420] ok S3_inst_22.txt: accepted_sales=650576 profit=650576 seconds=0.4
[233/420] solving data/exp_instances/S3/S3_inst_23.txt -> data/exp_instances/S3/plan/S3_inst_23_optimal_plan.txt
[233/420] ok S3_inst_23.txt: accepted_sales=373771 profit=355699 seconds=0.3
[234/420] solving data/exp_instances/S3/S3_inst_24.txt -> data/exp_instances/S3/plan/S3_inst_24_optimal_plan.txt
[234/420] ok S3_inst_24.txt: accepted_sales=529561 profit=529561 seconds=0.4
[235/420] solving data/exp_instances/S3/S3_inst_25.txt -> data/exp_instances/S3/plan/S3_inst_25_optimal_plan.txt
[235/420] ok S3_inst_25.txt: accepted_sales=610994 profit=610994 seconds=0.3
[236/420] solving data/exp_instances/S3/S3_inst_26.txt -> data/exp_instances/S3/plan/S3_inst_26_optimal_plan.txt
[236/420] ok S3_inst_26.txt: accepted_sales=567814 profit=567814 seconds=0.3
[237/420] solving data/exp_instances/S3/S3_inst_27.txt -> data/exp_instances/S3/plan/S3_inst_27_optimal_plan.txt
[237/420] ok S3_inst_27.txt: accepted_sales=666085 profit=545381 seconds=0.3
[238/420] solving data/exp_instances/S3/S3_inst_28.txt -> data/exp_instances/S3/plan/S3_inst_28_optimal_plan.txt
[238/420] ok S3_inst_28.txt: accepted_sales=558684 profit=558684 seconds=0.3
[239/420] solving data/exp_instances/S3/S3_inst_29.txt -> data/exp_instances/S3/plan/S3_inst_29_optimal_plan.txt
[239/420] ok S3_inst_29.txt: accepted_sales=435945 profit=435945 seconds=0.3
[240/420] solving data/exp_instances/S3/S3_inst_30.txt -> data/exp_instances/S3/plan/S3_inst_30_optimal_plan.txt
[240/420] ok S3_inst_30.txt: accepted_sales=647630 profit=595298 seconds=0.3
[241/420] solving data/exp_instances/S4/S4_inst_01.txt -> data/exp_instances/S4/plan/S4_inst_01_optimal_plan.txt
[241/420] ok S4_inst_01.txt: accepted_sales=4368570 profit=4245146 seconds=48.7
[242/420] solving data/exp_instances/S4/S4_inst_02.txt -> data/exp_instances/S4/plan/S4_inst_02_optimal_plan.txt
[242/420] ok S4_inst_02.txt: accepted_sales=4495979 profit=4463651 seconds=63.8
[243/420] solving data/exp_instances/S4/S4_inst_03.txt -> data/exp_instances/S4/plan/S4_inst_03_optimal_plan.txt
[243/420] ok S4_inst_03.txt: accepted_sales=4871285 profit=4871285 seconds=64.2
[244/420] solving data/exp_instances/S4/S4_inst_04.txt -> data/exp_instances/S4/plan/S4_inst_04_optimal_plan.txt
[244/420] ok S4_inst_04.txt: accepted_sales=4166811 profit=4100045 seconds=61.8
[245/420] solving data/exp_instances/S4/S4_inst_05.txt -> data/exp_instances/S4/plan/S4_inst_05_optimal_plan.txt
[245/420] ok S4_inst_05.txt: accepted_sales=5341467 profit=5329533 seconds=69.1
[246/420] solving data/exp_instances/S4/S4_inst_06.txt -> data/exp_instances/S4/plan/S4_inst_06_optimal_plan.txt
[246/420] ok S4_inst_06.txt: accepted_sales=4484783 profit=4484783 seconds=68.2
[247/420] solving data/exp_instances/S4/S4_inst_07.txt -> data/exp_instances/S4/plan/S4_inst_07_optimal_plan.txt
[247/420] ok S4_inst_07.txt: accepted_sales=4216457 profit=4161415 seconds=64.4
[248/420] solving data/exp_instances/S4/S4_inst_08.txt -> data/exp_instances/S4/plan/S4_inst_08_optimal_plan.txt
[248/420] ok S4_inst_08.txt: accepted_sales=4623355 profit=4612533 seconds=53.5
[249/420] solving data/exp_instances/S4/S4_inst_09.txt -> data/exp_instances/S4/plan/S4_inst_09_optimal_plan.txt
[249/420] ok S4_inst_09.txt: accepted_sales=3889025 profit=2492955 seconds=34.7
[250/420] solving data/exp_instances/S4/S4_inst_10.txt -> data/exp_instances/S4/plan/S4_inst_10_optimal_plan.txt
[250/420] ok S4_inst_10.txt: accepted_sales=4041091 profit=4041091 seconds=64.4
[251/420] solving data/exp_instances/S4/S4_inst_11.txt -> data/exp_instances/S4/plan/S4_inst_11_optimal_plan.txt
[251/420] ok S4_inst_11.txt: accepted_sales=5019639 profit=5019639 seconds=61.5
[252/420] solving data/exp_instances/S4/S4_inst_12.txt -> data/exp_instances/S4/plan/S4_inst_12_optimal_plan.txt
[252/420] ok S4_inst_12.txt: accepted_sales=4907159 profit=4907159 seconds=54.5
[253/420] solving data/exp_instances/S4/S4_inst_13.txt -> data/exp_instances/S4/plan/S4_inst_13_optimal_plan.txt
[253/420] ok S4_inst_13.txt: accepted_sales=4483632 profit=4483632 seconds=62.7
[254/420] solving data/exp_instances/S4/S4_inst_14.txt -> data/exp_instances/S4/plan/S4_inst_14_optimal_plan.txt
[254/420] ok S4_inst_14.txt: accepted_sales=4244900 profit=4244900 seconds=55.6
[255/420] solving data/exp_instances/S4/S4_inst_15.txt -> data/exp_instances/S4/plan/S4_inst_15_optimal_plan.txt
[255/420] ok S4_inst_15.txt: accepted_sales=4974382 profit=4974382 seconds=56.8
[256/420] solving data/exp_instances/S4/S4_inst_16.txt -> data/exp_instances/S4/plan/S4_inst_16_optimal_plan.txt
[256/420] ok S4_inst_16.txt: accepted_sales=4840331 profit=4766659 seconds=61.4
[257/420] solving data/exp_instances/S4/S4_inst_17.txt -> data/exp_instances/S4/plan/S4_inst_17_optimal_plan.txt
[257/420] ok S4_inst_17.txt: accepted_sales=4108614 profit=4057486 seconds=59.9
[258/420] solving data/exp_instances/S4/S4_inst_18.txt -> data/exp_instances/S4/plan/S4_inst_18_optimal_plan.txt
[258/420] ok S4_inst_18.txt: accepted_sales=4341089 profit=4271529 seconds=60.9
[259/420] solving data/exp_instances/S4/S4_inst_19.txt -> data/exp_instances/S4/plan/S4_inst_19_optimal_plan.txt
[259/420] ok S4_inst_19.txt: accepted_sales=4455137 profit=4455137 seconds=66.5
[260/420] solving data/exp_instances/S4/S4_inst_20.txt -> data/exp_instances/S4/plan/S4_inst_20_optimal_plan.txt
[260/420] ok S4_inst_20.txt: accepted_sales=5089646 profit=5089646 seconds=63.4
[261/420] solving data/exp_instances/S4/S4_inst_21.txt -> data/exp_instances/S4/plan/S4_inst_21_optimal_plan.txt
[261/420] ok S4_inst_21.txt: accepted_sales=4765457 profit=4765457 seconds=66.9
[262/420] solving data/exp_instances/S4/S4_inst_22.txt -> data/exp_instances/S4/plan/S4_inst_22_optimal_plan.txt
[262/420] ok S4_inst_22.txt: accepted_sales=5348070 profit=5348070 seconds=59.8
[263/420] solving data/exp_instances/S4/S4_inst_23.txt -> data/exp_instances/S4/plan/S4_inst_23_optimal_plan.txt
[263/420] ok S4_inst_23.txt: accepted_sales=4541113 profit=4541113 seconds=60.1
[264/420] solving data/exp_instances/S4/S4_inst_24.txt -> data/exp_instances/S4/plan/S4_inst_24_optimal_plan.txt
[264/420] ok S4_inst_24.txt: accepted_sales=4593533 profit=4386677 seconds=57.3
[265/420] solving data/exp_instances/S4/S4_inst_25.txt -> data/exp_instances/S4/plan/S4_inst_25_optimal_plan.txt
[265/420] ok S4_inst_25.txt: accepted_sales=4354430 profit=4354430 seconds=59.1
[266/420] solving data/exp_instances/S4/S4_inst_26.txt -> data/exp_instances/S4/plan/S4_inst_26_optimal_plan.txt
[266/420] ok S4_inst_26.txt: accepted_sales=3988335 profit=3904175 seconds=67.9
[267/420] solving data/exp_instances/S4/S4_inst_27.txt -> data/exp_instances/S4/plan/S4_inst_27_optimal_plan.txt
[267/420] ok S4_inst_27.txt: accepted_sales=4248133 profit=4248133 seconds=63.5
[268/420] solving data/exp_instances/S4/S4_inst_28.txt -> data/exp_instances/S4/plan/S4_inst_28_optimal_plan.txt
[268/420] ok S4_inst_28.txt: accepted_sales=4866084 profit=4866084 seconds=59.6
[269/420] solving data/exp_instances/S4/S4_inst_29.txt -> data/exp_instances/S4/plan/S4_inst_29_optimal_plan.txt
[269/420] ok S4_inst_29.txt: accepted_sales=5005962 profit=4929138 seconds=66.5
[270/420] solving data/exp_instances/S4/S4_inst_30.txt -> data/exp_instances/S4/plan/S4_inst_30_optimal_plan.txt
[270/420] ok S4_inst_30.txt: accepted_sales=5529731 profit=5505071 seconds=66.6
[271/420] solving data/exp_instances/S5/S5_inst_01.txt -> data/exp_instances/S5/plan/S5_inst_01_optimal_plan.txt
[271/420] ok S5_inst_01.txt: accepted_sales=1670050 profit=1670050 seconds=7.7
[272/420] solving data/exp_instances/S5/S5_inst_02.txt -> data/exp_instances/S5/plan/S5_inst_02_optimal_plan.txt
[272/420] ok S5_inst_02.txt: accepted_sales=1815287 profit=1720307 seconds=5.4
[273/420] solving data/exp_instances/S5/S5_inst_03.txt -> data/exp_instances/S5/plan/S5_inst_03_optimal_plan.txt
[273/420] ok S5_inst_03.txt: accepted_sales=1618603 profit=1618603 seconds=8.0
[274/420] solving data/exp_instances/S5/S5_inst_04.txt -> data/exp_instances/S5/plan/S5_inst_04_optimal_plan.txt
[274/420] ok S5_inst_04.txt: accepted_sales=1767319 profit=1670351 seconds=5.9
[275/420] solving data/exp_instances/S5/S5_inst_05.txt -> data/exp_instances/S5/plan/S5_inst_05_optimal_plan.txt
[275/420] ok S5_inst_05.txt: accepted_sales=1410427 profit=1410427 seconds=7.4
[276/420] solving data/exp_instances/S5/S5_inst_06.txt -> data/exp_instances/S5/plan/S5_inst_06_optimal_plan.txt
[276/420] ok S5_inst_06.txt: accepted_sales=1600796 profit=1568036 seconds=5.7
[277/420] solving data/exp_instances/S5/S5_inst_07.txt -> data/exp_instances/S5/plan/S5_inst_07_optimal_plan.txt
[277/420] ok S5_inst_07.txt: accepted_sales=1891533 profit=1891533 seconds=7.3
[278/420] solving data/exp_instances/S5/S5_inst_08.txt -> data/exp_instances/S5/plan/S5_inst_08_optimal_plan.txt
[278/420] ok S5_inst_08.txt: accepted_sales=1446234 profit=1391724 seconds=7.9
[279/420] solving data/exp_instances/S5/S5_inst_09.txt -> data/exp_instances/S5/plan/S5_inst_09_optimal_plan.txt
[279/420] ok S5_inst_09.txt: accepted_sales=1664271 profit=1664271 seconds=7.7
[280/420] solving data/exp_instances/S5/S5_inst_10.txt -> data/exp_instances/S5/plan/S5_inst_10_optimal_plan.txt
[280/420] ok S5_inst_10.txt: accepted_sales=1727472 profit=1727472 seconds=7.3
[281/420] solving data/exp_instances/S5/S5_inst_11.txt -> data/exp_instances/S5/plan/S5_inst_11_optimal_plan.txt
[281/420] ok S5_inst_11.txt: accepted_sales=1621266 profit=1621266 seconds=8.1
[282/420] solving data/exp_instances/S5/S5_inst_12.txt -> data/exp_instances/S5/plan/S5_inst_12_optimal_plan.txt
[282/420] ok S5_inst_12.txt: accepted_sales=1358693 profit=1339161 seconds=7.1
[283/420] solving data/exp_instances/S5/S5_inst_13.txt -> data/exp_instances/S5/plan/S5_inst_13_optimal_plan.txt
[283/420] ok S5_inst_13.txt: accepted_sales=1826438 profit=1826438 seconds=8.0
[284/420] solving data/exp_instances/S5/S5_inst_14.txt -> data/exp_instances/S5/plan/S5_inst_14_optimal_plan.txt
[284/420] ok S5_inst_14.txt: accepted_sales=1841775 profit=1841775 seconds=7.8
[285/420] solving data/exp_instances/S5/S5_inst_15.txt -> data/exp_instances/S5/plan/S5_inst_15_optimal_plan.txt
[285/420] ok S5_inst_15.txt: accepted_sales=1826281 profit=1826281 seconds=7.7
[286/420] solving data/exp_instances/S5/S5_inst_16.txt -> data/exp_instances/S5/plan/S5_inst_16_optimal_plan.txt
[286/420] ok S5_inst_16.txt: accepted_sales=1939018 profit=1939018 seconds=8.4
[287/420] solving data/exp_instances/S5/S5_inst_17.txt -> data/exp_instances/S5/plan/S5_inst_17_optimal_plan.txt
[287/420] ok S5_inst_17.txt: accepted_sales=1897327 profit=1897327 seconds=8.3
[288/420] solving data/exp_instances/S5/S5_inst_18.txt -> data/exp_instances/S5/plan/S5_inst_18_optimal_plan.txt
[288/420] ok S5_inst_18.txt: accepted_sales=1444713 profit=1374621 seconds=9.1
[289/420] solving data/exp_instances/S5/S5_inst_19.txt -> data/exp_instances/S5/plan/S5_inst_19_optimal_plan.txt
[289/420] ok S5_inst_19.txt: accepted_sales=1857744 profit=1857744 seconds=8.4
[290/420] solving data/exp_instances/S5/S5_inst_20.txt -> data/exp_instances/S5/plan/S5_inst_20_optimal_plan.txt
[290/420] ok S5_inst_20.txt: accepted_sales=1789522 profit=1789522 seconds=7.7
[291/420] solving data/exp_instances/S5/S5_inst_21.txt -> data/exp_instances/S5/plan/S5_inst_21_optimal_plan.txt
[291/420] ok S5_inst_21.txt: accepted_sales=1526558 profit=1526558 seconds=7.4
[292/420] solving data/exp_instances/S5/S5_inst_22.txt -> data/exp_instances/S5/plan/S5_inst_22_optimal_plan.txt
[292/420] ok S5_inst_22.txt: accepted_sales=1734757 profit=1734757 seconds=7.8
[293/420] solving data/exp_instances/S5/S5_inst_23.txt -> data/exp_instances/S5/plan/S5_inst_23_optimal_plan.txt
[293/420] ok S5_inst_23.txt: accepted_sales=1751175 profit=1751175 seconds=7.7
[294/420] solving data/exp_instances/S5/S5_inst_24.txt -> data/exp_instances/S5/plan/S5_inst_24_optimal_plan.txt
[294/420] ok S5_inst_24.txt: accepted_sales=1478435 profit=1478435 seconds=8.2
[295/420] solving data/exp_instances/S5/S5_inst_25.txt -> data/exp_instances/S5/plan/S5_inst_25_optimal_plan.txt
[295/420] ok S5_inst_25.txt: accepted_sales=1596422 profit=1596422 seconds=7.7
[296/420] solving data/exp_instances/S5/S5_inst_26.txt -> data/exp_instances/S5/plan/S5_inst_26_optimal_plan.txt
[296/420] ok S5_inst_26.txt: accepted_sales=1886837 profit=1886837 seconds=7.8
[297/420] solving data/exp_instances/S5/S5_inst_27.txt -> data/exp_instances/S5/plan/S5_inst_27_optimal_plan.txt
[297/420] ok S5_inst_27.txt: accepted_sales=1978045 profit=1978045 seconds=7.7
[298/420] solving data/exp_instances/S5/S5_inst_28.txt -> data/exp_instances/S5/plan/S5_inst_28_optimal_plan.txt
[298/420] ok S5_inst_28.txt: accepted_sales=1547922 profit=1547922 seconds=7.7
[299/420] solving data/exp_instances/S5/S5_inst_29.txt -> data/exp_instances/S5/plan/S5_inst_29_optimal_plan.txt
[299/420] ok S5_inst_29.txt: accepted_sales=1968484 profit=1968484 seconds=7.9
[300/420] solving data/exp_instances/S5/S5_inst_30.txt -> data/exp_instances/S5/plan/S5_inst_30_optimal_plan.txt
[300/420] ok S5_inst_30.txt: accepted_sales=1881845 profit=1881845 seconds=7.6
[301/420] solving data/exp_instances/S6/S6_inst_01.txt -> data/exp_instances/S6/plan/S6_inst_01_optimal_plan.txt
[301/420] ok S6_inst_01.txt: accepted_sales=1893458 profit=1893458 seconds=7.7
[302/420] solving data/exp_instances/S6/S6_inst_02.txt -> data/exp_instances/S6/plan/S6_inst_02_optimal_plan.txt
[302/420] ok S6_inst_02.txt: accepted_sales=1857071 profit=1857071 seconds=7.6
[303/420] solving data/exp_instances/S6/S6_inst_03.txt -> data/exp_instances/S6/plan/S6_inst_03_optimal_plan.txt
[303/420] ok S6_inst_03.txt: accepted_sales=2065068 profit=2065068 seconds=6.6
[304/420] solving data/exp_instances/S6/S6_inst_04.txt -> data/exp_instances/S6/plan/S6_inst_04_optimal_plan.txt
[304/420] ok S6_inst_04.txt: accepted_sales=2212228 profit=2212228 seconds=7.5
[305/420] solving data/exp_instances/S6/S6_inst_05.txt -> data/exp_instances/S6/plan/S6_inst_05_optimal_plan.txt
[305/420] ok S6_inst_05.txt: accepted_sales=1674750 profit=1674750 seconds=8.7
[306/420] solving data/exp_instances/S6/S6_inst_06.txt -> data/exp_instances/S6/plan/S6_inst_06_optimal_plan.txt
[306/420] ok S6_inst_06.txt: accepted_sales=1922003 profit=1825883 seconds=8.2
[307/420] solving data/exp_instances/S6/S6_inst_07.txt -> data/exp_instances/S6/plan/S6_inst_07_optimal_plan.txt
[307/420] ok S6_inst_07.txt: accepted_sales=2255615 profit=2255615 seconds=7.9
[308/420] solving data/exp_instances/S6/S6_inst_08.txt -> data/exp_instances/S6/plan/S6_inst_08_optimal_plan.txt
[308/420] ok S6_inst_08.txt: accepted_sales=1986421 profit=1986421 seconds=7.8
[309/420] solving data/exp_instances/S6/S6_inst_09.txt -> data/exp_instances/S6/plan/S6_inst_09_optimal_plan.txt
[309/420] ok S6_inst_09.txt: accepted_sales=1988929 profit=1988929 seconds=7.7
[310/420] solving data/exp_instances/S6/S6_inst_10.txt -> data/exp_instances/S6/plan/S6_inst_10_optimal_plan.txt
[310/420] ok S6_inst_10.txt: accepted_sales=1979751 profit=1979751 seconds=7.7
[311/420] solving data/exp_instances/S6/S6_inst_11.txt -> data/exp_instances/S6/plan/S6_inst_11_optimal_plan.txt
[311/420] ok S6_inst_11.txt: accepted_sales=1831849 profit=1831849 seconds=7.1
[312/420] solving data/exp_instances/S6/S6_inst_12.txt -> data/exp_instances/S6/plan/S6_inst_12_optimal_plan.txt
[312/420] ok S6_inst_12.txt: accepted_sales=2077695 profit=2077695 seconds=7.2
[313/420] solving data/exp_instances/S6/S6_inst_13.txt -> data/exp_instances/S6/plan/S6_inst_13_optimal_plan.txt
[313/420] ok S6_inst_13.txt: accepted_sales=2049033 profit=2049033 seconds=6.8
[314/420] solving data/exp_instances/S6/S6_inst_14.txt -> data/exp_instances/S6/plan/S6_inst_14_optimal_plan.txt
[314/420] ok S6_inst_14.txt: accepted_sales=2292322 profit=2292322 seconds=8.1
[315/420] solving data/exp_instances/S6/S6_inst_15.txt -> data/exp_instances/S6/plan/S6_inst_15_optimal_plan.txt
[315/420] ok S6_inst_15.txt: accepted_sales=2077026 profit=2077026 seconds=8.6
[316/420] solving data/exp_instances/S6/S6_inst_16.txt -> data/exp_instances/S6/plan/S6_inst_16_optimal_plan.txt
[316/420] ok S6_inst_16.txt: accepted_sales=1961208 profit=1961208 seconds=7.7
[317/420] solving data/exp_instances/S6/S6_inst_17.txt -> data/exp_instances/S6/plan/S6_inst_17_optimal_plan.txt
[317/420] ok S6_inst_17.txt: accepted_sales=1681498 profit=1602774 seconds=6.3
[318/420] solving data/exp_instances/S6/S6_inst_18.txt -> data/exp_instances/S6/plan/S6_inst_18_optimal_plan.txt
[318/420] ok S6_inst_18.txt: accepted_sales=1407055 profit=1395491 seconds=7.6
[319/420] solving data/exp_instances/S6/S6_inst_19.txt -> data/exp_instances/S6/plan/S6_inst_19_optimal_plan.txt
[319/420] ok S6_inst_19.txt: accepted_sales=2102591 profit=2102591 seconds=8.3
[320/420] solving data/exp_instances/S6/S6_inst_20.txt -> data/exp_instances/S6/plan/S6_inst_20_optimal_plan.txt
[320/420] ok S6_inst_20.txt: accepted_sales=1887572 profit=1887572 seconds=7.9
[321/420] solving data/exp_instances/S6/S6_inst_21.txt -> data/exp_instances/S6/plan/S6_inst_21_optimal_plan.txt
[321/420] ok S6_inst_21.txt: accepted_sales=1739946 profit=1739946 seconds=7.5
[322/420] solving data/exp_instances/S6/S6_inst_22.txt -> data/exp_instances/S6/plan/S6_inst_22_optimal_plan.txt
[322/420] ok S6_inst_22.txt: accepted_sales=2147675 profit=2147675 seconds=7.0
[323/420] solving data/exp_instances/S6/S6_inst_23.txt -> data/exp_instances/S6/plan/S6_inst_23_optimal_plan.txt
[323/420] ok S6_inst_23.txt: accepted_sales=1702475 profit=1034377 seconds=7.3
[324/420] solving data/exp_instances/S6/S6_inst_24.txt -> data/exp_instances/S6/plan/S6_inst_24_optimal_plan.txt
[324/420] ok S6_inst_24.txt: accepted_sales=1961059 profit=1950195 seconds=7.2
[325/420] solving data/exp_instances/S6/S6_inst_25.txt -> data/exp_instances/S6/plan/S6_inst_25_optimal_plan.txt
[325/420] ok S6_inst_25.txt: accepted_sales=1750029 profit=1750029 seconds=6.7
[326/420] solving data/exp_instances/S6/S6_inst_26.txt -> data/exp_instances/S6/plan/S6_inst_26_optimal_plan.txt
[326/420] ok S6_inst_26.txt: accepted_sales=1220376 profit=84540 seconds=5.9
[327/420] solving data/exp_instances/S6/S6_inst_27.txt -> data/exp_instances/S6/plan/S6_inst_27_optimal_plan.txt
[327/420] ok S6_inst_27.txt: accepted_sales=1910975 profit=1910975 seconds=7.5
[328/420] solving data/exp_instances/S6/S6_inst_28.txt -> data/exp_instances/S6/plan/S6_inst_28_optimal_plan.txt
[328/420] ok S6_inst_28.txt: accepted_sales=1874015 profit=1874015 seconds=7.3
[329/420] solving data/exp_instances/S6/S6_inst_29.txt -> data/exp_instances/S6/plan/S6_inst_29_optimal_plan.txt
[329/420] ok S6_inst_29.txt: accepted_sales=1762615 profit=1762615 seconds=7.6
[330/420] solving data/exp_instances/S6/S6_inst_30.txt -> data/exp_instances/S6/plan/S6_inst_30_optimal_plan.txt
[330/420] ok S6_inst_30.txt: accepted_sales=2066692 profit=2066692 seconds=7.6
[331/420] solving data/exp_instances/S7/S7_inst_01.txt -> data/exp_instances/S7/plan/S7_inst_01_optimal_plan.txt
[331/420] ok S7_inst_01.txt: accepted_sales=1954527 profit=1954527 seconds=6.9
[332/420] solving data/exp_instances/S7/S7_inst_02.txt -> data/exp_instances/S7/plan/S7_inst_02_optimal_plan.txt
[332/420] ok S7_inst_02.txt: accepted_sales=2024171 profit=1626945 seconds=6.4
[333/420] solving data/exp_instances/S7/S7_inst_03.txt -> data/exp_instances/S7/plan/S7_inst_03_optimal_plan.txt
[333/420] ok S7_inst_03.txt: accepted_sales=1990041 profit=1990041 seconds=7.5
[334/420] solving data/exp_instances/S7/S7_inst_04.txt -> data/exp_instances/S7/plan/S7_inst_04_optimal_plan.txt
[334/420] ok S7_inst_04.txt: accepted_sales=1817887 profit=1817887 seconds=7.5
[335/420] solving data/exp_instances/S7/S7_inst_05.txt -> data/exp_instances/S7/plan/S7_inst_05_optimal_plan.txt
[335/420] ok S7_inst_05.txt: accepted_sales=1921815 profit=1921815 seconds=6.8
[336/420] solving data/exp_instances/S7/S7_inst_06.txt -> data/exp_instances/S7/plan/S7_inst_06_optimal_plan.txt
[336/420] ok S7_inst_06.txt: accepted_sales=2080882 profit=2080882 seconds=6.9
[337/420] solving data/exp_instances/S7/S7_inst_07.txt -> data/exp_instances/S7/plan/S7_inst_07_optimal_plan.txt
[337/420] ok S7_inst_07.txt: accepted_sales=1928490 profit=1912914 seconds=8.1
[338/420] solving data/exp_instances/S7/S7_inst_08.txt -> data/exp_instances/S7/plan/S7_inst_08_optimal_plan.txt
[338/420] ok S7_inst_08.txt: accepted_sales=1466892 profit=1425252 seconds=6.8
[339/420] solving data/exp_instances/S7/S7_inst_09.txt -> data/exp_instances/S7/plan/S7_inst_09_optimal_plan.txt
[339/420] ok S7_inst_09.txt: accepted_sales=1970509 profit=1970509 seconds=7.5
[340/420] solving data/exp_instances/S7/S7_inst_10.txt -> data/exp_instances/S7/plan/S7_inst_10_optimal_plan.txt
[340/420] ok S7_inst_10.txt: accepted_sales=1919876 profit=1919876 seconds=6.5
[341/420] solving data/exp_instances/S7/S7_inst_11.txt -> data/exp_instances/S7/plan/S7_inst_11_optimal_plan.txt
[341/420] ok S7_inst_11.txt: accepted_sales=2244341 profit=2244341 seconds=7.1
[342/420] solving data/exp_instances/S7/S7_inst_12.txt -> data/exp_instances/S7/plan/S7_inst_12_optimal_plan.txt
[342/420] ok S7_inst_12.txt: accepted_sales=1706308 profit=1706308 seconds=7.0
[343/420] solving data/exp_instances/S7/S7_inst_13.txt -> data/exp_instances/S7/plan/S7_inst_13_optimal_plan.txt
[343/420] ok S7_inst_13.txt: accepted_sales=2025658 profit=2025658 seconds=7.2
[344/420] solving data/exp_instances/S7/S7_inst_14.txt -> data/exp_instances/S7/plan/S7_inst_14_optimal_plan.txt
[344/420] ok S7_inst_14.txt: accepted_sales=2026272 profit=2026272 seconds=7.2
[345/420] solving data/exp_instances/S7/S7_inst_15.txt -> data/exp_instances/S7/plan/S7_inst_15_optimal_plan.txt
[345/420] ok S7_inst_15.txt: accepted_sales=1578418 profit=1531200 seconds=7.2
[346/420] solving data/exp_instances/S7/S7_inst_16.txt -> data/exp_instances/S7/plan/S7_inst_16_optimal_plan.txt
[346/420] ok S7_inst_16.txt: accepted_sales=1657763 profit=1654259 seconds=7.0
[347/420] solving data/exp_instances/S7/S7_inst_17.txt -> data/exp_instances/S7/plan/S7_inst_17_optimal_plan.txt
[347/420] ok S7_inst_17.txt: accepted_sales=1916394 profit=1916394 seconds=7.6
[348/420] solving data/exp_instances/S7/S7_inst_18.txt -> data/exp_instances/S7/plan/S7_inst_18_optimal_plan.txt
[348/420] ok S7_inst_18.txt: accepted_sales=2087962 profit=2087962 seconds=6.8
[349/420] solving data/exp_instances/S7/S7_inst_19.txt -> data/exp_instances/S7/plan/S7_inst_19_optimal_plan.txt
[349/420] ok S7_inst_19.txt: accepted_sales=1627222 profit=1627222 seconds=7.6
[350/420] solving data/exp_instances/S7/S7_inst_20.txt -> data/exp_instances/S7/plan/S7_inst_20_optimal_plan.txt
[350/420] ok S7_inst_20.txt: accepted_sales=1807058 profit=1807058 seconds=7.3
[351/420] solving data/exp_instances/S7/S7_inst_21.txt -> data/exp_instances/S7/plan/S7_inst_21_optimal_plan.txt
[351/420] ok S7_inst_21.txt: accepted_sales=1344533 profit=1058551 seconds=7.0
[352/420] solving data/exp_instances/S7/S7_inst_22.txt -> data/exp_instances/S7/plan/S7_inst_22_optimal_plan.txt
[352/420] ok S7_inst_22.txt: accepted_sales=1808125 profit=1808125 seconds=7.7
[353/420] solving data/exp_instances/S7/S7_inst_23.txt -> data/exp_instances/S7/plan/S7_inst_23_optimal_plan.txt
[353/420] ok S7_inst_23.txt: accepted_sales=1805622 profit=1805622 seconds=6.9
[354/420] solving data/exp_instances/S7/S7_inst_24.txt -> data/exp_instances/S7/plan/S7_inst_24_optimal_plan.txt
[354/420] ok S7_inst_24.txt: accepted_sales=1971721 profit=1875037 seconds=7.6
[355/420] solving data/exp_instances/S7/S7_inst_25.txt -> data/exp_instances/S7/plan/S7_inst_25_optimal_plan.txt
[355/420] ok S7_inst_25.txt: accepted_sales=1884111 profit=1884111 seconds=8.2
[356/420] solving data/exp_instances/S7/S7_inst_26.txt -> data/exp_instances/S7/plan/S7_inst_26_optimal_plan.txt
[356/420] ok S7_inst_26.txt: accepted_sales=1965091 profit=1965091 seconds=6.9
[357/420] solving data/exp_instances/S7/S7_inst_27.txt -> data/exp_instances/S7/plan/S7_inst_27_optimal_plan.txt
[357/420] ok S7_inst_27.txt: accepted_sales=1566987 profit=1457709 seconds=7.0
[358/420] solving data/exp_instances/S7/S7_inst_28.txt -> data/exp_instances/S7/plan/S7_inst_28_optimal_plan.txt
[358/420] ok S7_inst_28.txt: accepted_sales=1407407 profit=1393005 seconds=6.8
[359/420] solving data/exp_instances/S7/S7_inst_29.txt -> data/exp_instances/S7/plan/S7_inst_29_optimal_plan.txt
[359/420] ok S7_inst_29.txt: accepted_sales=2037348 profit=2037348 seconds=6.8
[360/420] solving data/exp_instances/S7/S7_inst_30.txt -> data/exp_instances/S7/plan/S7_inst_30_optimal_plan.txt
[360/420] ok S7_inst_30.txt: accepted_sales=1812962 profit=1812962 seconds=7.3
[361/420] solving data/exp_instances/S8/S8_inst_01.txt -> data/exp_instances/S8/plan/S8_inst_01_optimal_plan.txt
[361/420] ok S8_inst_01.txt: accepted_sales=1469867 profit=1392105 seconds=6.7
[362/420] solving data/exp_instances/S8/S8_inst_02.txt -> data/exp_instances/S8/plan/S8_inst_02_optimal_plan.txt
[362/420] ok S8_inst_02.txt: accepted_sales=1874352 profit=1874352 seconds=7.0
[363/420] solving data/exp_instances/S8/S8_inst_03.txt -> data/exp_instances/S8/plan/S8_inst_03_optimal_plan.txt
[363/420] ok S8_inst_03.txt: accepted_sales=1979061 profit=1979061 seconds=7.7
[364/420] solving data/exp_instances/S8/S8_inst_04.txt -> data/exp_instances/S8/plan/S8_inst_04_optimal_plan.txt
[364/420] ok S8_inst_04.txt: accepted_sales=1655807 profit=1655807 seconds=7.7
[365/420] solving data/exp_instances/S8/S8_inst_05.txt -> data/exp_instances/S8/plan/S8_inst_05_optimal_plan.txt
[365/420] ok S8_inst_05.txt: accepted_sales=1880022 profit=1880022 seconds=8.6
[366/420] solving data/exp_instances/S8/S8_inst_06.txt -> data/exp_instances/S8/plan/S8_inst_06_optimal_plan.txt
[366/420] ok S8_inst_06.txt: accepted_sales=1762008 profit=1762008 seconds=7.2
[367/420] solving data/exp_instances/S8/S8_inst_07.txt -> data/exp_instances/S8/plan/S8_inst_07_optimal_plan.txt
[367/420] ok S8_inst_07.txt: accepted_sales=2034182 profit=2034182 seconds=7.5
[368/420] solving data/exp_instances/S8/S8_inst_08.txt -> data/exp_instances/S8/plan/S8_inst_08_optimal_plan.txt
[368/420] ok S8_inst_08.txt: accepted_sales=1906624 profit=1906624 seconds=8.1
[369/420] solving data/exp_instances/S8/S8_inst_09.txt -> data/exp_instances/S8/plan/S8_inst_09_optimal_plan.txt
[369/420] ok S8_inst_09.txt: accepted_sales=2177527 profit=2177527 seconds=6.9
[370/420] solving data/exp_instances/S8/S8_inst_10.txt -> data/exp_instances/S8/plan/S8_inst_10_optimal_plan.txt
[370/420] ok S8_inst_10.txt: accepted_sales=2090613 profit=2090613 seconds=7.9
[371/420] solving data/exp_instances/S8/S8_inst_11.txt -> data/exp_instances/S8/plan/S8_inst_11_optimal_plan.txt
[371/420] ok S8_inst_11.txt: accepted_sales=2203484 profit=2203484 seconds=7.2
[372/420] solving data/exp_instances/S8/S8_inst_12.txt -> data/exp_instances/S8/plan/S8_inst_12_optimal_plan.txt
[372/420] ok S8_inst_12.txt: accepted_sales=1920552 profit=1920552 seconds=7.1
[373/420] solving data/exp_instances/S8/S8_inst_13.txt -> data/exp_instances/S8/plan/S8_inst_13_optimal_plan.txt
[373/420] ok S8_inst_13.txt: accepted_sales=1720037 profit=1695783 seconds=6.6
[374/420] solving data/exp_instances/S8/S8_inst_14.txt -> data/exp_instances/S8/plan/S8_inst_14_optimal_plan.txt
[374/420] ok S8_inst_14.txt: accepted_sales=1754603 profit=1754603 seconds=8.6
[375/420] solving data/exp_instances/S8/S8_inst_15.txt -> data/exp_instances/S8/plan/S8_inst_15_optimal_plan.txt
[375/420] ok S8_inst_15.txt: accepted_sales=1794980 profit=1794980 seconds=7.5
[376/420] solving data/exp_instances/S8/S8_inst_16.txt -> data/exp_instances/S8/plan/S8_inst_16_optimal_plan.txt
[376/420] ok S8_inst_16.txt: accepted_sales=1657752 profit=1657752 seconds=8.1
[377/420] solving data/exp_instances/S8/S8_inst_17.txt -> data/exp_instances/S8/plan/S8_inst_17_optimal_plan.txt
[377/420] ok S8_inst_17.txt: accepted_sales=2020963 profit=2020963 seconds=7.1
[378/420] solving data/exp_instances/S8/S8_inst_18.txt -> data/exp_instances/S8/plan/S8_inst_18_optimal_plan.txt
[378/420] ok S8_inst_18.txt: accepted_sales=1677752 profit=1677752 seconds=7.1
[379/420] solving data/exp_instances/S8/S8_inst_19.txt -> data/exp_instances/S8/plan/S8_inst_19_optimal_plan.txt
[379/420] ok S8_inst_19.txt: accepted_sales=1122898 profit=177788 seconds=5.6
[380/420] solving data/exp_instances/S8/S8_inst_20.txt -> data/exp_instances/S8/plan/S8_inst_20_optimal_plan.txt
[380/420] ok S8_inst_20.txt: accepted_sales=1466435 profit=1121861 seconds=6.3
[381/420] solving data/exp_instances/S8/S8_inst_21.txt -> data/exp_instances/S8/plan/S8_inst_21_optimal_plan.txt
[381/420] ok S8_inst_21.txt: accepted_sales=1962008 profit=1962008 seconds=6.9
[382/420] solving data/exp_instances/S8/S8_inst_22.txt -> data/exp_instances/S8/plan/S8_inst_22_optimal_plan.txt
[382/420] ok S8_inst_22.txt: accepted_sales=2058141 profit=1477587 seconds=7.0
[383/420] solving data/exp_instances/S8/S8_inst_23.txt -> data/exp_instances/S8/plan/S8_inst_23_optimal_plan.txt
[383/420] ok S8_inst_23.txt: accepted_sales=1988812 profit=1988812 seconds=6.7
[384/420] solving data/exp_instances/S8/S8_inst_24.txt -> data/exp_instances/S8/plan/S8_inst_24_optimal_plan.txt
[384/420] ok S8_inst_24.txt: accepted_sales=1738843 profit=1738843 seconds=6.9
[385/420] solving data/exp_instances/S8/S8_inst_25.txt -> data/exp_instances/S8/plan/S8_inst_25_optimal_plan.txt
[385/420] ok S8_inst_25.txt: accepted_sales=1887929 profit=1887929 seconds=7.4
[386/420] solving data/exp_instances/S8/S8_inst_26.txt -> data/exp_instances/S8/plan/S8_inst_26_optimal_plan.txt
[386/420] ok S8_inst_26.txt: accepted_sales=1844283 profit=1768293 seconds=6.8
[387/420] solving data/exp_instances/S8/S8_inst_27.txt -> data/exp_instances/S8/plan/S8_inst_27_optimal_plan.txt
[387/420] ok S8_inst_27.txt: accepted_sales=1650015 profit=1595399 seconds=7.7
[388/420] solving data/exp_instances/S8/S8_inst_28.txt -> data/exp_instances/S8/plan/S8_inst_28_optimal_plan.txt
[388/420] ok S8_inst_28.txt: accepted_sales=1667037 profit=1667037 seconds=6.9
[389/420] solving data/exp_instances/S8/S8_inst_29.txt -> data/exp_instances/S8/plan/S8_inst_29_optimal_plan.txt
[389/420] ok S8_inst_29.txt: accepted_sales=1913319 profit=1885883 seconds=8.2
[390/420] solving data/exp_instances/S8/S8_inst_30.txt -> data/exp_instances/S8/plan/S8_inst_30_optimal_plan.txt
[390/420] ok S8_inst_30.txt: accepted_sales=2135666 profit=2135666 seconds=8.2
[391/420] solving data/exp_instances/S9/S9_inst_01.txt -> data/exp_instances/S9/plan/S9_inst_01_optimal_plan.txt
[391/420] ok S9_inst_01.txt: accepted_sales=2084037 profit=2084037 seconds=8.0
[392/420] solving data/exp_instances/S9/S9_inst_02.txt -> data/exp_instances/S9/plan/S9_inst_02_optimal_plan.txt
[392/420] ok S9_inst_02.txt: accepted_sales=1685863 profit=1685863 seconds=6.3
[393/420] solving data/exp_instances/S9/S9_inst_03.txt -> data/exp_instances/S9/plan/S9_inst_03_optimal_plan.txt
[393/420] ok S9_inst_03.txt: accepted_sales=2117582 profit=2117582 seconds=5.8
[394/420] solving data/exp_instances/S9/S9_inst_04.txt -> data/exp_instances/S9/plan/S9_inst_04_optimal_plan.txt
[394/420] ok S9_inst_04.txt: accepted_sales=1629840 profit=1629840 seconds=7.0
[395/420] solving data/exp_instances/S9/S9_inst_05.txt -> data/exp_instances/S9/plan/S9_inst_05_optimal_plan.txt
[395/420] ok S9_inst_05.txt: accepted_sales=1673386 profit=1673386 seconds=8.1
[396/420] solving data/exp_instances/S9/S9_inst_06.txt -> data/exp_instances/S9/plan/S9_inst_06_optimal_plan.txt
[396/420] ok S9_inst_06.txt: accepted_sales=1944451 profit=1944451 seconds=6.3
[397/420] solving data/exp_instances/S9/S9_inst_07.txt -> data/exp_instances/S9/plan/S9_inst_07_optimal_plan.txt
[397/420] ok S9_inst_07.txt: accepted_sales=1784800 profit=1784800 seconds=8.9
[398/420] solving data/exp_instances/S9/S9_inst_08.txt -> data/exp_instances/S9/plan/S9_inst_08_optimal_plan.txt
[398/420] ok S9_inst_08.txt: accepted_sales=1622319 profit=1622319 seconds=9.0
[399/420] solving data/exp_instances/S9/S9_inst_09.txt -> data/exp_instances/S9/plan/S9_inst_09_optimal_plan.txt
[399/420] ok S9_inst_09.txt: accepted_sales=2184128 profit=2184128 seconds=6.7
[400/420] solving data/exp_instances/S9/S9_inst_10.txt -> data/exp_instances/S9/plan/S9_inst_10_optimal_plan.txt
[400/420] ok S9_inst_10.txt: accepted_sales=2067997 profit=2067997 seconds=5.2
[401/420] solving data/exp_instances/S9/S9_inst_11.txt -> data/exp_instances/S9/plan/S9_inst_11_optimal_plan.txt
[401/420] ok S9_inst_11.txt: accepted_sales=1995581 profit=1995581 seconds=6.2
[402/420] solving data/exp_instances/S9/S9_inst_12.txt -> data/exp_instances/S9/plan/S9_inst_12_optimal_plan.txt
[402/420] ok S9_inst_12.txt: accepted_sales=1742858 profit=1742858 seconds=6.6
[403/420] solving data/exp_instances/S9/S9_inst_13.txt -> data/exp_instances/S9/plan/S9_inst_13_optimal_plan.txt
[403/420] ok S9_inst_13.txt: accepted_sales=2188851 profit=2188851 seconds=7.0
[404/420] solving data/exp_instances/S9/S9_inst_14.txt -> data/exp_instances/S9/plan/S9_inst_14_optimal_plan.txt
[404/420] ok S9_inst_14.txt: accepted_sales=1948392 profit=1948392 seconds=7.6
[405/420] solving data/exp_instances/S9/S9_inst_15.txt -> data/exp_instances/S9/plan/S9_inst_15_optimal_plan.txt
[405/420] ok S9_inst_15.txt: accepted_sales=2141283 profit=2141283 seconds=8.9
[406/420] solving data/exp_instances/S9/S9_inst_16.txt -> data/exp_instances/S9/plan/S9_inst_16_optimal_plan.txt
[406/420] ok S9_inst_16.txt: accepted_sales=2026436 profit=2026436 seconds=8.7
[407/420] solving data/exp_instances/S9/S9_inst_17.txt -> data/exp_instances/S9/plan/S9_inst_17_optimal_plan.txt
[407/420] ok S9_inst_17.txt: accepted_sales=1991738 profit=1991738 seconds=7.7
[408/420] solving data/exp_instances/S9/S9_inst_18.txt -> data/exp_instances/S9/plan/S9_inst_18_optimal_plan.txt
[408/420] ok S9_inst_18.txt: accepted_sales=1934166 profit=1934166 seconds=6.8
[409/420] solving data/exp_instances/S9/S9_inst_19.txt -> data/exp_instances/S9/plan/S9_inst_19_optimal_plan.txt
[409/420] ok S9_inst_19.txt: accepted_sales=1705523 profit=1705523 seconds=7.1
[410/420] solving data/exp_instances/S9/S9_inst_20.txt -> data/exp_instances/S9/plan/S9_inst_20_optimal_plan.txt
[410/420] ok S9_inst_20.txt: accepted_sales=1893330 profit=1893330 seconds=7.3
[411/420] solving data/exp_instances/S9/S9_inst_21.txt -> data/exp_instances/S9/plan/S9_inst_21_optimal_plan.txt
[411/420] ok S9_inst_21.txt: accepted_sales=1822571 profit=1822571 seconds=7.6
[412/420] solving data/exp_instances/S9/S9_inst_22.txt -> data/exp_instances/S9/plan/S9_inst_22_optimal_plan.txt
[412/420] ok S9_inst_22.txt: accepted_sales=2144649 profit=2144649 seconds=8.0
[413/420] solving data/exp_instances/S9/S9_inst_23.txt -> data/exp_instances/S9/plan/S9_inst_23_optimal_plan.txt
[413/420] ok S9_inst_23.txt: accepted_sales=2320851 profit=2318451 seconds=8.3
[414/420] solving data/exp_instances/S9/S9_inst_24.txt -> data/exp_instances/S9/plan/S9_inst_24_optimal_plan.txt
[414/420] ok S9_inst_24.txt: accepted_sales=1714319 profit=1714319 seconds=6.8
[415/420] solving data/exp_instances/S9/S9_inst_25.txt -> data/exp_instances/S9/plan/S9_inst_25_optimal_plan.txt
[415/420] ok S9_inst_25.txt: accepted_sales=1701011 profit=1701011 seconds=8.4
[416/420] solving data/exp_instances/S9/S9_inst_26.txt -> data/exp_instances/S9/plan/S9_inst_26_optimal_plan.txt
[416/420] ok S9_inst_26.txt: accepted_sales=1786515 profit=1786515 seconds=7.0
[417/420] solving data/exp_instances/S9/S9_inst_27.txt -> data/exp_instances/S9/plan/S9_inst_27_optimal_plan.txt
[417/420] ok S9_inst_27.txt: accepted_sales=1731331 profit=1731331 seconds=7.1
[418/420] solving data/exp_instances/S9/S9_inst_28.txt -> data/exp_instances/S9/plan/S9_inst_28_optimal_plan.txt
[418/420] ok S9_inst_28.txt: accepted_sales=1637015 profit=1637015 seconds=5.4
[419/420] solving data/exp_instances/S9/S9_inst_29.txt -> data/exp_instances/S9/plan/S9_inst_29_optimal_plan.txt
[419/420] ok S9_inst_29.txt: accepted_sales=1747982 profit=1747982 seconds=7.9
[420/420] solving data/exp_instances/S9/S9_inst_30.txt -> data/exp_instances/S9/plan/S9_inst_30_optimal_plan.txt
[420/420] ok S9_inst_30.txt: accepted_sales=1573977 profit=1528657 seconds=4.2
runner finished.
[2/3] rerun algo benchmarks
found 420 instances; total rows including ip_solver = 1260
[1/1260] wrote S1/S1_inst_01.txt ip_solver
[2/1260] running S1/S1_inst_01.txt algo1
[2/1260] ok S1/S1_inst_01.txt algo1 seconds=0.010652 profit=2076945 moving_time=7020
[3/1260] running S1/S1_inst_01.txt algo5
[3/1260] ok S1/S1_inst_01.txt algo5 seconds=0.070803 profit=2076945 moving_time=8370
[4/1260] wrote S1/S1_inst_02.txt ip_solver
[5/1260] running S1/S1_inst_02.txt algo1
[5/1260] ok S1/S1_inst_02.txt algo1 seconds=0.010922 profit=1968696 moving_time=8100
[6/1260] running S1/S1_inst_02.txt algo5
[6/1260] ok S1/S1_inst_02.txt algo5 seconds=0.088171 profit=1968696 moving_time=8640
[7/1260] wrote S1/S1_inst_03.txt ip_solver
[8/1260] running S1/S1_inst_03.txt algo1
[8/1260] ok S1/S1_inst_03.txt algo1 seconds=0.010733 profit=1861859 moving_time=6750
[9/1260] running S1/S1_inst_03.txt algo5
[9/1260] ok S1/S1_inst_03.txt algo5 seconds=0.058795 profit=1861859 moving_time=7920
[10/1260] wrote S1/S1_inst_04.txt ip_solver
[11/1260] running S1/S1_inst_04.txt algo1
[11/1260] ok S1/S1_inst_04.txt algo1 seconds=0.010727 profit=2325960 moving_time=7200
[12/1260] running S1/S1_inst_04.txt algo5
[12/1260] ok S1/S1_inst_04.txt algo5 seconds=0.112842 profit=2325960 moving_time=8280
[13/1260] wrote S1/S1_inst_05.txt ip_solver
[14/1260] running S1/S1_inst_05.txt algo1
[14/1260] ok S1/S1_inst_05.txt algo1 seconds=0.010899 profit=1994277 moving_time=6750
[15/1260] running S1/S1_inst_05.txt algo5
[15/1260] ok S1/S1_inst_05.txt algo5 seconds=0.098366 profit=1994277 moving_time=8640
[16/1260] wrote S1/S1_inst_06.txt ip_solver
[17/1260] running S1/S1_inst_06.txt algo1
[17/1260] ok S1/S1_inst_06.txt algo1 seconds=0.013436 profit=2177625 moving_time=7830
[18/1260] running S1/S1_inst_06.txt algo5
[18/1260] ok S1/S1_inst_06.txt algo5 seconds=0.079721 profit=2177625 moving_time=8730
[19/1260] wrote S1/S1_inst_07.txt ip_solver
[20/1260] running S1/S1_inst_07.txt algo1
[20/1260] ok S1/S1_inst_07.txt algo1 seconds=0.010787 profit=1677512 moving_time=7380
[21/1260] running S1/S1_inst_07.txt algo5
[21/1260] ok S1/S1_inst_07.txt algo5 seconds=0.063737 profit=1677512 moving_time=8190
[22/1260] wrote S1/S1_inst_08.txt ip_solver
[23/1260] running S1/S1_inst_08.txt algo1
[23/1260] ok S1/S1_inst_08.txt algo1 seconds=0.010820 profit=1870181 moving_time=7200
[24/1260] running S1/S1_inst_08.txt algo5
[24/1260] ok S1/S1_inst_08.txt algo5 seconds=0.053602 profit=1870181 moving_time=8010
[25/1260] wrote S1/S1_inst_09.txt ip_solver
[26/1260] running S1/S1_inst_09.txt algo1
[26/1260] ok S1/S1_inst_09.txt algo1 seconds=0.012779 profit=1888696 moving_time=7470
[27/1260] running S1/S1_inst_09.txt algo5
[27/1260] ok S1/S1_inst_09.txt algo5 seconds=0.125953 profit=1888696 moving_time=7920
[28/1260] wrote S1/S1_inst_10.txt ip_solver
[29/1260] running S1/S1_inst_10.txt algo1
[29/1260] ok S1/S1_inst_10.txt algo1 seconds=0.010599 profit=2100577 moving_time=7380
[30/1260] running S1/S1_inst_10.txt algo5
[30/1260] ok S1/S1_inst_10.txt algo5 seconds=0.071217 profit=2100577 moving_time=8370
[31/1260] wrote S1/S1_inst_11.txt ip_solver
[32/1260] running S1/S1_inst_11.txt algo1
[32/1260] ok S1/S1_inst_11.txt algo1 seconds=0.010867 profit=2404882 moving_time=7470
[33/1260] running S1/S1_inst_11.txt algo5
[33/1260] ok S1/S1_inst_11.txt algo5 seconds=0.083273 profit=2404882 moving_time=8730
[34/1260] wrote S1/S1_inst_12.txt ip_solver
[35/1260] running S1/S1_inst_12.txt algo1
[35/1260] ok S1/S1_inst_12.txt algo1 seconds=0.011439 profit=1646450 moving_time=7110
[36/1260] running S1/S1_inst_12.txt algo5
[36/1260] ok S1/S1_inst_12.txt algo5 seconds=0.072048 profit=1646450 moving_time=8370
[37/1260] wrote S1/S1_inst_13.txt ip_solver
[38/1260] running S1/S1_inst_13.txt algo1
[38/1260] ok S1/S1_inst_13.txt algo1 seconds=0.019432 profit=1916262 moving_time=6930
[39/1260] running S1/S1_inst_13.txt algo5
[39/1260] ok S1/S1_inst_13.txt algo5 seconds=0.138233 profit=1916262 moving_time=8640
[40/1260] wrote S1/S1_inst_14.txt ip_solver
[41/1260] running S1/S1_inst_14.txt algo1
[41/1260] ok S1/S1_inst_14.txt algo1 seconds=0.014554 profit=1800714 moving_time=6930
[42/1260] running S1/S1_inst_14.txt algo5
[42/1260] ok S1/S1_inst_14.txt algo5 seconds=0.097457 profit=1800714 moving_time=8370
[43/1260] wrote S1/S1_inst_15.txt ip_solver
[44/1260] running S1/S1_inst_15.txt algo1
[44/1260] ok S1/S1_inst_15.txt algo1 seconds=0.010925 profit=1665629 moving_time=7020
[45/1260] running S1/S1_inst_15.txt algo5
[45/1260] ok S1/S1_inst_15.txt algo5 seconds=0.122490 profit=1665629 moving_time=8640
[46/1260] wrote S1/S1_inst_16.txt ip_solver
[47/1260] running S1/S1_inst_16.txt algo1
[47/1260] infeasible S1/S1_inst_16.txt algo1 seconds=0.013276 profit=1538670 moving_time=7470
[48/1260] running S1/S1_inst_16.txt algo5
[48/1260] infeasible S1/S1_inst_16.txt algo5 seconds=0.148176 profit=1538670 moving_time=8190
[49/1260] wrote S1/S1_inst_17.txt ip_solver
[50/1260] running S1/S1_inst_17.txt algo1
[50/1260] infeasible S1/S1_inst_17.txt algo1 seconds=0.010588 profit=2030859 moving_time=7380
[51/1260] running S1/S1_inst_17.txt algo5
[51/1260] infeasible S1/S1_inst_17.txt algo5 seconds=0.097067 profit=2030859 moving_time=8280
[52/1260] wrote S1/S1_inst_18.txt ip_solver
[53/1260] running S1/S1_inst_18.txt algo1
[53/1260] ok S1/S1_inst_18.txt algo1 seconds=0.010854 profit=1658624 moving_time=7740
[54/1260] running S1/S1_inst_18.txt algo5
[54/1260] ok S1/S1_inst_18.txt algo5 seconds=0.054212 profit=1658624 moving_time=8640
[55/1260] wrote S1/S1_inst_19.txt ip_solver
[56/1260] running S1/S1_inst_19.txt algo1
[56/1260] ok S1/S1_inst_19.txt algo1 seconds=0.010821 profit=2086238 moving_time=7470
[57/1260] running S1/S1_inst_19.txt algo5
[57/1260] ok S1/S1_inst_19.txt algo5 seconds=0.132784 profit=2086238 moving_time=8910
[58/1260] wrote S1/S1_inst_20.txt ip_solver
[59/1260] running S1/S1_inst_20.txt algo1
[59/1260] ok S1/S1_inst_20.txt algo1 seconds=0.010850 profit=2121967 moving_time=7650
[60/1260] running S1/S1_inst_20.txt algo5
[60/1260] ok S1/S1_inst_20.txt algo5 seconds=0.097645 profit=2121967 moving_time=8730
[61/1260] wrote S1/S1_inst_21.txt ip_solver
[62/1260] running S1/S1_inst_21.txt algo1
[62/1260] ok S1/S1_inst_21.txt algo1 seconds=0.010865 profit=1776933 moving_time=7380
[63/1260] running S1/S1_inst_21.txt algo5
[63/1260] ok S1/S1_inst_21.txt algo5 seconds=0.053190 profit=1776933 moving_time=8280
[64/1260] wrote S1/S1_inst_22.txt ip_solver
[65/1260] running S1/S1_inst_22.txt algo1
[65/1260] ok S1/S1_inst_22.txt algo1 seconds=0.010868 profit=1913457 moving_time=7920
[66/1260] running S1/S1_inst_22.txt algo5
[66/1260] ok S1/S1_inst_22.txt algo5 seconds=0.111520 profit=1913457 moving_time=8820
[67/1260] wrote S1/S1_inst_23.txt ip_solver
[68/1260] running S1/S1_inst_23.txt algo1
[68/1260] ok S1/S1_inst_23.txt algo1 seconds=0.010661 profit=2295943 moving_time=6750
[69/1260] running S1/S1_inst_23.txt algo5
[69/1260] ok S1/S1_inst_23.txt algo5 seconds=0.046326 profit=2295943 moving_time=8010
[70/1260] wrote S1/S1_inst_24.txt ip_solver
[71/1260] running S1/S1_inst_24.txt algo1
[71/1260] ok S1/S1_inst_24.txt algo1 seconds=0.010783 profit=1768015 moving_time=7290
[72/1260] running S1/S1_inst_24.txt algo5
[72/1260] ok S1/S1_inst_24.txt algo5 seconds=0.106795 profit=1768015 moving_time=8640
[73/1260] wrote S1/S1_inst_25.txt ip_solver
[74/1260] running S1/S1_inst_25.txt algo1
[74/1260] ok S1/S1_inst_25.txt algo1 seconds=0.010657 profit=2078029 moving_time=7290
[75/1260] running S1/S1_inst_25.txt algo5
[75/1260] ok S1/S1_inst_25.txt algo5 seconds=0.071144 profit=2078029 moving_time=8190
[76/1260] wrote S1/S1_inst_26.txt ip_solver
[77/1260] running S1/S1_inst_26.txt algo1
[77/1260] ok S1/S1_inst_26.txt algo1 seconds=0.012941 profit=1865771 moving_time=7650
[78/1260] running S1/S1_inst_26.txt algo5
[78/1260] ok S1/S1_inst_26.txt algo5 seconds=0.100544 profit=1865771 moving_time=8730
[79/1260] wrote S1/S1_inst_27.txt ip_solver
[80/1260] running S1/S1_inst_27.txt algo1
[80/1260] ok S1/S1_inst_27.txt algo1 seconds=0.010621 profit=1947130 moving_time=7380
[81/1260] running S1/S1_inst_27.txt algo5
[81/1260] ok S1/S1_inst_27.txt algo5 seconds=0.090924 profit=1947130 moving_time=8190
[82/1260] wrote S1/S1_inst_28.txt ip_solver
[83/1260] running S1/S1_inst_28.txt algo1
[83/1260] ok S1/S1_inst_28.txt algo1 seconds=0.010518 profit=2080865 moving_time=7200
[84/1260] running S1/S1_inst_28.txt algo5
[84/1260] ok S1/S1_inst_28.txt algo5 seconds=0.137867 profit=2080865 moving_time=8010
[85/1260] wrote S1/S1_inst_29.txt ip_solver
[86/1260] running S1/S1_inst_29.txt algo1
[86/1260] ok S1/S1_inst_29.txt algo1 seconds=0.010854 profit=2135355 moving_time=7020
[87/1260] running S1/S1_inst_29.txt algo5
[87/1260] ok S1/S1_inst_29.txt algo5 seconds=0.124724 profit=2135355 moving_time=8460
[88/1260] wrote S1/S1_inst_30.txt ip_solver
[89/1260] running S1/S1_inst_30.txt algo1
[89/1260] ok S1/S1_inst_30.txt algo1 seconds=0.010631 profit=2293822 moving_time=7920
[90/1260] running S1/S1_inst_30.txt algo5
[90/1260] ok S1/S1_inst_30.txt algo5 seconds=0.056220 profit=2293822 moving_time=8640
[91/1260] wrote S10/S10_inst_01.txt ip_solver
[92/1260] running S10/S10_inst_01.txt algo1
[92/1260] ok S10/S10_inst_01.txt algo1 seconds=0.010478 profit=1601581 moving_time=7110
[93/1260] running S10/S10_inst_01.txt algo5
[93/1260] ok S10/S10_inst_01.txt algo5 seconds=0.237834 profit=1580167 moving_time=7380
[94/1260] wrote S10/S10_inst_02.txt ip_solver
[95/1260] running S10/S10_inst_02.txt algo1
[95/1260] ok S10/S10_inst_02.txt algo1 seconds=0.010455 profit=1878767 moving_time=7020
[96/1260] running S10/S10_inst_02.txt algo5
[96/1260] ok S10/S10_inst_02.txt algo5 seconds=0.196455 profit=1878767 moving_time=7740
[97/1260] wrote S10/S10_inst_03.txt ip_solver
[98/1260] running S10/S10_inst_03.txt algo1
[98/1260] ok S10/S10_inst_03.txt algo1 seconds=0.012869 profit=1970264 moving_time=7920
[99/1260] running S10/S10_inst_03.txt algo5
[99/1260] ok S10/S10_inst_03.txt algo5 seconds=0.214780 profit=1978112 moving_time=8010
[100/1260] wrote S10/S10_inst_04.txt ip_solver
[101/1260] running S10/S10_inst_04.txt algo1
[101/1260] ok S10/S10_inst_04.txt algo1 seconds=0.010498 profit=1742114 moving_time=7830
[102/1260] running S10/S10_inst_04.txt algo5
[102/1260] ok S10/S10_inst_04.txt algo5 seconds=0.237423 profit=1741394 moving_time=7920
[103/1260] wrote S10/S10_inst_05.txt ip_solver
[104/1260] running S10/S10_inst_05.txt algo1
[104/1260] ok S10/S10_inst_05.txt algo1 seconds=0.010440 profit=1759065 moving_time=7110
[105/1260] running S10/S10_inst_05.txt algo5
[105/1260] ok S10/S10_inst_05.txt algo5 seconds=0.252613 profit=1807458 moving_time=7830
[106/1260] wrote S10/S10_inst_06.txt ip_solver
[107/1260] running S10/S10_inst_06.txt algo1
[107/1260] ok S10/S10_inst_06.txt algo1 seconds=0.012362 profit=1673227 moving_time=6840
[108/1260] running S10/S10_inst_06.txt algo5
[108/1260] ok S10/S10_inst_06.txt algo5 seconds=0.127705 profit=1702366 moving_time=8010
[109/1260] wrote S10/S10_inst_07.txt ip_solver
[110/1260] running S10/S10_inst_07.txt algo1
[110/1260] ok S10/S10_inst_07.txt algo1 seconds=0.010414 profit=1578852 moving_time=7380
[111/1260] running S10/S10_inst_07.txt algo5
[111/1260] ok S10/S10_inst_07.txt algo5 seconds=0.240992 profit=1577118 moving_time=8100
[112/1260] wrote S10/S10_inst_08.txt ip_solver
[113/1260] running S10/S10_inst_08.txt algo1
[113/1260] ok S10/S10_inst_08.txt algo1 seconds=0.010369 profit=1204191 moving_time=7380
[114/1260] running S10/S10_inst_08.txt algo5
[114/1260] ok S10/S10_inst_08.txt algo5 seconds=0.117184 profit=1287453 moving_time=7290
[115/1260] wrote S10/S10_inst_09.txt ip_solver
[116/1260] running S10/S10_inst_09.txt algo1
[116/1260] ok S10/S10_inst_09.txt algo1 seconds=0.010408 profit=1605273 moving_time=7290
[117/1260] running S10/S10_inst_09.txt algo5
[117/1260] ok S10/S10_inst_09.txt algo5 seconds=0.181588 profit=1655952 moving_time=7650
[118/1260] wrote S10/S10_inst_10.txt ip_solver
[119/1260] running S10/S10_inst_10.txt algo1
[119/1260] ok S10/S10_inst_10.txt algo1 seconds=0.013257 profit=1906193 moving_time=8010
[120/1260] running S10/S10_inst_10.txt algo5
[120/1260] ok S10/S10_inst_10.txt algo5 seconds=0.193352 profit=1906193 moving_time=8460
[121/1260] wrote S10/S10_inst_11.txt ip_solver
[122/1260] running S10/S10_inst_11.txt algo1
[122/1260] ok S10/S10_inst_11.txt algo1 seconds=0.010497 profit=1552493 moving_time=7290
[123/1260] running S10/S10_inst_11.txt algo5
[123/1260] ok S10/S10_inst_11.txt algo5 seconds=0.118588 profit=1566713 moving_time=8010
[124/1260] wrote S10/S10_inst_12.txt ip_solver
[125/1260] running S10/S10_inst_12.txt algo1
[125/1260] ok S10/S10_inst_12.txt algo1 seconds=0.010536 profit=1916628 moving_time=7650
[126/1260] running S10/S10_inst_12.txt algo5
[126/1260] ok S10/S10_inst_12.txt algo5 seconds=0.214078 profit=1905837 moving_time=8010
[127/1260] wrote S10/S10_inst_13.txt ip_solver
[128/1260] running S10/S10_inst_13.txt algo1
[128/1260] ok S10/S10_inst_13.txt algo1 seconds=0.010617 profit=1624350 moving_time=7020
[129/1260] running S10/S10_inst_13.txt algo5
[129/1260] ok S10/S10_inst_13.txt algo5 seconds=0.158643 profit=1721964 moving_time=7650
[130/1260] wrote S10/S10_inst_14.txt ip_solver
[131/1260] running S10/S10_inst_14.txt algo1
[131/1260] ok S10/S10_inst_14.txt algo1 seconds=0.010311 profit=1593700 moving_time=6840
[132/1260] running S10/S10_inst_14.txt algo5
[132/1260] ok S10/S10_inst_14.txt algo5 seconds=0.216199 profit=1591018 moving_time=7110
[133/1260] wrote S10/S10_inst_15.txt ip_solver
[134/1260] running S10/S10_inst_15.txt algo1
[134/1260] ok S10/S10_inst_15.txt algo1 seconds=0.010966 profit=1611099 moving_time=6840
[135/1260] running S10/S10_inst_15.txt algo5
[135/1260] ok S10/S10_inst_15.txt algo5 seconds=0.133434 profit=1611099 moving_time=7110
[136/1260] wrote S10/S10_inst_16.txt ip_solver
[137/1260] running S10/S10_inst_16.txt algo1
[137/1260] ok S10/S10_inst_16.txt algo1 seconds=0.010309 profit=1442234 moving_time=6480
[138/1260] running S10/S10_inst_16.txt algo5
[138/1260] ok S10/S10_inst_16.txt algo5 seconds=0.228895 profit=1426187 moving_time=6660
[139/1260] wrote S10/S10_inst_17.txt ip_solver
[140/1260] running S10/S10_inst_17.txt algo1
[140/1260] ok S10/S10_inst_17.txt algo1 seconds=0.010567 profit=1798464 moving_time=7830
[141/1260] running S10/S10_inst_17.txt algo5
[141/1260] ok S10/S10_inst_17.txt algo5 seconds=0.188917 profit=1798464 moving_time=8190
[142/1260] wrote S10/S10_inst_18.txt ip_solver
[143/1260] running S10/S10_inst_18.txt algo1
[143/1260] ok S10/S10_inst_18.txt algo1 seconds=0.010273 profit=1475448 moving_time=6480
[144/1260] running S10/S10_inst_18.txt algo5
[144/1260] ok S10/S10_inst_18.txt algo5 seconds=0.163205 profit=1471929 moving_time=6480
[145/1260] wrote S10/S10_inst_19.txt ip_solver
[146/1260] running S10/S10_inst_19.txt algo1
[146/1260] ok S10/S10_inst_19.txt algo1 seconds=0.010474 profit=1607222 moving_time=7560
[147/1260] running S10/S10_inst_19.txt algo5
[147/1260] ok S10/S10_inst_19.txt algo5 seconds=0.215373 profit=1658516 moving_time=7920
[148/1260] wrote S10/S10_inst_20.txt ip_solver
[149/1260] running S10/S10_inst_20.txt algo1
[149/1260] ok S10/S10_inst_20.txt algo1 seconds=0.010339 profit=1639527 moving_time=7290
[150/1260] running S10/S10_inst_20.txt algo5
[150/1260] ok S10/S10_inst_20.txt algo5 seconds=0.228186 profit=1755537 moving_time=7740
[151/1260] wrote S10/S10_inst_21.txt ip_solver
[152/1260] running S10/S10_inst_21.txt algo1
[152/1260] ok S10/S10_inst_21.txt algo1 seconds=0.013037 profit=1792393 moving_time=7200
[153/1260] running S10/S10_inst_21.txt algo5
[153/1260] ok S10/S10_inst_21.txt algo5 seconds=0.127934 profit=1894642 moving_time=7650
[154/1260] wrote S10/S10_inst_22.txt ip_solver
[155/1260] running S10/S10_inst_22.txt algo1
[155/1260] ok S10/S10_inst_22.txt algo1 seconds=0.010526 profit=1623796 moving_time=7470
[156/1260] running S10/S10_inst_22.txt algo5
[156/1260] ok S10/S10_inst_22.txt algo5 seconds=0.165042 profit=1703704 moving_time=7740
[157/1260] wrote S10/S10_inst_23.txt ip_solver
[158/1260] running S10/S10_inst_23.txt algo1
[158/1260] ok S10/S10_inst_23.txt algo1 seconds=0.010436 profit=1719933 moving_time=7470
[159/1260] running S10/S10_inst_23.txt algo5
[159/1260] ok S10/S10_inst_23.txt algo5 seconds=0.132336 profit=1722147 moving_time=7650
[160/1260] wrote S10/S10_inst_24.txt ip_solver
[161/1260] running S10/S10_inst_24.txt algo1
[161/1260] ok S10/S10_inst_24.txt algo1 seconds=0.010459 profit=1572383 moving_time=7110
[162/1260] running S10/S10_inst_24.txt algo5
[162/1260] ok S10/S10_inst_24.txt algo5 seconds=0.091508 profit=1646396 moving_time=7650
[163/1260] wrote S10/S10_inst_25.txt ip_solver
[164/1260] running S10/S10_inst_25.txt algo1
[164/1260] ok S10/S10_inst_25.txt algo1 seconds=0.010376 profit=1583139 moving_time=7380
[165/1260] running S10/S10_inst_25.txt algo5
[165/1260] ok S10/S10_inst_25.txt algo5 seconds=0.096610 profit=1583139 moving_time=7560
[166/1260] wrote S10/S10_inst_26.txt ip_solver
[167/1260] running S10/S10_inst_26.txt algo1
[167/1260] ok S10/S10_inst_26.txt algo1 seconds=0.010416 profit=1423154 moving_time=7470
[168/1260] running S10/S10_inst_26.txt algo5
[168/1260] ok S10/S10_inst_26.txt algo5 seconds=0.191363 profit=1423613 moving_time=7920
[169/1260] wrote S10/S10_inst_27.txt ip_solver
[170/1260] running S10/S10_inst_27.txt algo1
[170/1260] ok S10/S10_inst_27.txt algo1 seconds=0.010488 profit=1655760 moving_time=7110
[171/1260] running S10/S10_inst_27.txt algo5
[171/1260] ok S10/S10_inst_27.txt algo5 seconds=0.066478 profit=1739730 moving_time=7650
[172/1260] wrote S10/S10_inst_28.txt ip_solver
[173/1260] running S10/S10_inst_28.txt algo1
[173/1260] ok S10/S10_inst_28.txt algo1 seconds=0.010453 profit=1448164 moving_time=7200
[174/1260] running S10/S10_inst_28.txt algo5
[174/1260] ok S10/S10_inst_28.txt algo5 seconds=0.111488 profit=1452565 moving_time=7200
[175/1260] wrote S10/S10_inst_29.txt ip_solver
[176/1260] running S10/S10_inst_29.txt algo1
[176/1260] ok S10/S10_inst_29.txt algo1 seconds=0.010523 profit=1499236 moving_time=7020
[177/1260] running S10/S10_inst_29.txt algo5
[177/1260] ok S10/S10_inst_29.txt algo5 seconds=0.071011 profit=1499236 moving_time=7200
[178/1260] wrote S10/S10_inst_30.txt ip_solver
[179/1260] running S10/S10_inst_30.txt algo1
[179/1260] ok S10/S10_inst_30.txt algo1 seconds=0.010643 profit=1470680 moving_time=7290
[180/1260] running S10/S10_inst_30.txt algo5
[180/1260] ok S10/S10_inst_30.txt algo5 seconds=0.105294 profit=1484930 moving_time=7830
[181/1260] wrote S11/S11_inst_01.txt ip_solver
[182/1260] running S11/S11_inst_01.txt algo1
[182/1260] ok S11/S11_inst_01.txt algo1 seconds=0.010666 profit=1868896 moving_time=7290
[183/1260] running S11/S11_inst_01.txt algo5
[183/1260] ok S11/S11_inst_01.txt algo5 seconds=0.167539 profit=1868896 moving_time=8370
[184/1260] wrote S11/S11_inst_02.txt ip_solver
[185/1260] running S11/S11_inst_02.txt algo1
[185/1260] ok S11/S11_inst_02.txt algo1 seconds=0.012771 profit=1744443 moving_time=7740
[186/1260] running S11/S11_inst_02.txt algo5
[186/1260] ok S11/S11_inst_02.txt algo5 seconds=0.077508 profit=1744443 moving_time=8550
[187/1260] wrote S11/S11_inst_03.txt ip_solver
[188/1260] running S11/S11_inst_03.txt algo1
[188/1260] ok S11/S11_inst_03.txt algo1 seconds=0.010784 profit=1776266 moving_time=7650
[189/1260] running S11/S11_inst_03.txt algo5
[189/1260] ok S11/S11_inst_03.txt algo5 seconds=0.069690 profit=1776266 moving_time=8730
[190/1260] wrote S11/S11_inst_04.txt ip_solver
[191/1260] running S11/S11_inst_04.txt algo1
[191/1260] ok S11/S11_inst_04.txt algo1 seconds=0.010734 profit=1804050 moving_time=7560
[192/1260] running S11/S11_inst_04.txt algo5
[192/1260] ok S11/S11_inst_04.txt algo5 seconds=0.055246 profit=1804050 moving_time=8190
[193/1260] wrote S11/S11_inst_05.txt ip_solver
[194/1260] running S11/S11_inst_05.txt algo1
[194/1260] ok S11/S11_inst_05.txt algo1 seconds=0.012594 profit=1854543 moving_time=7830
[195/1260] running S11/S11_inst_05.txt algo5
[195/1260] ok S11/S11_inst_05.txt algo5 seconds=0.069937 profit=1854543 moving_time=8190
[196/1260] wrote S11/S11_inst_06.txt ip_solver
[197/1260] running S11/S11_inst_06.txt algo1
[197/1260] ok S11/S11_inst_06.txt algo1 seconds=0.010640 profit=1860134 moving_time=7470
[198/1260] running S11/S11_inst_06.txt algo5
[198/1260] ok S11/S11_inst_06.txt algo5 seconds=0.065026 profit=1860134 moving_time=8370
[199/1260] wrote S11/S11_inst_07.txt ip_solver
[200/1260] running S11/S11_inst_07.txt algo1
[200/1260] ok S11/S11_inst_07.txt algo1 seconds=0.010711 profit=1887038 moving_time=7650
[201/1260] running S11/S11_inst_07.txt algo5
[201/1260] ok S11/S11_inst_07.txt algo5 seconds=0.082750 profit=1887038 moving_time=8010
[202/1260] wrote S11/S11_inst_08.txt ip_solver
[203/1260] running S11/S11_inst_08.txt algo1
[203/1260] ok S11/S11_inst_08.txt algo1 seconds=0.012602 profit=1643099 moving_time=8010
[204/1260] running S11/S11_inst_08.txt algo5
[204/1260] ok S11/S11_inst_08.txt algo5 seconds=0.047266 profit=1643099 moving_time=8280
[205/1260] wrote S11/S11_inst_09.txt ip_solver
[206/1260] running S11/S11_inst_09.txt algo1
[206/1260] ok S11/S11_inst_09.txt algo1 seconds=0.010664 profit=2176999 moving_time=7290
[207/1260] running S11/S11_inst_09.txt algo5
[207/1260] ok S11/S11_inst_09.txt algo5 seconds=0.045060 profit=2176999 moving_time=7920
[208/1260] wrote S11/S11_inst_10.txt ip_solver
[209/1260] running S11/S11_inst_10.txt algo1
[209/1260] ok S11/S11_inst_10.txt algo1 seconds=0.010743 profit=2085651 moving_time=8100
[210/1260] running S11/S11_inst_10.txt algo5
[210/1260] ok S11/S11_inst_10.txt algo5 seconds=0.055831 profit=2085651 moving_time=8460
[211/1260] wrote S11/S11_inst_11.txt ip_solver
[212/1260] running S11/S11_inst_11.txt algo1
[212/1260] ok S11/S11_inst_11.txt algo1 seconds=0.012318 profit=1818861 moving_time=7560
[213/1260] running S11/S11_inst_11.txt algo5
[213/1260] ok S11/S11_inst_11.txt algo5 seconds=0.064385 profit=1818861 moving_time=8550
[214/1260] wrote S11/S11_inst_12.txt ip_solver
[215/1260] running S11/S11_inst_12.txt algo1
[215/1260] ok S11/S11_inst_12.txt algo1 seconds=0.010759 profit=1805945 moving_time=7470
[216/1260] running S11/S11_inst_12.txt algo5
[216/1260] ok S11/S11_inst_12.txt algo5 seconds=0.154740 profit=1805945 moving_time=8370
[217/1260] wrote S11/S11_inst_13.txt ip_solver
[218/1260] running S11/S11_inst_13.txt algo1
[218/1260] ok S11/S11_inst_13.txt algo1 seconds=0.010670 profit=1989632 moving_time=7740
[219/1260] running S11/S11_inst_13.txt algo5
[219/1260] ok S11/S11_inst_13.txt algo5 seconds=0.068132 profit=1989632 moving_time=8460
[220/1260] wrote S11/S11_inst_14.txt ip_solver
[221/1260] running S11/S11_inst_14.txt algo1
[221/1260] ok S11/S11_inst_14.txt algo1 seconds=0.012334 profit=2024487 moving_time=7110
[222/1260] running S11/S11_inst_14.txt algo5
[222/1260] ok S11/S11_inst_14.txt algo5 seconds=0.044025 profit=2024487 moving_time=8190
[223/1260] wrote S11/S11_inst_15.txt ip_solver
[224/1260] running S11/S11_inst_15.txt algo1
[224/1260] ok S11/S11_inst_15.txt algo1 seconds=0.010651 profit=1882982 moving_time=7740
[225/1260] running S11/S11_inst_15.txt algo5
[225/1260] ok S11/S11_inst_15.txt algo5 seconds=0.073833 profit=1882982 moving_time=8190
[226/1260] wrote S11/S11_inst_16.txt ip_solver
[227/1260] running S11/S11_inst_16.txt algo1
[227/1260] ok S11/S11_inst_16.txt algo1 seconds=0.010835 profit=2013747 moving_time=7560
[228/1260] running S11/S11_inst_16.txt algo5
[228/1260] ok S11/S11_inst_16.txt algo5 seconds=0.081223 profit=2013747 moving_time=8820
[229/1260] wrote S11/S11_inst_17.txt ip_solver
[230/1260] running S11/S11_inst_17.txt algo1
[230/1260] ok S11/S11_inst_17.txt algo1 seconds=0.010753 profit=1783499 moving_time=7110
[231/1260] running S11/S11_inst_17.txt algo5
[231/1260] ok S11/S11_inst_17.txt algo5 seconds=0.080736 profit=1783499 moving_time=8190
[232/1260] wrote S11/S11_inst_18.txt ip_solver
[233/1260] running S11/S11_inst_18.txt algo1
[233/1260] ok S11/S11_inst_18.txt algo1 seconds=0.012169 profit=1674394 moving_time=7110
[234/1260] running S11/S11_inst_18.txt algo5
[234/1260] ok S11/S11_inst_18.txt algo5 seconds=0.070002 profit=1674394 moving_time=8100
[235/1260] wrote S11/S11_inst_19.txt ip_solver
[236/1260] running S11/S11_inst_19.txt algo1
[236/1260] ok S11/S11_inst_19.txt algo1 seconds=0.010638 profit=2135961 moving_time=7830
[237/1260] running S11/S11_inst_19.txt algo5
[237/1260] ok S11/S11_inst_19.txt algo5 seconds=0.055627 profit=2135961 moving_time=8460
[238/1260] wrote S11/S11_inst_20.txt ip_solver
[239/1260] running S11/S11_inst_20.txt algo1
[239/1260] ok S11/S11_inst_20.txt algo1 seconds=0.010767 profit=1932373 moving_time=7830
[240/1260] running S11/S11_inst_20.txt algo5
[240/1260] ok S11/S11_inst_20.txt algo5 seconds=0.058542 profit=1932373 moving_time=8460
[241/1260] wrote S11/S11_inst_21.txt ip_solver
[242/1260] running S11/S11_inst_21.txt algo1
[242/1260] ok S11/S11_inst_21.txt algo1 seconds=0.010778 profit=1959764 moving_time=7740
[243/1260] running S11/S11_inst_21.txt algo5
[243/1260] ok S11/S11_inst_21.txt algo5 seconds=0.067401 profit=1959764 moving_time=8190
[244/1260] wrote S11/S11_inst_22.txt ip_solver
[245/1260] running S11/S11_inst_22.txt algo1
[245/1260] ok S11/S11_inst_22.txt algo1 seconds=0.010487 profit=1818604 moving_time=7110
[246/1260] running S11/S11_inst_22.txt algo5
[246/1260] ok S11/S11_inst_22.txt algo5 seconds=0.108705 profit=1818604 moving_time=8460
[247/1260] wrote S11/S11_inst_23.txt ip_solver
[248/1260] running S11/S11_inst_23.txt algo1
[248/1260] ok S11/S11_inst_23.txt algo1 seconds=0.010712 profit=1932888 moving_time=7200
[249/1260] running S11/S11_inst_23.txt algo5
[249/1260] ok S11/S11_inst_23.txt algo5 seconds=0.222741 profit=1932888 moving_time=8370
[250/1260] wrote S11/S11_inst_24.txt ip_solver
[251/1260] running S11/S11_inst_24.txt algo1
[251/1260] ok S11/S11_inst_24.txt algo1 seconds=0.013084 profit=1758533 moving_time=7740
[252/1260] running S11/S11_inst_24.txt algo5
[252/1260] ok S11/S11_inst_24.txt algo5 seconds=0.047926 profit=1758533 moving_time=8280
[253/1260] wrote S11/S11_inst_25.txt ip_solver
[254/1260] running S11/S11_inst_25.txt algo1
[254/1260] ok S11/S11_inst_25.txt algo1 seconds=0.010726 profit=1927827 moving_time=7470
[255/1260] running S11/S11_inst_25.txt algo5
[255/1260] ok S11/S11_inst_25.txt algo5 seconds=0.096639 profit=1927827 moving_time=8100
[256/1260] wrote S11/S11_inst_26.txt ip_solver
[257/1260] running S11/S11_inst_26.txt algo1
[257/1260] ok S11/S11_inst_26.txt algo1 seconds=0.010646 profit=2008750 moving_time=7380
[258/1260] running S11/S11_inst_26.txt algo5
[258/1260] ok S11/S11_inst_26.txt algo5 seconds=0.073432 profit=2008750 moving_time=8010
[259/1260] wrote S11/S11_inst_27.txt ip_solver
[260/1260] running S11/S11_inst_27.txt algo1
[260/1260] ok S11/S11_inst_27.txt algo1 seconds=0.012721 profit=1704023 moving_time=7380
[261/1260] running S11/S11_inst_27.txt algo5
[261/1260] ok S11/S11_inst_27.txt algo5 seconds=0.046523 profit=1704023 moving_time=8190
[262/1260] wrote S11/S11_inst_28.txt ip_solver
[263/1260] running S11/S11_inst_28.txt algo1
[263/1260] ok S11/S11_inst_28.txt algo1 seconds=0.010716 profit=1894397 moving_time=7380
[264/1260] running S11/S11_inst_28.txt algo5
[264/1260] ok S11/S11_inst_28.txt algo5 seconds=0.132979 profit=1894397 moving_time=8640
[265/1260] wrote S11/S11_inst_29.txt ip_solver
[266/1260] running S11/S11_inst_29.txt algo1
[266/1260] ok S11/S11_inst_29.txt algo1 seconds=0.010722 profit=1795822 moving_time=7560
[267/1260] running S11/S11_inst_29.txt algo5
[267/1260] ok S11/S11_inst_29.txt algo5 seconds=0.053345 profit=1795822 moving_time=8190
[268/1260] wrote S11/S11_inst_30.txt ip_solver
[269/1260] running S11/S11_inst_30.txt algo1
[269/1260] ok S11/S11_inst_30.txt algo1 seconds=0.013151 profit=2201391 moving_time=7380
[270/1260] running S11/S11_inst_30.txt algo5
[270/1260] ok S11/S11_inst_30.txt algo5 seconds=0.090906 profit=2201391 moving_time=8010
[271/1260] wrote S12/S12_inst_01.txt ip_solver
[272/1260] running S12/S12_inst_01.txt algo1
[272/1260] ok S12/S12_inst_01.txt algo1 seconds=0.009433 profit=-3103563 moving_time=0
[273/1260] running S12/S12_inst_01.txt algo5
[273/1260] ok S12/S12_inst_01.txt algo5 seconds=0.111816 profit=-3103563 moving_time=0
[274/1260] wrote S12/S12_inst_02.txt ip_solver
[275/1260] running S12/S12_inst_02.txt algo1
[275/1260] ok S12/S12_inst_02.txt algo1 seconds=0.016021 profit=-2873641 moving_time=0
[276/1260] running S12/S12_inst_02.txt algo5
[276/1260] ok S12/S12_inst_02.txt algo5 seconds=0.294803 profit=-2873641 moving_time=0
[277/1260] wrote S12/S12_inst_03.txt ip_solver
[278/1260] running S12/S12_inst_03.txt algo1
[278/1260] ok S12/S12_inst_03.txt algo1 seconds=0.016202 profit=-3019615 moving_time=0
[279/1260] running S12/S12_inst_03.txt algo5
[279/1260] ok S12/S12_inst_03.txt algo5 seconds=0.235472 profit=-3067273 moving_time=0
[280/1260] wrote S12/S12_inst_04.txt ip_solver
[281/1260] running S12/S12_inst_04.txt algo1
[281/1260] ok S12/S12_inst_04.txt algo1 seconds=0.010959 profit=-3299890 moving_time=0
[282/1260] running S12/S12_inst_04.txt algo5
[282/1260] ok S12/S12_inst_04.txt algo5 seconds=0.174678 profit=-3299890 moving_time=0
[283/1260] wrote S12/S12_inst_05.txt ip_solver
[284/1260] running S12/S12_inst_05.txt algo1
[284/1260] ok S12/S12_inst_05.txt algo1 seconds=0.009482 profit=-3150525 moving_time=0
[285/1260] running S12/S12_inst_05.txt algo5
[285/1260] ok S12/S12_inst_05.txt algo5 seconds=0.222086 profit=-3069096 moving_time=0
[286/1260] wrote S12/S12_inst_06.txt ip_solver
[287/1260] running S12/S12_inst_06.txt algo1
[287/1260] ok S12/S12_inst_06.txt algo1 seconds=0.009607 profit=-3761072 moving_time=0
[288/1260] running S12/S12_inst_06.txt algo5
[288/1260] ok S12/S12_inst_06.txt algo5 seconds=0.125957 profit=-3761072 moving_time=0
[289/1260] wrote S12/S12_inst_07.txt ip_solver
[290/1260] running S12/S12_inst_07.txt algo1
[290/1260] ok S12/S12_inst_07.txt algo1 seconds=0.012137 profit=-2478421 moving_time=0
[291/1260] running S12/S12_inst_07.txt algo5
[291/1260] ok S12/S12_inst_07.txt algo5 seconds=0.174405 profit=-2478421 moving_time=0
[292/1260] wrote S12/S12_inst_08.txt ip_solver
[293/1260] running S12/S12_inst_08.txt algo1
[293/1260] ok S12/S12_inst_08.txt algo1 seconds=0.009559 profit=-2822999 moving_time=0
[294/1260] running S12/S12_inst_08.txt algo5
[294/1260] ok S12/S12_inst_08.txt algo5 seconds=0.183008 profit=-2615312 moving_time=0
[295/1260] wrote S12/S12_inst_09.txt ip_solver
[296/1260] running S12/S12_inst_09.txt algo1
[296/1260] ok S12/S12_inst_09.txt algo1 seconds=0.009662 profit=-2605260 moving_time=0
[297/1260] running S12/S12_inst_09.txt algo5
[297/1260] ok S12/S12_inst_09.txt algo5 seconds=0.227567 profit=-2650836 moving_time=0
[298/1260] wrote S12/S12_inst_10.txt ip_solver
[299/1260] running S12/S12_inst_10.txt algo1
[299/1260] ok S12/S12_inst_10.txt algo1 seconds=0.009543 profit=-3545469 moving_time=0
[300/1260] running S12/S12_inst_10.txt algo5
[300/1260] ok S12/S12_inst_10.txt algo5 seconds=0.167913 profit=-3545469 moving_time=0
[301/1260] wrote S12/S12_inst_11.txt ip_solver
[302/1260] running S12/S12_inst_11.txt algo1
[302/1260] ok S12/S12_inst_11.txt algo1 seconds=0.011862 profit=-3053266 moving_time=0
[303/1260] running S12/S12_inst_11.txt algo5
[303/1260] ok S12/S12_inst_11.txt algo5 seconds=0.150850 profit=-2980456 moving_time=0
[304/1260] wrote S12/S12_inst_12.txt ip_solver
[305/1260] running S12/S12_inst_12.txt algo1
[305/1260] ok S12/S12_inst_12.txt algo1 seconds=0.009558 profit=-2413750 moving_time=0
[306/1260] running S12/S12_inst_12.txt algo5
[306/1260] ok S12/S12_inst_12.txt algo5 seconds=0.137273 profit=-2413750 moving_time=0
[307/1260] wrote S12/S12_inst_13.txt ip_solver
[308/1260] running S12/S12_inst_13.txt algo1
[308/1260] ok S12/S12_inst_13.txt algo1 seconds=0.009569 profit=-2537116 moving_time=0
[309/1260] running S12/S12_inst_13.txt algo5
[309/1260] ok S12/S12_inst_13.txt algo5 seconds=0.179694 profit=-2537116 moving_time=0
[310/1260] wrote S12/S12_inst_14.txt ip_solver
[311/1260] running S12/S12_inst_14.txt algo1
[311/1260] ok S12/S12_inst_14.txt algo1 seconds=0.009600 profit=-3100438 moving_time=0
[312/1260] running S12/S12_inst_14.txt algo5
[312/1260] ok S12/S12_inst_14.txt algo5 seconds=0.138069 profit=-3056212 moving_time=0
[313/1260] wrote S12/S12_inst_15.txt ip_solver
[314/1260] running S12/S12_inst_15.txt algo1
[314/1260] ok S12/S12_inst_15.txt algo1 seconds=0.012155 profit=-3310492 moving_time=0
[315/1260] running S12/S12_inst_15.txt algo5
[315/1260] ok S12/S12_inst_15.txt algo5 seconds=0.159886 profit=-3310492 moving_time=0
[316/1260] wrote S12/S12_inst_16.txt ip_solver
[317/1260] running S12/S12_inst_16.txt algo1
[317/1260] ok S12/S12_inst_16.txt algo1 seconds=0.009474 profit=-3437939 moving_time=0
[318/1260] running S12/S12_inst_16.txt algo5
[318/1260] ok S12/S12_inst_16.txt algo5 seconds=0.128951 profit=-3437939 moving_time=0
[319/1260] wrote S12/S12_inst_17.txt ip_solver
[320/1260] running S12/S12_inst_17.txt algo1
[320/1260] ok S12/S12_inst_17.txt algo1 seconds=0.009542 profit=-2858202 moving_time=0
[321/1260] running S12/S12_inst_17.txt algo5
[321/1260] ok S12/S12_inst_17.txt algo5 seconds=0.125244 profit=-2858202 moving_time=0
[322/1260] wrote S12/S12_inst_18.txt ip_solver
[323/1260] running S12/S12_inst_18.txt algo1
[323/1260] ok S12/S12_inst_18.txt algo1 seconds=0.009594 profit=-2621912 moving_time=0
[324/1260] running S12/S12_inst_18.txt algo5
[324/1260] ok S12/S12_inst_18.txt algo5 seconds=0.139369 profit=-2605298 moving_time=0
[325/1260] wrote S12/S12_inst_19.txt ip_solver
[326/1260] running S12/S12_inst_19.txt algo1
[326/1260] ok S12/S12_inst_19.txt algo1 seconds=0.011880 profit=-2953975 moving_time=0
[327/1260] running S12/S12_inst_19.txt algo5
[327/1260] ok S12/S12_inst_19.txt algo5 seconds=0.203148 profit=-2953975 moving_time=0
[328/1260] wrote S12/S12_inst_20.txt ip_solver
[329/1260] running S12/S12_inst_20.txt algo1
[329/1260] ok S12/S12_inst_20.txt algo1 seconds=0.009579 profit=-2791556 moving_time=0
[330/1260] running S12/S12_inst_20.txt algo5
[330/1260] ok S12/S12_inst_20.txt algo5 seconds=0.143272 profit=-2791556 moving_time=0
[331/1260] wrote S12/S12_inst_21.txt ip_solver
[332/1260] running S12/S12_inst_21.txt algo1
[332/1260] ok S12/S12_inst_21.txt algo1 seconds=0.009607 profit=-2545667 moving_time=0
[333/1260] running S12/S12_inst_21.txt algo5
[333/1260] ok S12/S12_inst_21.txt algo5 seconds=0.134466 profit=-2396915 moving_time=0
[334/1260] wrote S12/S12_inst_22.txt ip_solver
[335/1260] running S12/S12_inst_22.txt algo1
[335/1260] ok S12/S12_inst_22.txt algo1 seconds=0.009594 profit=-3268682 moving_time=0
[336/1260] running S12/S12_inst_22.txt algo5
[336/1260] ok S12/S12_inst_22.txt algo5 seconds=0.123747 profit=-3268682 moving_time=0
[337/1260] wrote S12/S12_inst_23.txt ip_solver
[338/1260] running S12/S12_inst_23.txt algo1
[338/1260] ok S12/S12_inst_23.txt algo1 seconds=0.011790 profit=-3200563 moving_time=0
[339/1260] running S12/S12_inst_23.txt algo5
[339/1260] ok S12/S12_inst_23.txt algo5 seconds=0.134688 profit=-3100879 moving_time=0
[340/1260] wrote S12/S12_inst_24.txt ip_solver
[341/1260] running S12/S12_inst_24.txt algo1
[341/1260] ok S12/S12_inst_24.txt algo1 seconds=0.009590 profit=-2144079 moving_time=0
[342/1260] running S12/S12_inst_24.txt algo5
[342/1260] ok S12/S12_inst_24.txt algo5 seconds=0.219283 profit=-2144079 moving_time=0
[343/1260] wrote S12/S12_inst_25.txt ip_solver
[344/1260] running S12/S12_inst_25.txt algo1
[344/1260] ok S12/S12_inst_25.txt algo1 seconds=0.009530 profit=-3653550 moving_time=0
[345/1260] running S12/S12_inst_25.txt algo5
[345/1260] ok S12/S12_inst_25.txt algo5 seconds=0.150097 profit=-3459513 moving_time=0
[346/1260] wrote S12/S12_inst_26.txt ip_solver
[347/1260] running S12/S12_inst_26.txt algo1
[347/1260] ok S12/S12_inst_26.txt algo1 seconds=0.009740 profit=-2891986 moving_time=0
[348/1260] running S12/S12_inst_26.txt algo5
[348/1260] ok S12/S12_inst_26.txt algo5 seconds=0.167104 profit=-2891986 moving_time=0
[349/1260] wrote S12/S12_inst_27.txt ip_solver
[350/1260] running S12/S12_inst_27.txt algo1
[350/1260] ok S12/S12_inst_27.txt algo1 seconds=0.011740 profit=-2921605 moving_time=0
[351/1260] running S12/S12_inst_27.txt algo5
[351/1260] ok S12/S12_inst_27.txt algo5 seconds=0.216335 profit=-2921605 moving_time=0
[352/1260] wrote S12/S12_inst_28.txt ip_solver
[353/1260] running S12/S12_inst_28.txt algo1
[353/1260] ok S12/S12_inst_28.txt algo1 seconds=0.009826 profit=-2838350 moving_time=0
[354/1260] running S12/S12_inst_28.txt algo5
[354/1260] ok S12/S12_inst_28.txt algo5 seconds=0.237246 profit=-2827262 moving_time=0
[355/1260] wrote S12/S12_inst_29.txt ip_solver
[356/1260] running S12/S12_inst_29.txt algo1
[356/1260] ok S12/S12_inst_29.txt algo1 seconds=0.009653 profit=-2118554 moving_time=0
[357/1260] running S12/S12_inst_29.txt algo5
[357/1260] ok S12/S12_inst_29.txt algo5 seconds=0.122314 profit=-2118554 moving_time=0
[358/1260] wrote S12/S12_inst_30.txt ip_solver
[359/1260] running S12/S12_inst_30.txt algo1
[359/1260] ok S12/S12_inst_30.txt algo1 seconds=0.009704 profit=-2825113 moving_time=0
[360/1260] running S12/S12_inst_30.txt algo5
[360/1260] ok S12/S12_inst_30.txt algo5 seconds=0.162162 profit=-2825113 moving_time=0
[361/1260] wrote S13/S13_inst_01.txt ip_solver
[362/1260] running S13/S13_inst_01.txt algo1
[362/1260] ok S13/S13_inst_01.txt algo1 seconds=0.012355 profit=-910498 moving_time=1890
[363/1260] running S13/S13_inst_01.txt algo5
[363/1260] ok S13/S13_inst_01.txt algo5 seconds=0.180304 profit=-1867822 moving_time=1890
[364/1260] wrote S13/S13_inst_02.txt ip_solver
[365/1260] running S13/S13_inst_02.txt algo1
[365/1260] ok S13/S13_inst_02.txt algo1 seconds=0.010058 profit=456289 moving_time=2970
[366/1260] running S13/S13_inst_02.txt algo5
[366/1260] ok S13/S13_inst_02.txt algo5 seconds=0.273843 profit=17614 moving_time=2970
[367/1260] wrote S13/S13_inst_03.txt ip_solver
[368/1260] running S13/S13_inst_03.txt algo1
[368/1260] ok S13/S13_inst_03.txt algo1 seconds=0.009947 profit=-292373 moving_time=1980
[369/1260] running S13/S13_inst_03.txt algo5
[369/1260] ok S13/S13_inst_03.txt algo5 seconds=0.180031 profit=-696902 moving_time=1980
[370/1260] wrote S13/S13_inst_04.txt ip_solver
[371/1260] running S13/S13_inst_04.txt algo1
[371/1260] ok S13/S13_inst_04.txt algo1 seconds=0.011954 profit=-1938915 moving_time=900
[372/1260] running S13/S13_inst_04.txt algo5
[372/1260] ok S13/S13_inst_04.txt algo5 seconds=0.102595 profit=-2264979 moving_time=900
[373/1260] wrote S13/S13_inst_05.txt ip_solver
[374/1260] running S13/S13_inst_05.txt algo1
[374/1260] ok S13/S13_inst_05.txt algo1 seconds=0.010053 profit=271057 moving_time=2610
[375/1260] running S13/S13_inst_05.txt algo5
[375/1260] ok S13/S13_inst_05.txt algo5 seconds=0.238493 profit=-689975 moving_time=2610
[376/1260] wrote S13/S13_inst_06.txt ip_solver
[377/1260] running S13/S13_inst_06.txt algo1
[377/1260] ok S13/S13_inst_06.txt algo1 seconds=0.010053 profit=461969 moving_time=2700
[378/1260] running S13/S13_inst_06.txt algo5
[378/1260] ok S13/S13_inst_06.txt algo5 seconds=0.248946 profit=-199807 moving_time=2700
[379/1260] wrote S13/S13_inst_07.txt ip_solver
[380/1260] running S13/S13_inst_07.txt algo1
[380/1260] ok S13/S13_inst_07.txt algo1 seconds=0.010187 profit=-546001 moving_time=1260
[381/1260] running S13/S13_inst_07.txt algo5
[381/1260] ok S13/S13_inst_07.txt algo5 seconds=0.129735 profit=-923206 moving_time=1260
[382/1260] wrote S13/S13_inst_08.txt ip_solver
[383/1260] running S13/S13_inst_08.txt algo1
[383/1260] ok S13/S13_inst_08.txt algo1 seconds=0.009641 profit=-987681 moving_time=1350
[384/1260] running S13/S13_inst_08.txt algo5
[384/1260] ok S13/S13_inst_08.txt algo5 seconds=0.138504 profit=-1428726 moving_time=1350
[385/1260] wrote S13/S13_inst_09.txt ip_solver
[386/1260] running S13/S13_inst_09.txt algo1
[386/1260] ok S13/S13_inst_09.txt algo1 seconds=0.009714 profit=-1258293 moving_time=990
[387/1260] running S13/S13_inst_09.txt algo5
[387/1260] ok S13/S13_inst_09.txt algo5 seconds=0.108751 profit=-1994562 moving_time=990
[388/1260] wrote S13/S13_inst_10.txt ip_solver
[389/1260] running S13/S13_inst_10.txt algo1
[389/1260] ok S13/S13_inst_10.txt algo1 seconds=0.010039 profit=-186064 moving_time=2430
[390/1260] running S13/S13_inst_10.txt algo5
[390/1260] ok S13/S13_inst_10.txt algo5 seconds=0.220258 profit=-1013392 moving_time=2430
[391/1260] wrote S13/S13_inst_11.txt ip_solver
[392/1260] running S13/S13_inst_11.txt algo1
[392/1260] ok S13/S13_inst_11.txt algo1 seconds=0.012358 profit=-13827 moving_time=2610
[393/1260] running S13/S13_inst_11.txt algo5
[393/1260] ok S13/S13_inst_11.txt algo5 seconds=0.237594 profit=-551820 moving_time=2610
[394/1260] wrote S13/S13_inst_12.txt ip_solver
[395/1260] running S13/S13_inst_12.txt algo1
[395/1260] ok S13/S13_inst_12.txt algo1 seconds=0.009788 profit=-1745211 moving_time=720
[396/1260] running S13/S13_inst_12.txt algo5
[396/1260] ok S13/S13_inst_12.txt algo5 seconds=0.172964 profit=-2062203 moving_time=720
[397/1260] wrote S13/S13_inst_13.txt ip_solver
[398/1260] running S13/S13_inst_13.txt algo1
[398/1260] ok S13/S13_inst_13.txt algo1 seconds=0.010187 profit=804115 moving_time=2970
[399/1260] running S13/S13_inst_13.txt algo5
[399/1260] ok S13/S13_inst_13.txt algo5 seconds=0.271921 profit=-75029 moving_time=2970
[400/1260] wrote S13/S13_inst_14.txt ip_solver
[401/1260] running S13/S13_inst_14.txt algo1
[401/1260] ok S13/S13_inst_14.txt algo1 seconds=0.010109 profit=-405208 moving_time=1980
[402/1260] running S13/S13_inst_14.txt algo5
[402/1260] ok S13/S13_inst_14.txt algo5 seconds=0.179342 profit=-1206649 moving_time=1980
[403/1260] wrote S13/S13_inst_15.txt ip_solver
[404/1260] running S13/S13_inst_15.txt algo1
[404/1260] ok S13/S13_inst_15.txt algo1 seconds=0.009991 profit=-757585 moving_time=1800
[405/1260] running S13/S13_inst_15.txt algo5
[405/1260] ok S13/S13_inst_15.txt algo5 seconds=0.161708 profit=-1238974 moving_time=1800
[406/1260] wrote S13/S13_inst_16.txt ip_solver
[407/1260] running S13/S13_inst_16.txt algo1
[407/1260] ok S13/S13_inst_16.txt algo1 seconds=0.010094 profit=-23216 moving_time=2610
[408/1260] running S13/S13_inst_16.txt algo5
[408/1260] ok S13/S13_inst_16.txt algo5 seconds=0.242719 profit=-508562 moving_time=2610
[409/1260] wrote S13/S13_inst_17.txt ip_solver
[410/1260] running S13/S13_inst_17.txt algo1
[410/1260] ok S13/S13_inst_17.txt algo1 seconds=0.009970 profit=-131012 moving_time=2250
[411/1260] running S13/S13_inst_17.txt algo5
[411/1260] ok S13/S13_inst_17.txt algo5 seconds=0.212655 profit=-699239 moving_time=2250
[412/1260] wrote S13/S13_inst_18.txt ip_solver
[413/1260] running S13/S13_inst_18.txt algo1
[413/1260] ok S13/S13_inst_18.txt algo1 seconds=0.012692 profit=449183 moving_time=2880
[414/1260] running S13/S13_inst_18.txt algo5
[414/1260] ok S13/S13_inst_18.txt algo5 seconds=0.265107 profit=-466171 moving_time=2880
[415/1260] wrote S13/S13_inst_19.txt ip_solver
[416/1260] running S13/S13_inst_19.txt algo1
[416/1260] ok S13/S13_inst_19.txt algo1 seconds=0.010009 profit=45790 moving_time=1890
[417/1260] running S13/S13_inst_19.txt algo5
[417/1260] ok S13/S13_inst_19.txt algo5 seconds=0.171967 profit=-752948 moving_time=1890
[418/1260] wrote S13/S13_inst_20.txt ip_solver
[419/1260] running S13/S13_inst_20.txt algo1
[419/1260] ok S13/S13_inst_20.txt algo1 seconds=0.009880 profit=-1142610 moving_time=1170
[420/1260] running S13/S13_inst_20.txt algo5
[420/1260] ok S13/S13_inst_20.txt algo5 seconds=0.118186 profit=-1550091 moving_time=1170
[421/1260] wrote S13/S13_inst_21.txt ip_solver
[422/1260] running S13/S13_inst_21.txt algo1
[422/1260] ok S13/S13_inst_21.txt algo1 seconds=0.011595 profit=-1758126 moving_time=720
[423/1260] running S13/S13_inst_21.txt algo5
[423/1260] ok S13/S13_inst_21.txt algo5 seconds=0.168107 profit=-1758126 moving_time=720
[424/1260] wrote S13/S13_inst_22.txt ip_solver
[425/1260] running S13/S13_inst_22.txt algo1
[425/1260] ok S13/S13_inst_22.txt algo1 seconds=0.010310 profit=501940 moving_time=2970
[426/1260] running S13/S13_inst_22.txt algo5
[426/1260] ok S13/S13_inst_22.txt algo5 seconds=0.277966 profit=-74597 moving_time=2970
[427/1260] wrote S13/S13_inst_23.txt ip_solver
[428/1260] running S13/S13_inst_23.txt algo1
[428/1260] ok S13/S13_inst_23.txt algo1 seconds=0.010015 profit=-288112 moving_time=2430
[429/1260] running S13/S13_inst_23.txt algo5
[429/1260] ok S13/S13_inst_23.txt algo5 seconds=0.264325 profit=-975484 moving_time=2430
[430/1260] wrote S13/S13_inst_24.txt ip_solver
[431/1260] running S13/S13_inst_24.txt algo1
[431/1260] ok S13/S13_inst_24.txt algo1 seconds=0.017400 profit=-846163 moving_time=1440
[432/1260] running S13/S13_inst_24.txt algo5
[432/1260] ok S13/S13_inst_24.txt algo5 seconds=0.227086 profit=-1565200 moving_time=1440
[433/1260] wrote S13/S13_inst_25.txt ip_solver
[434/1260] running S13/S13_inst_25.txt algo1
[434/1260] ok S13/S13_inst_25.txt algo1 seconds=0.017608 profit=229993 moving_time=2250
[435/1260] running S13/S13_inst_25.txt algo5
[435/1260] ok S13/S13_inst_25.txt algo5 seconds=0.215465 profit=-822869 moving_time=2250
[436/1260] wrote S13/S13_inst_26.txt ip_solver
[437/1260] running S13/S13_inst_26.txt algo1
[437/1260] ok S13/S13_inst_26.txt algo1 seconds=0.009578 profit=-2041087 moving_time=180
[438/1260] running S13/S13_inst_26.txt algo5
[438/1260] ok S13/S13_inst_26.txt algo5 seconds=0.090208 profit=-2000641 moving_time=180
[439/1260] wrote S13/S13_inst_27.txt ip_solver
[440/1260] running S13/S13_inst_27.txt algo1
[440/1260] ok S13/S13_inst_27.txt algo1 seconds=0.010088 profit=-304374 moving_time=2430
[441/1260] running S13/S13_inst_27.txt algo5
[441/1260] ok S13/S13_inst_27.txt algo5 seconds=0.228816 profit=-917472 moving_time=2430
[442/1260] wrote S13/S13_inst_28.txt ip_solver
[443/1260] running S13/S13_inst_28.txt algo1
[443/1260] ok S13/S13_inst_28.txt algo1 seconds=0.010041 profit=291873 moving_time=2700
[444/1260] running S13/S13_inst_28.txt algo5
[444/1260] ok S13/S13_inst_28.txt algo5 seconds=0.244849 profit=-349860 moving_time=2700
[445/1260] wrote S13/S13_inst_29.txt ip_solver
[446/1260] running S13/S13_inst_29.txt algo1
[446/1260] ok S13/S13_inst_29.txt algo1 seconds=0.012692 profit=97190 moving_time=2610
[447/1260] running S13/S13_inst_29.txt algo5
[447/1260] ok S13/S13_inst_29.txt algo5 seconds=0.255639 profit=-594664 moving_time=2610
[448/1260] wrote S13/S13_inst_30.txt ip_solver
[449/1260] running S13/S13_inst_30.txt algo1
[449/1260] ok S13/S13_inst_30.txt algo1 seconds=0.009697 profit=-742680 moving_time=1260
[450/1260] running S13/S13_inst_30.txt algo5
[450/1260] ok S13/S13_inst_30.txt algo5 seconds=0.129790 profit=-892722 moving_time=1260
[451/1260] wrote S14/S14_inst_01.txt ip_solver
[452/1260] running S14/S14_inst_01.txt algo1
[452/1260] ok S14/S14_inst_01.txt algo1 seconds=0.010883 profit=1813782 moving_time=7020
[453/1260] running S14/S14_inst_01.txt algo5
[453/1260] ok S14/S14_inst_01.txt algo5 seconds=0.071464 profit=1813782 moving_time=7650
[454/1260] wrote S14/S14_inst_02.txt ip_solver
[455/1260] running S14/S14_inst_02.txt algo1
[455/1260] ok S14/S14_inst_02.txt algo1 seconds=0.013233 profit=2016948 moving_time=6570
[456/1260] running S14/S14_inst_02.txt algo5
[456/1260] ok S14/S14_inst_02.txt algo5 seconds=0.143917 profit=1918881 moving_time=6570
[457/1260] wrote S14/S14_inst_03.txt ip_solver
[458/1260] running S14/S14_inst_03.txt algo1
[458/1260] ok S14/S14_inst_03.txt algo1 seconds=0.010805 profit=1892682 moving_time=7020
[459/1260] running S14/S14_inst_03.txt algo5
[459/1260] ok S14/S14_inst_03.txt algo5 seconds=0.118796 profit=1892682 moving_time=8370
[460/1260] wrote S14/S14_inst_04.txt ip_solver
[461/1260] running S14/S14_inst_04.txt algo1
[461/1260] ok S14/S14_inst_04.txt algo1 seconds=0.010769 profit=2013898 moving_time=7110
[462/1260] running S14/S14_inst_04.txt algo5
[462/1260] ok S14/S14_inst_04.txt algo5 seconds=0.072837 profit=2013898 moving_time=8100
[463/1260] wrote S14/S14_inst_05.txt ip_solver
[464/1260] running S14/S14_inst_05.txt algo1
[464/1260] ok S14/S14_inst_05.txt algo1 seconds=0.012812 profit=1710899 moving_time=7740
[465/1260] running S14/S14_inst_05.txt algo5
[465/1260] ok S14/S14_inst_05.txt algo5 seconds=0.117963 profit=1710899 moving_time=8730
[466/1260] wrote S14/S14_inst_06.txt ip_solver
[467/1260] running S14/S14_inst_06.txt algo1
[467/1260] ok S14/S14_inst_06.txt algo1 seconds=0.010710 profit=1924969 moving_time=6840
[468/1260] running S14/S14_inst_06.txt algo5
[468/1260] ok S14/S14_inst_06.txt algo5 seconds=0.102616 profit=1924969 moving_time=8550
[469/1260] wrote S14/S14_inst_07.txt ip_solver
[470/1260] running S14/S14_inst_07.txt algo1
[470/1260] ok S14/S14_inst_07.txt algo1 seconds=0.010890 profit=1557232 moving_time=7020
[471/1260] running S14/S14_inst_07.txt algo5
[471/1260] ok S14/S14_inst_07.txt algo5 seconds=0.108145 profit=1557232 moving_time=8010
[472/1260] wrote S14/S14_inst_08.txt ip_solver
[473/1260] running S14/S14_inst_08.txt algo1
[473/1260] ok S14/S14_inst_08.txt algo1 seconds=0.012244 profit=1670618 moving_time=5670
[474/1260] running S14/S14_inst_08.txt algo5
[474/1260] ok S14/S14_inst_08.txt algo5 seconds=0.129654 profit=1431398 moving_time=5670
[475/1260] wrote S14/S14_inst_09.txt ip_solver
[476/1260] running S14/S14_inst_09.txt algo1
[476/1260] ok S14/S14_inst_09.txt algo1 seconds=0.010724 profit=1541992 moving_time=6300
[477/1260] running S14/S14_inst_09.txt algo5
[477/1260] ok S14/S14_inst_09.txt algo5 seconds=0.139893 profit=1432102 moving_time=6300
[478/1260] wrote S14/S14_inst_10.txt ip_solver
[479/1260] running S14/S14_inst_10.txt algo1
[479/1260] ok S14/S14_inst_10.txt algo1 seconds=0.010770 profit=1982503 moving_time=7020
[480/1260] running S14/S14_inst_10.txt algo5
[480/1260] ok S14/S14_inst_10.txt algo5 seconds=0.090780 profit=1982503 moving_time=8730
[481/1260] wrote S14/S14_inst_11.txt ip_solver
[482/1260] running S14/S14_inst_11.txt algo1
[482/1260] ok S14/S14_inst_11.txt algo1 seconds=0.010767 profit=1817814 moving_time=7560
[483/1260] running S14/S14_inst_11.txt algo5
[483/1260] ok S14/S14_inst_11.txt algo5 seconds=0.086844 profit=1817814 moving_time=8730
[484/1260] wrote S14/S14_inst_12.txt ip_solver
[485/1260] running S14/S14_inst_12.txt algo1
[485/1260] ok S14/S14_inst_12.txt algo1 seconds=0.012717 profit=1785791 moving_time=7560
[486/1260] running S14/S14_inst_12.txt algo5
[486/1260] ok S14/S14_inst_12.txt algo5 seconds=0.150541 profit=1714934 moving_time=7740
[487/1260] wrote S14/S14_inst_13.txt ip_solver
[488/1260] running S14/S14_inst_13.txt algo1
[488/1260] ok S14/S14_inst_13.txt algo1 seconds=0.010843 profit=1928165 moving_time=7560
[489/1260] running S14/S14_inst_13.txt algo5
[489/1260] ok S14/S14_inst_13.txt algo5 seconds=0.093454 profit=1928165 moving_time=8550
[490/1260] wrote S14/S14_inst_14.txt ip_solver
[491/1260] running S14/S14_inst_14.txt algo1
[491/1260] ok S14/S14_inst_14.txt algo1 seconds=0.010697 profit=1785182 moving_time=7020
[492/1260] running S14/S14_inst_14.txt algo5
[492/1260] ok S14/S14_inst_14.txt algo5 seconds=0.141106 profit=1695032 moving_time=7200
[493/1260] wrote S14/S14_inst_15.txt ip_solver
[494/1260] running S14/S14_inst_15.txt algo1
[494/1260] ok S14/S14_inst_15.txt algo1 seconds=0.010844 profit=1555695 moving_time=6570
[495/1260] running S14/S14_inst_15.txt algo5
[495/1260] ok S14/S14_inst_15.txt algo5 seconds=0.054077 profit=1555695 moving_time=7470
[496/1260] wrote S14/S14_inst_16.txt ip_solver
[497/1260] running S14/S14_inst_16.txt algo1
[497/1260] ok S14/S14_inst_16.txt algo1 seconds=0.013075 profit=1584357 moving_time=7380
[498/1260] running S14/S14_inst_16.txt algo5
[498/1260] ok S14/S14_inst_16.txt algo5 seconds=0.081431 profit=1584357 moving_time=8460
[499/1260] wrote S14/S14_inst_17.txt ip_solver
[500/1260] running S14/S14_inst_17.txt algo1
[500/1260] ok S14/S14_inst_17.txt algo1 seconds=0.010018 profit=39224 moving_time=2700
[501/1260] running S14/S14_inst_17.txt algo5
[501/1260] ok S14/S14_inst_17.txt algo5 seconds=0.095990 profit=-229405 moving_time=2700
[502/1260] wrote S14/S14_inst_18.txt ip_solver
[503/1260] running S14/S14_inst_18.txt algo1
[503/1260] ok S14/S14_inst_18.txt algo1 seconds=0.010727 profit=1795388 moving_time=7020
[504/1260] running S14/S14_inst_18.txt algo5
[504/1260] ok S14/S14_inst_18.txt algo5 seconds=0.146055 profit=1786934 moving_time=8100
[505/1260] wrote S14/S14_inst_19.txt ip_solver
[506/1260] running S14/S14_inst_19.txt algo1
[506/1260] ok S14/S14_inst_19.txt algo1 seconds=0.010959 profit=1913326 moving_time=7650
[507/1260] running S14/S14_inst_19.txt algo5
[507/1260] ok S14/S14_inst_19.txt algo5 seconds=0.065116 profit=1913326 moving_time=8190
[508/1260] wrote S14/S14_inst_20.txt ip_solver
[509/1260] running S14/S14_inst_20.txt algo1
[509/1260] ok S14/S14_inst_20.txt algo1 seconds=0.010734 profit=1931697 moving_time=7110
[510/1260] running S14/S14_inst_20.txt algo5
[510/1260] ok S14/S14_inst_20.txt algo5 seconds=0.099681 profit=1931697 moving_time=8100
[511/1260] wrote S14/S14_inst_21.txt ip_solver
[512/1260] running S14/S14_inst_21.txt algo1
[512/1260] ok S14/S14_inst_21.txt algo1 seconds=0.010750 profit=2104991 moving_time=7200
[513/1260] running S14/S14_inst_21.txt algo5
[513/1260] ok S14/S14_inst_21.txt algo5 seconds=0.082923 profit=2104991 moving_time=8550
[514/1260] wrote S14/S14_inst_22.txt ip_solver
[515/1260] running S14/S14_inst_22.txt algo1
[515/1260] ok S14/S14_inst_22.txt algo1 seconds=0.010979 profit=1918220 moving_time=7740
[516/1260] running S14/S14_inst_22.txt algo5
[516/1260] ok S14/S14_inst_22.txt algo5 seconds=0.068184 profit=1918220 moving_time=8640
[517/1260] wrote S14/S14_inst_23.txt ip_solver
[518/1260] running S14/S14_inst_23.txt algo1
[518/1260] ok S14/S14_inst_23.txt algo1 seconds=0.010959 profit=1919741 moving_time=8190
[519/1260] running S14/S14_inst_23.txt algo5
[519/1260] ok S14/S14_inst_23.txt algo5 seconds=0.072385 profit=1919741 moving_time=8550
[520/1260] wrote S14/S14_inst_24.txt ip_solver
[521/1260] running S14/S14_inst_24.txt algo1
[521/1260] ok S14/S14_inst_24.txt algo1 seconds=0.010778 profit=1983560 moving_time=7470
[522/1260] running S14/S14_inst_24.txt algo5
[522/1260] ok S14/S14_inst_24.txt algo5 seconds=0.047196 profit=1983560 moving_time=8190
[523/1260] wrote S14/S14_inst_25.txt ip_solver
[524/1260] running S14/S14_inst_25.txt algo1
[524/1260] ok S14/S14_inst_25.txt algo1 seconds=0.010793 profit=1611756 moving_time=7110
[525/1260] running S14/S14_inst_25.txt algo5
[525/1260] ok S14/S14_inst_25.txt algo5 seconds=0.193381 profit=1611756 moving_time=8460
[526/1260] wrote S14/S14_inst_26.txt ip_solver
[527/1260] running S14/S14_inst_26.txt algo1
[527/1260] ok S14/S14_inst_26.txt algo1 seconds=0.010807 profit=1829681 moving_time=7470
[528/1260] running S14/S14_inst_26.txt algo5
[528/1260] ok S14/S14_inst_26.txt algo5 seconds=0.099728 profit=1829681 moving_time=8550
[529/1260] wrote S14/S14_inst_27.txt ip_solver
[530/1260] running S14/S14_inst_27.txt algo1
[530/1260] ok S14/S14_inst_27.txt algo1 seconds=0.010892 profit=1857634 moving_time=7740
[531/1260] running S14/S14_inst_27.txt algo5
[531/1260] ok S14/S14_inst_27.txt algo5 seconds=0.085019 profit=1857634 moving_time=8730
[532/1260] wrote S14/S14_inst_28.txt ip_solver
[533/1260] running S14/S14_inst_28.txt algo1
[533/1260] ok S14/S14_inst_28.txt algo1 seconds=0.010510 profit=-246333 moving_time=2340
[534/1260] running S14/S14_inst_28.txt algo5
[534/1260] ok S14/S14_inst_28.txt algo5 seconds=0.090482 profit=-156978 moving_time=2340
[535/1260] wrote S14/S14_inst_29.txt ip_solver
[536/1260] running S14/S14_inst_29.txt algo1
[536/1260] ok S14/S14_inst_29.txt algo1 seconds=0.013341 profit=1991151 moving_time=7110
[537/1260] running S14/S14_inst_29.txt algo5
[537/1260] ok S14/S14_inst_29.txt algo5 seconds=0.182635 profit=1991151 moving_time=8640
[538/1260] wrote S14/S14_inst_30.txt ip_solver
[539/1260] running S14/S14_inst_30.txt algo1
[539/1260] ok S14/S14_inst_30.txt algo1 seconds=0.011334 profit=1857746 moving_time=6930
[540/1260] running S14/S14_inst_30.txt algo5
[540/1260] ok S14/S14_inst_30.txt algo5 seconds=0.061101 profit=1857746 moving_time=8010
[541/1260] wrote S2/S2_inst_01.txt ip_solver
[542/1260] running S2/S2_inst_01.txt algo1
Set parameter Username
Set parameter LicenseID to value 2821039
Academic license - for non-commercial use only - expires 2027-05-12
[542/1260] ok S2/S2_inst_01.txt algo1 seconds=0.061153 profit=151660 moving_time=810
[543/1260] running S2/S2_inst_01.txt algo5
[543/1260] ok S2/S2_inst_01.txt algo5 seconds=0.059258 profit=151660 moving_time=630
[544/1260] wrote S2/S2_inst_02.txt ip_solver
[545/1260] running S2/S2_inst_02.txt algo1
[545/1260] ok S2/S2_inst_02.txt algo1 seconds=0.037732 profit=116227 moving_time=900
[546/1260] running S2/S2_inst_02.txt algo5
[546/1260] ok S2/S2_inst_02.txt algo5 seconds=0.096755 profit=116227 moving_time=900
[547/1260] wrote S2/S2_inst_03.txt ip_solver
[548/1260] running S2/S2_inst_03.txt algo1
[548/1260] ok S2/S2_inst_03.txt algo1 seconds=0.036906 profit=143222 moving_time=900
[549/1260] running S2/S2_inst_03.txt algo5
[549/1260] ok S2/S2_inst_03.txt algo5 seconds=0.028201 profit=143222 moving_time=900
[550/1260] wrote S2/S2_inst_04.txt ip_solver
[551/1260] running S2/S2_inst_04.txt algo1
[551/1260] ok S2/S2_inst_04.txt algo1 seconds=0.065594 profit=153613 moving_time=900
[552/1260] running S2/S2_inst_04.txt algo5
[552/1260] ok S2/S2_inst_04.txt algo5 seconds=0.129284 profit=153613 moving_time=810
[553/1260] wrote S2/S2_inst_05.txt ip_solver
[554/1260] running S2/S2_inst_05.txt algo1
[554/1260] ok S2/S2_inst_05.txt algo1 seconds=0.038640 profit=198431 moving_time=900
[555/1260] running S2/S2_inst_05.txt algo5
[555/1260] ok S2/S2_inst_05.txt algo5 seconds=0.058981 profit=198431 moving_time=900
[556/1260] wrote S2/S2_inst_06.txt ip_solver
[557/1260] running S2/S2_inst_06.txt algo1
[557/1260] ok S2/S2_inst_06.txt algo1 seconds=0.047371 profit=182005 moving_time=900
[558/1260] running S2/S2_inst_06.txt algo5
[558/1260] ok S2/S2_inst_06.txt algo5 seconds=0.063737 profit=182005 moving_time=810
[559/1260] wrote S2/S2_inst_07.txt ip_solver
[560/1260] running S2/S2_inst_07.txt algo1
[560/1260] ok S2/S2_inst_07.txt algo1 seconds=0.050710 profit=171673 moving_time=900
[561/1260] running S2/S2_inst_07.txt algo5
[561/1260] ok S2/S2_inst_07.txt algo5 seconds=0.073086 profit=171673 moving_time=900
[562/1260] wrote S2/S2_inst_08.txt ip_solver
[563/1260] running S2/S2_inst_08.txt algo1
[563/1260] ok S2/S2_inst_08.txt algo1 seconds=0.049866 profit=106480 moving_time=900
[564/1260] running S2/S2_inst_08.txt algo5
[564/1260] ok S2/S2_inst_08.txt algo5 seconds=0.069211 profit=106480 moving_time=810
[565/1260] wrote S2/S2_inst_09.txt ip_solver
[566/1260] running S2/S2_inst_09.txt algo1
[566/1260] ok S2/S2_inst_09.txt algo1 seconds=0.038638 profit=305776 moving_time=900
[567/1260] running S2/S2_inst_09.txt algo5
[567/1260] ok S2/S2_inst_09.txt algo5 seconds=0.073632 profit=305776 moving_time=810
[568/1260] wrote S2/S2_inst_10.txt ip_solver
[569/1260] running S2/S2_inst_10.txt algo1
[569/1260] ok S2/S2_inst_10.txt algo1 seconds=0.047309 profit=96247 moving_time=900
[570/1260] running S2/S2_inst_10.txt algo5
[570/1260] ok S2/S2_inst_10.txt algo5 seconds=0.099792 profit=96247 moving_time=900
[571/1260] wrote S2/S2_inst_11.txt ip_solver
[572/1260] running S2/S2_inst_11.txt algo1
[572/1260] ok S2/S2_inst_11.txt algo1 seconds=0.037748 profit=119714 moving_time=900
[573/1260] running S2/S2_inst_11.txt algo5
[573/1260] ok S2/S2_inst_11.txt algo5 seconds=0.091394 profit=119714 moving_time=900
[574/1260] wrote S2/S2_inst_12.txt ip_solver
[575/1260] running S2/S2_inst_12.txt algo1
[575/1260] ok S2/S2_inst_12.txt algo1 seconds=0.040056 profit=272403 moving_time=900
[576/1260] running S2/S2_inst_12.txt algo5
[576/1260] ok S2/S2_inst_12.txt algo5 seconds=0.071247 profit=272403 moving_time=900
[577/1260] wrote S2/S2_inst_13.txt ip_solver
[578/1260] running S2/S2_inst_13.txt algo1
[578/1260] ok S2/S2_inst_13.txt algo1 seconds=0.043172 profit=188928 moving_time=900
[579/1260] running S2/S2_inst_13.txt algo5
[579/1260] ok S2/S2_inst_13.txt algo5 seconds=0.055334 profit=188928 moving_time=810
[580/1260] wrote S2/S2_inst_14.txt ip_solver
[581/1260] running S2/S2_inst_14.txt algo1
[581/1260] ok S2/S2_inst_14.txt algo1 seconds=0.043105 profit=134568 moving_time=810
[582/1260] running S2/S2_inst_14.txt algo5
[582/1260] ok S2/S2_inst_14.txt algo5 seconds=0.239860 profit=134568 moving_time=810
[583/1260] wrote S2/S2_inst_15.txt ip_solver
[584/1260] running S2/S2_inst_15.txt algo1
[584/1260] ok S2/S2_inst_15.txt algo1 seconds=0.037575 profit=141465 moving_time=900
[585/1260] running S2/S2_inst_15.txt algo5
[585/1260] ok S2/S2_inst_15.txt algo5 seconds=0.071816 profit=141465 moving_time=720
[586/1260] wrote S2/S2_inst_16.txt ip_solver
[587/1260] running S2/S2_inst_16.txt algo1
[587/1260] ok S2/S2_inst_16.txt algo1 seconds=0.042421 profit=153031 moving_time=810
[588/1260] running S2/S2_inst_16.txt algo5
[588/1260] ok S2/S2_inst_16.txt algo5 seconds=0.045371 profit=153031 moving_time=810
[589/1260] wrote S2/S2_inst_17.txt ip_solver
[590/1260] running S2/S2_inst_17.txt algo1
[590/1260] ok S2/S2_inst_17.txt algo1 seconds=0.039603 profit=257620 moving_time=810
[591/1260] running S2/S2_inst_17.txt algo5
[591/1260] ok S2/S2_inst_17.txt algo5 seconds=0.088401 profit=257620 moving_time=810
[592/1260] wrote S2/S2_inst_18.txt ip_solver
[593/1260] running S2/S2_inst_18.txt algo1
[593/1260] ok S2/S2_inst_18.txt algo1 seconds=0.042203 profit=155072 moving_time=810
[594/1260] running S2/S2_inst_18.txt algo5
[594/1260] ok S2/S2_inst_18.txt algo5 seconds=0.073158 profit=155072 moving_time=810
[595/1260] wrote S2/S2_inst_19.txt ip_solver
[596/1260] running S2/S2_inst_19.txt algo1
[596/1260] ok S2/S2_inst_19.txt algo1 seconds=0.039441 profit=144614 moving_time=900
[597/1260] running S2/S2_inst_19.txt algo5
[597/1260] ok S2/S2_inst_19.txt algo5 seconds=0.061688 profit=144614 moving_time=810
[598/1260] wrote S2/S2_inst_20.txt ip_solver
[599/1260] running S2/S2_inst_20.txt algo1
[599/1260] ok S2/S2_inst_20.txt algo1 seconds=0.034181 profit=219870 moving_time=900
[600/1260] running S2/S2_inst_20.txt algo5
[600/1260] ok S2/S2_inst_20.txt algo5 seconds=0.102254 profit=219870 moving_time=810
[601/1260] wrote S2/S2_inst_21.txt ip_solver
[602/1260] running S2/S2_inst_21.txt algo1
[602/1260] ok S2/S2_inst_21.txt algo1 seconds=0.040456 profit=157509 moving_time=900
[603/1260] running S2/S2_inst_21.txt algo5
[603/1260] ok S2/S2_inst_21.txt algo5 seconds=0.064926 profit=157509 moving_time=810
[604/1260] wrote S2/S2_inst_22.txt ip_solver
[605/1260] running S2/S2_inst_22.txt algo1
[605/1260] ok S2/S2_inst_22.txt algo1 seconds=0.050056 profit=121568 moving_time=810
[606/1260] running S2/S2_inst_22.txt algo5
[606/1260] ok S2/S2_inst_22.txt algo5 seconds=0.049524 profit=121568 moving_time=720
[607/1260] wrote S2/S2_inst_23.txt ip_solver
[608/1260] running S2/S2_inst_23.txt algo1
[608/1260] ok S2/S2_inst_23.txt algo1 seconds=0.041550 profit=159561 moving_time=900
[609/1260] running S2/S2_inst_23.txt algo5
[609/1260] ok S2/S2_inst_23.txt algo5 seconds=0.060922 profit=159561 moving_time=900
[610/1260] wrote S2/S2_inst_24.txt ip_solver
[611/1260] running S2/S2_inst_24.txt algo1
[611/1260] ok S2/S2_inst_24.txt algo1 seconds=0.038352 profit=177497 moving_time=810
[612/1260] running S2/S2_inst_24.txt algo5
[612/1260] ok S2/S2_inst_24.txt algo5 seconds=0.227907 profit=177497 moving_time=720
[613/1260] wrote S2/S2_inst_25.txt ip_solver
[614/1260] running S2/S2_inst_25.txt algo1
[614/1260] ok S2/S2_inst_25.txt algo1 seconds=0.040971 profit=195889 moving_time=900
[615/1260] running S2/S2_inst_25.txt algo5
[615/1260] ok S2/S2_inst_25.txt algo5 seconds=0.106270 profit=195889 moving_time=900
[616/1260] wrote S2/S2_inst_26.txt ip_solver
[617/1260] running S2/S2_inst_26.txt algo1
[617/1260] ok S2/S2_inst_26.txt algo1 seconds=0.039112 profit=136033 moving_time=900
[618/1260] running S2/S2_inst_26.txt algo5
[618/1260] ok S2/S2_inst_26.txt algo5 seconds=0.080143 profit=136033 moving_time=720
[619/1260] wrote S2/S2_inst_27.txt ip_solver
[620/1260] running S2/S2_inst_27.txt algo1
[620/1260] ok S2/S2_inst_27.txt algo1 seconds=0.042943 profit=167778 moving_time=900
[621/1260] running S2/S2_inst_27.txt algo5
[621/1260] ok S2/S2_inst_27.txt algo5 seconds=0.040883 profit=167778 moving_time=630
[622/1260] wrote S2/S2_inst_28.txt ip_solver
[623/1260] running S2/S2_inst_28.txt algo1
[623/1260] ok S2/S2_inst_28.txt algo1 seconds=0.038321 profit=169536 moving_time=900
[624/1260] running S2/S2_inst_28.txt algo5
[624/1260] ok S2/S2_inst_28.txt algo5 seconds=0.078060 profit=169536 moving_time=900
[625/1260] wrote S2/S2_inst_29.txt ip_solver
[626/1260] running S2/S2_inst_29.txt algo1
[626/1260] ok S2/S2_inst_29.txt algo1 seconds=0.047657 profit=148091 moving_time=900
[627/1260] running S2/S2_inst_29.txt algo5
[627/1260] ok S2/S2_inst_29.txt algo5 seconds=0.065118 profit=148091 moving_time=900
[628/1260] wrote S2/S2_inst_30.txt ip_solver
[629/1260] running S2/S2_inst_30.txt algo1
[629/1260] ok S2/S2_inst_30.txt algo1 seconds=0.044077 profit=130220 moving_time=810
[630/1260] running S2/S2_inst_30.txt algo5
[630/1260] ok S2/S2_inst_30.txt algo5 seconds=0.118994 profit=130220 moving_time=810
[631/1260] wrote S3/S3_inst_01.txt ip_solver
[632/1260] running S3/S3_inst_01.txt algo1
[632/1260] ok S3/S3_inst_01.txt algo1 seconds=0.308592 profit=616066 moving_time=2970
[633/1260] running S3/S3_inst_01.txt algo5
[633/1260] ok S3/S3_inst_01.txt algo5 seconds=0.119005 profit=616066 moving_time=2880
[634/1260] wrote S3/S3_inst_02.txt ip_solver
[635/1260] running S3/S3_inst_02.txt algo1
[635/1260] ok S3/S3_inst_02.txt algo1 seconds=0.312923 profit=539819 moving_time=2880
[636/1260] running S3/S3_inst_02.txt algo5
[636/1260] ok S3/S3_inst_02.txt algo5 seconds=0.051486 profit=539819 moving_time=2700
[637/1260] wrote S3/S3_inst_03.txt ip_solver
[638/1260] running S3/S3_inst_03.txt algo1
[638/1260] ok S3/S3_inst_03.txt algo1 seconds=0.577901 profit=515235 moving_time=2970
[639/1260] running S3/S3_inst_03.txt algo5
[639/1260] ok S3/S3_inst_03.txt algo5 seconds=0.108490 profit=515235 moving_time=2790
[640/1260] wrote S3/S3_inst_04.txt ip_solver
[641/1260] running S3/S3_inst_04.txt algo1
[641/1260] ok S3/S3_inst_04.txt algo1 seconds=0.413691 profit=462023 moving_time=2970
[642/1260] running S3/S3_inst_04.txt algo5
[642/1260] ok S3/S3_inst_04.txt algo5 seconds=0.146291 profit=462023 moving_time=2880
[643/1260] wrote S3/S3_inst_05.txt ip_solver
[644/1260] running S3/S3_inst_05.txt algo1
[644/1260] ok S3/S3_inst_05.txt algo1 seconds=0.413096 profit=490314 moving_time=2970
[645/1260] running S3/S3_inst_05.txt algo5
[645/1260] ok S3/S3_inst_05.txt algo5 seconds=0.070667 profit=490314 moving_time=2790
[646/1260] wrote S3/S3_inst_06.txt ip_solver
[647/1260] running S3/S3_inst_06.txt algo1
[647/1260] ok S3/S3_inst_06.txt algo1 seconds=0.328863 profit=507162 moving_time=2790
[648/1260] running S3/S3_inst_06.txt algo5
[648/1260] ok S3/S3_inst_06.txt algo5 seconds=0.047629 profit=507162 moving_time=2880
[649/1260] wrote S3/S3_inst_07.txt ip_solver
[650/1260] running S3/S3_inst_07.txt algo1
[650/1260] ok S3/S3_inst_07.txt algo1 seconds=0.329336 profit=676874 moving_time=2970
[651/1260] running S3/S3_inst_07.txt algo5
[651/1260] ok S3/S3_inst_07.txt algo5 seconds=0.067030 profit=676874 moving_time=2880
[652/1260] wrote S3/S3_inst_08.txt ip_solver
[653/1260] running S3/S3_inst_08.txt algo1
[653/1260] ok S3/S3_inst_08.txt algo1 seconds=0.341450 profit=573058 moving_time=2970
[654/1260] running S3/S3_inst_08.txt algo5
[654/1260] ok S3/S3_inst_08.txt algo5 seconds=0.077699 profit=573058 moving_time=2700
[655/1260] wrote S3/S3_inst_09.txt ip_solver
[656/1260] running S3/S3_inst_09.txt algo1
[656/1260] ok S3/S3_inst_09.txt algo1 seconds=0.353789 profit=522077 moving_time=2970
[657/1260] running S3/S3_inst_09.txt algo5
[657/1260] ok S3/S3_inst_09.txt algo5 seconds=0.101342 profit=522077 moving_time=2700
[658/1260] wrote S3/S3_inst_10.txt ip_solver
[659/1260] running S3/S3_inst_10.txt algo1
[659/1260] ok S3/S3_inst_10.txt algo1 seconds=0.352309 profit=598875 moving_time=2970
[660/1260] running S3/S3_inst_10.txt algo5
[660/1260] ok S3/S3_inst_10.txt algo5 seconds=0.090613 profit=598875 moving_time=2790
[661/1260] wrote S3/S3_inst_11.txt ip_solver
[662/1260] running S3/S3_inst_11.txt algo1
[662/1260] ok S3/S3_inst_11.txt algo1 seconds=0.317415 profit=501605 moving_time=2970
[663/1260] running S3/S3_inst_11.txt algo5
[663/1260] ok S3/S3_inst_11.txt algo5 seconds=0.102541 profit=501605 moving_time=2790
[664/1260] wrote S3/S3_inst_12.txt ip_solver
[665/1260] running S3/S3_inst_12.txt algo1
[665/1260] ok S3/S3_inst_12.txt algo1 seconds=0.371472 profit=643592 moving_time=2970
[666/1260] running S3/S3_inst_12.txt algo5
[666/1260] ok S3/S3_inst_12.txt algo5 seconds=0.120715 profit=643592 moving_time=2790
[667/1260] wrote S3/S3_inst_13.txt ip_solver
[668/1260] running S3/S3_inst_13.txt algo1
[668/1260] ok S3/S3_inst_13.txt algo1 seconds=0.315595 profit=662988 moving_time=2880
[669/1260] running S3/S3_inst_13.txt algo5
[669/1260] ok S3/S3_inst_13.txt algo5 seconds=0.099743 profit=662988 moving_time=2790
[670/1260] wrote S3/S3_inst_14.txt ip_solver
[671/1260] running S3/S3_inst_14.txt algo1
[671/1260] ok S3/S3_inst_14.txt algo1 seconds=0.355152 profit=638669 moving_time=2970
[672/1260] running S3/S3_inst_14.txt algo5
[672/1260] ok S3/S3_inst_14.txt algo5 seconds=0.167401 profit=638669 moving_time=2700
[673/1260] wrote S3/S3_inst_15.txt ip_solver
[674/1260] running S3/S3_inst_15.txt algo1
[674/1260] ok S3/S3_inst_15.txt algo1 seconds=0.341572 profit=516389 moving_time=2970
[675/1260] running S3/S3_inst_15.txt algo5
[675/1260] ok S3/S3_inst_15.txt algo5 seconds=0.118560 profit=516389 moving_time=2700
[676/1260] wrote S3/S3_inst_16.txt ip_solver
[677/1260] running S3/S3_inst_16.txt algo1
[677/1260] ok S3/S3_inst_16.txt algo1 seconds=0.351179 profit=507186 moving_time=2880
[678/1260] running S3/S3_inst_16.txt algo5
[678/1260] ok S3/S3_inst_16.txt algo5 seconds=0.074839 profit=507186 moving_time=2880
[679/1260] wrote S3/S3_inst_17.txt ip_solver
[680/1260] running S3/S3_inst_17.txt algo1
[680/1260] ok S3/S3_inst_17.txt algo1 seconds=0.325782 profit=739798 moving_time=2970
[681/1260] running S3/S3_inst_17.txt algo5
[681/1260] ok S3/S3_inst_17.txt algo5 seconds=0.060487 profit=739798 moving_time=2700
[682/1260] wrote S3/S3_inst_18.txt ip_solver
[683/1260] running S3/S3_inst_18.txt algo1
[683/1260] ok S3/S3_inst_18.txt algo1 seconds=0.376351 profit=586264 moving_time=2880
[684/1260] running S3/S3_inst_18.txt algo5
[684/1260] ok S3/S3_inst_18.txt algo5 seconds=0.175916 profit=586264 moving_time=2790
[685/1260] wrote S3/S3_inst_19.txt ip_solver
[686/1260] running S3/S3_inst_19.txt algo1
[686/1260] ok S3/S3_inst_19.txt algo1 seconds=0.351714 profit=651592 moving_time=2880
[687/1260] running S3/S3_inst_19.txt algo5
[687/1260] ok S3/S3_inst_19.txt algo5 seconds=0.072917 profit=651592 moving_time=2790
[688/1260] wrote S3/S3_inst_20.txt ip_solver
[689/1260] running S3/S3_inst_20.txt algo1
[689/1260] ok S3/S3_inst_20.txt algo1 seconds=0.294193 profit=552062 moving_time=2880
[690/1260] running S3/S3_inst_20.txt algo5
[690/1260] ok S3/S3_inst_20.txt algo5 seconds=0.072547 profit=552062 moving_time=2610
[691/1260] wrote S3/S3_inst_21.txt ip_solver
[692/1260] running S3/S3_inst_21.txt algo1
[692/1260] ok S3/S3_inst_21.txt algo1 seconds=0.337191 profit=673678 moving_time=2970
[693/1260] running S3/S3_inst_21.txt algo5
[693/1260] ok S3/S3_inst_21.txt algo5 seconds=0.058588 profit=673678 moving_time=2700
[694/1260] wrote S3/S3_inst_22.txt ip_solver
[695/1260] running S3/S3_inst_22.txt algo1
[695/1260] ok S3/S3_inst_22.txt algo1 seconds=0.377183 profit=650576 moving_time=2970
[696/1260] running S3/S3_inst_22.txt algo5
[696/1260] ok S3/S3_inst_22.txt algo5 seconds=0.096597 profit=650576 moving_time=2700
[697/1260] wrote S3/S3_inst_23.txt ip_solver
[698/1260] running S3/S3_inst_23.txt algo1
[698/1260] ok S3/S3_inst_23.txt algo1 seconds=0.321568 profit=355699 moving_time=2880
[699/1260] running S3/S3_inst_23.txt algo5
[699/1260] ok S3/S3_inst_23.txt algo5 seconds=0.099683 profit=355699 moving_time=2790
[700/1260] wrote S3/S3_inst_24.txt ip_solver
[701/1260] running S3/S3_inst_24.txt algo1
[701/1260] ok S3/S3_inst_24.txt algo1 seconds=0.395851 profit=529561 moving_time=2970
[702/1260] running S3/S3_inst_24.txt algo5
[702/1260] ok S3/S3_inst_24.txt algo5 seconds=0.079935 profit=529561 moving_time=2970
[703/1260] wrote S3/S3_inst_25.txt ip_solver
[704/1260] running S3/S3_inst_25.txt algo1
[704/1260] ok S3/S3_inst_25.txt algo1 seconds=0.358369 profit=610994 moving_time=2970
[705/1260] running S3/S3_inst_25.txt algo5
[705/1260] ok S3/S3_inst_25.txt algo5 seconds=0.108214 profit=610994 moving_time=2790
[706/1260] wrote S3/S3_inst_26.txt ip_solver
[707/1260] running S3/S3_inst_26.txt algo1
[707/1260] ok S3/S3_inst_26.txt algo1 seconds=0.332822 profit=567814 moving_time=2880
[708/1260] running S3/S3_inst_26.txt algo5
[708/1260] ok S3/S3_inst_26.txt algo5 seconds=0.077497 profit=567814 moving_time=2700
[709/1260] wrote S3/S3_inst_27.txt ip_solver
[710/1260] running S3/S3_inst_27.txt algo1
[710/1260] ok S3/S3_inst_27.txt algo1 seconds=0.436775 profit=545381 moving_time=2880
[711/1260] running S3/S3_inst_27.txt algo5
[711/1260] ok S3/S3_inst_27.txt algo5 seconds=0.218506 profit=545381 moving_time=2430
[712/1260] wrote S3/S3_inst_28.txt ip_solver
[713/1260] running S3/S3_inst_28.txt algo1
[713/1260] ok S3/S3_inst_28.txt algo1 seconds=0.354808 profit=558684 moving_time=2970
[714/1260] running S3/S3_inst_28.txt algo5
[714/1260] ok S3/S3_inst_28.txt algo5 seconds=0.070634 profit=558684 moving_time=2700
[715/1260] wrote S3/S3_inst_29.txt ip_solver
[716/1260] running S3/S3_inst_29.txt algo1
[716/1260] ok S3/S3_inst_29.txt algo1 seconds=0.470414 profit=435945 moving_time=2970
[717/1260] running S3/S3_inst_29.txt algo5
[717/1260] ok S3/S3_inst_29.txt algo5 seconds=0.135209 profit=435945 moving_time=2700
[718/1260] wrote S3/S3_inst_30.txt ip_solver
[719/1260] running S3/S3_inst_30.txt algo1
[719/1260] ok S3/S3_inst_30.txt algo1 seconds=0.302061 profit=595298 moving_time=2880
[720/1260] running S3/S3_inst_30.txt algo5
[720/1260] ok S3/S3_inst_30.txt algo5 seconds=0.071321 profit=595298 moving_time=2790
[721/1260] wrote S4/S4_inst_01.txt ip_solver
[722/1260] running S4/S4_inst_01.txt algo1
[722/1260] ok S4/S4_inst_01.txt algo1 seconds=0.016075 profit=4186598 moving_time=18630
[723/1260] running S4/S4_inst_01.txt algo5
[723/1260] ok S4/S4_inst_01.txt algo5 seconds=0.121110 profit=4231286 moving_time=19890
[724/1260] wrote S4/S4_inst_02.txt ip_solver
[725/1260] running S4/S4_inst_02.txt algo1
[725/1260] ok S4/S4_inst_02.txt algo1 seconds=0.016473 profit=4463651 moving_time=18270
[726/1260] running S4/S4_inst_02.txt algo5
[726/1260] ok S4/S4_inst_02.txt algo5 seconds=0.170930 profit=4463651 moving_time=20700
[727/1260] wrote S4/S4_inst_03.txt ip_solver
[728/1260] running S4/S4_inst_03.txt algo1
[728/1260] ok S4/S4_inst_03.txt algo1 seconds=0.019545 profit=4871285 moving_time=18810
[729/1260] running S4/S4_inst_03.txt algo5
[729/1260] ok S4/S4_inst_03.txt algo5 seconds=0.074416 profit=4871285 moving_time=20790
[730/1260] wrote S4/S4_inst_04.txt ip_solver
[731/1260] running S4/S4_inst_04.txt algo1
[731/1260] ok S4/S4_inst_04.txt algo1 seconds=0.016529 profit=4100045 moving_time=18720
[732/1260] running S4/S4_inst_04.txt algo5
[732/1260] ok S4/S4_inst_04.txt algo5 seconds=0.096063 profit=4100045 moving_time=20520
[733/1260] wrote S4/S4_inst_05.txt ip_solver
[734/1260] running S4/S4_inst_05.txt algo1
[734/1260] ok S4/S4_inst_05.txt algo1 seconds=0.016476 profit=5329533 moving_time=18180
[735/1260] running S4/S4_inst_05.txt algo5
[735/1260] ok S4/S4_inst_05.txt algo5 seconds=0.154052 profit=5329533 moving_time=20430
[736/1260] wrote S4/S4_inst_06.txt ip_solver
[737/1260] running S4/S4_inst_06.txt algo1
[737/1260] ok S4/S4_inst_06.txt algo1 seconds=0.019197 profit=4484783 moving_time=18990
[738/1260] running S4/S4_inst_06.txt algo5
[738/1260] ok S4/S4_inst_06.txt algo5 seconds=0.133829 profit=4484783 moving_time=21150
[739/1260] wrote S4/S4_inst_07.txt ip_solver
[740/1260] running S4/S4_inst_07.txt algo1
[740/1260] ok S4/S4_inst_07.txt algo1 seconds=0.016620 profit=4161415 moving_time=17910
[741/1260] running S4/S4_inst_07.txt algo5
[741/1260] ok S4/S4_inst_07.txt algo5 seconds=0.182596 profit=4161415 moving_time=20880
[742/1260] wrote S4/S4_inst_08.txt ip_solver
[743/1260] running S4/S4_inst_08.txt algo1
[743/1260] ok S4/S4_inst_08.txt algo1 seconds=0.016236 profit=4477176 moving_time=18630
[744/1260] running S4/S4_inst_08.txt algo5
[744/1260] ok S4/S4_inst_08.txt algo5 seconds=0.164639 profit=4607181 moving_time=20070
[745/1260] wrote S4/S4_inst_09.txt ip_solver
[746/1260] running S4/S4_inst_09.txt algo1
[746/1260] ok S4/S4_inst_09.txt algo1 seconds=0.015390 profit=2021787 moving_time=16290
[747/1260] running S4/S4_inst_09.txt algo5
[747/1260] ok S4/S4_inst_09.txt algo5 seconds=0.153831 profit=2257104 moving_time=17910
[748/1260] wrote S4/S4_inst_10.txt ip_solver
[749/1260] running S4/S4_inst_10.txt algo1
[749/1260] ok S4/S4_inst_10.txt algo1 seconds=0.016751 profit=4041091 moving_time=18450
[750/1260] running S4/S4_inst_10.txt algo5
[750/1260] ok S4/S4_inst_10.txt algo5 seconds=0.111450 profit=4041091 moving_time=21150
[751/1260] wrote S4/S4_inst_11.txt ip_solver
[752/1260] running S4/S4_inst_11.txt algo1
[752/1260] ok S4/S4_inst_11.txt algo1 seconds=0.016717 profit=5019639 moving_time=18720
[753/1260] running S4/S4_inst_11.txt algo5
[753/1260] ok S4/S4_inst_11.txt algo5 seconds=0.079154 profit=5019639 moving_time=20520
[754/1260] wrote S4/S4_inst_12.txt ip_solver
[755/1260] running S4/S4_inst_12.txt algo1
[755/1260] ok S4/S4_inst_12.txt algo1 seconds=0.016447 profit=4907159 moving_time=18450
[756/1260] running S4/S4_inst_12.txt algo5
[756/1260] ok S4/S4_inst_12.txt algo5 seconds=0.063029 profit=4907159 moving_time=20430
[757/1260] wrote S4/S4_inst_13.txt ip_solver
[758/1260] running S4/S4_inst_13.txt algo1
[758/1260] ok S4/S4_inst_13.txt algo1 seconds=0.016675 profit=4483632 moving_time=17730
[759/1260] running S4/S4_inst_13.txt algo5
[759/1260] ok S4/S4_inst_13.txt algo5 seconds=0.060903 profit=4483632 moving_time=20520
[760/1260] wrote S4/S4_inst_14.txt ip_solver
[761/1260] running S4/S4_inst_14.txt algo1
[761/1260] ok S4/S4_inst_14.txt algo1 seconds=0.016332 profit=4244900 moving_time=18720
[762/1260] running S4/S4_inst_14.txt algo5
[762/1260] ok S4/S4_inst_14.txt algo5 seconds=0.094169 profit=4244900 moving_time=20700
[763/1260] wrote S4/S4_inst_15.txt ip_solver
[764/1260] running S4/S4_inst_15.txt algo1
[764/1260] ok S4/S4_inst_15.txt algo1 seconds=0.016299 profit=4974382 moving_time=18180
[765/1260] running S4/S4_inst_15.txt algo5
[765/1260] ok S4/S4_inst_15.txt algo5 seconds=0.121311 profit=4974382 moving_time=20610
[766/1260] wrote S4/S4_inst_16.txt ip_solver
[767/1260] running S4/S4_inst_16.txt algo1
[767/1260] ok S4/S4_inst_16.txt algo1 seconds=0.016411 profit=4766659 moving_time=17820
[768/1260] running S4/S4_inst_16.txt algo5
[768/1260] ok S4/S4_inst_16.txt algo5 seconds=0.151000 profit=4766659 moving_time=20520
[769/1260] wrote S4/S4_inst_17.txt ip_solver
[770/1260] running S4/S4_inst_17.txt algo1
[770/1260] ok S4/S4_inst_17.txt algo1 seconds=0.016704 profit=4057486 moving_time=18000
[771/1260] running S4/S4_inst_17.txt algo5
[771/1260] ok S4/S4_inst_17.txt algo5 seconds=0.119745 profit=4057486 moving_time=20970
[772/1260] wrote S4/S4_inst_18.txt ip_solver
[773/1260] running S4/S4_inst_18.txt algo1
[773/1260] ok S4/S4_inst_18.txt algo1 seconds=0.016608 profit=4271529 moving_time=17010
[774/1260] running S4/S4_inst_18.txt algo5
[774/1260] ok S4/S4_inst_18.txt algo5 seconds=0.132387 profit=4271529 moving_time=20250
[775/1260] wrote S4/S4_inst_19.txt ip_solver
[776/1260] running S4/S4_inst_19.txt algo1
[776/1260] ok S4/S4_inst_19.txt algo1 seconds=0.016671 profit=4455137 moving_time=18180
[777/1260] running S4/S4_inst_19.txt algo5
[777/1260] ok S4/S4_inst_19.txt algo5 seconds=0.091348 profit=4455137 moving_time=20520
[778/1260] wrote S4/S4_inst_20.txt ip_solver
[779/1260] running S4/S4_inst_20.txt algo1
[779/1260] ok S4/S4_inst_20.txt algo1 seconds=0.016639 profit=5089646 moving_time=18360
[780/1260] running S4/S4_inst_20.txt algo5
[780/1260] ok S4/S4_inst_20.txt algo5 seconds=0.099201 profit=5089646 moving_time=20880
[781/1260] wrote S4/S4_inst_21.txt ip_solver
[782/1260] running S4/S4_inst_21.txt algo1
[782/1260] ok S4/S4_inst_21.txt algo1 seconds=0.019869 profit=4765457 moving_time=17280
[783/1260] running S4/S4_inst_21.txt algo5
[783/1260] ok S4/S4_inst_21.txt algo5 seconds=0.108379 profit=4765457 moving_time=20970
[784/1260] wrote S4/S4_inst_22.txt ip_solver
[785/1260] running S4/S4_inst_22.txt algo1
[785/1260] ok S4/S4_inst_22.txt algo1 seconds=0.016552 profit=5348070 moving_time=17730
[786/1260] running S4/S4_inst_22.txt algo5
[786/1260] ok S4/S4_inst_22.txt algo5 seconds=0.060038 profit=5348070 moving_time=20610
[787/1260] wrote S4/S4_inst_23.txt ip_solver
[788/1260] running S4/S4_inst_23.txt algo1
[788/1260] ok S4/S4_inst_23.txt algo1 seconds=0.016508 profit=4541113 moving_time=19080
[789/1260] running S4/S4_inst_23.txt algo5
[789/1260] ok S4/S4_inst_23.txt algo5 seconds=0.115938 profit=4541113 moving_time=21060
[790/1260] wrote S4/S4_inst_24.txt ip_solver
[791/1260] running S4/S4_inst_24.txt algo1
[791/1260] ok S4/S4_inst_24.txt algo1 seconds=0.019293 profit=4386677 moving_time=18990
[792/1260] running S4/S4_inst_24.txt algo5
[792/1260] ok S4/S4_inst_24.txt algo5 seconds=0.132039 profit=4386677 moving_time=20700
[793/1260] wrote S4/S4_inst_25.txt ip_solver
[794/1260] running S4/S4_inst_25.txt algo1
[794/1260] ok S4/S4_inst_25.txt algo1 seconds=0.016899 profit=4354430 moving_time=18990
[795/1260] running S4/S4_inst_25.txt algo5
[795/1260] ok S4/S4_inst_25.txt algo5 seconds=0.073405 profit=4354430 moving_time=21240
[796/1260] wrote S4/S4_inst_26.txt ip_solver
[797/1260] running S4/S4_inst_26.txt algo1
[797/1260] ok S4/S4_inst_26.txt algo1 seconds=0.016741 profit=3904175 moving_time=17280
[798/1260] running S4/S4_inst_26.txt algo5
[798/1260] ok S4/S4_inst_26.txt algo5 seconds=0.147678 profit=3904175 moving_time=20790
[799/1260] wrote S4/S4_inst_27.txt ip_solver
[800/1260] running S4/S4_inst_27.txt algo1
[800/1260] ok S4/S4_inst_27.txt algo1 seconds=0.017423 profit=4248133 moving_time=18180
[801/1260] running S4/S4_inst_27.txt algo5
[801/1260] ok S4/S4_inst_27.txt algo5 seconds=0.222174 profit=4248133 moving_time=21150
[802/1260] wrote S4/S4_inst_28.txt ip_solver
[803/1260] running S4/S4_inst_28.txt algo1
[803/1260] ok S4/S4_inst_28.txt algo1 seconds=0.016608 profit=4866084 moving_time=18450
[804/1260] running S4/S4_inst_28.txt algo5
[804/1260] ok S4/S4_inst_28.txt algo5 seconds=0.112511 profit=4866084 moving_time=20700
[805/1260] wrote S4/S4_inst_29.txt ip_solver
[806/1260] running S4/S4_inst_29.txt algo1
[806/1260] ok S4/S4_inst_29.txt algo1 seconds=0.016604 profit=4929138 moving_time=17640
[807/1260] running S4/S4_inst_29.txt algo5
[807/1260] ok S4/S4_inst_29.txt algo5 seconds=0.153462 profit=4929138 moving_time=20430
[808/1260] wrote S4/S4_inst_30.txt ip_solver
[809/1260] running S4/S4_inst_30.txt algo1
[809/1260] ok S4/S4_inst_30.txt algo1 seconds=0.016734 profit=5505071 moving_time=18450
[810/1260] running S4/S4_inst_30.txt algo5
[810/1260] ok S4/S4_inst_30.txt algo5 seconds=0.190516 profit=5505071 moving_time=20340
[811/1260] wrote S5/S5_inst_01.txt ip_solver
[812/1260] running S5/S5_inst_01.txt algo1
[812/1260] ok S5/S5_inst_01.txt algo1 seconds=0.014233 profit=1670050 moving_time=7740
[813/1260] running S5/S5_inst_01.txt algo5
[813/1260] ok S5/S5_inst_01.txt algo5 seconds=0.079935 profit=1670050 moving_time=8730
[814/1260] wrote S5/S5_inst_02.txt ip_solver
[815/1260] running S5/S5_inst_02.txt algo1
[815/1260] ok S5/S5_inst_02.txt algo1 seconds=0.010806 profit=1720307 moving_time=7200
[816/1260] running S5/S5_inst_02.txt algo5
[816/1260] ok S5/S5_inst_02.txt algo5 seconds=0.058144 profit=1720307 moving_time=8460
[817/1260] wrote S5/S5_inst_03.txt ip_solver
[818/1260] running S5/S5_inst_03.txt algo1
[818/1260] ok S5/S5_inst_03.txt algo1 seconds=0.010785 profit=1618603 moving_time=7290
[819/1260] running S5/S5_inst_03.txt algo5
[819/1260] ok S5/S5_inst_03.txt algo5 seconds=0.105776 profit=1618603 moving_time=8820
[820/1260] wrote S5/S5_inst_04.txt ip_solver
[821/1260] running S5/S5_inst_04.txt algo1
[821/1260] ok S5/S5_inst_04.txt algo1 seconds=0.013055 profit=1670351 moving_time=6930
[822/1260] running S5/S5_inst_04.txt algo5
[822/1260] ok S5/S5_inst_04.txt algo5 seconds=0.071314 profit=1670351 moving_time=8460
[823/1260] wrote S5/S5_inst_05.txt ip_solver
[824/1260] running S5/S5_inst_05.txt algo1
[824/1260] ok S5/S5_inst_05.txt algo1 seconds=0.010809 profit=1410427 moving_time=7740
[825/1260] running S5/S5_inst_05.txt algo5
[825/1260] ok S5/S5_inst_05.txt algo5 seconds=0.090163 profit=1410427 moving_time=8910
[826/1260] wrote S5/S5_inst_06.txt ip_solver
[827/1260] running S5/S5_inst_06.txt algo1
[827/1260] ok S5/S5_inst_06.txt algo1 seconds=0.010814 profit=1568036 moving_time=7560
[828/1260] running S5/S5_inst_06.txt algo5
[828/1260] ok S5/S5_inst_06.txt algo5 seconds=0.071297 profit=1568036 moving_time=8010
[829/1260] wrote S5/S5_inst_07.txt ip_solver
[830/1260] running S5/S5_inst_07.txt algo1
[830/1260] ok S5/S5_inst_07.txt algo1 seconds=0.010814 profit=1891533 moving_time=7020
[831/1260] running S5/S5_inst_07.txt algo5
[831/1260] ok S5/S5_inst_07.txt algo5 seconds=0.075892 profit=1891533 moving_time=8820
[832/1260] wrote S5/S5_inst_08.txt ip_solver
[833/1260] running S5/S5_inst_08.txt algo1
[833/1260] ok S5/S5_inst_08.txt algo1 seconds=0.013600 profit=1391724 moving_time=7380
[834/1260] running S5/S5_inst_08.txt algo5
[834/1260] ok S5/S5_inst_08.txt algo5 seconds=0.139267 profit=1391724 moving_time=8190
[835/1260] wrote S5/S5_inst_09.txt ip_solver
[836/1260] running S5/S5_inst_09.txt algo1
[836/1260] ok S5/S5_inst_09.txt algo1 seconds=0.010952 profit=1664271 moving_time=7560
[837/1260] running S5/S5_inst_09.txt algo5
[837/1260] ok S5/S5_inst_09.txt algo5 seconds=0.056390 profit=1664271 moving_time=8550
[838/1260] wrote S5/S5_inst_10.txt ip_solver
[839/1260] running S5/S5_inst_10.txt algo1
[839/1260] ok S5/S5_inst_10.txt algo1 seconds=0.010926 profit=1727472 moving_time=7650
[840/1260] running S5/S5_inst_10.txt algo5
[840/1260] ok S5/S5_inst_10.txt algo5 seconds=0.064702 profit=1727472 moving_time=8820
[841/1260] wrote S5/S5_inst_11.txt ip_solver
[842/1260] running S5/S5_inst_11.txt algo1
[842/1260] ok S5/S5_inst_11.txt algo1 seconds=0.011075 profit=1621266 moving_time=7830
[843/1260] running S5/S5_inst_11.txt algo5
[843/1260] ok S5/S5_inst_11.txt algo5 seconds=0.105278 profit=1621266 moving_time=8730
[844/1260] wrote S5/S5_inst_12.txt ip_solver
[845/1260] running S5/S5_inst_12.txt algo1
[845/1260] ok S5/S5_inst_12.txt algo1 seconds=0.010893 profit=1339161 moving_time=7920
[846/1260] running S5/S5_inst_12.txt algo5
[846/1260] ok S5/S5_inst_12.txt algo5 seconds=0.140185 profit=1339161 moving_time=8730
[847/1260] wrote S5/S5_inst_13.txt ip_solver
[848/1260] running S5/S5_inst_13.txt algo1
[848/1260] ok S5/S5_inst_13.txt algo1 seconds=0.011072 profit=1826438 moving_time=7830
[849/1260] running S5/S5_inst_13.txt algo5
[849/1260] ok S5/S5_inst_13.txt algo5 seconds=0.130464 profit=1826438 moving_time=8820
[850/1260] wrote S5/S5_inst_14.txt ip_solver
[851/1260] running S5/S5_inst_14.txt algo1
[851/1260] ok S5/S5_inst_14.txt algo1 seconds=0.010908 profit=1841775 moving_time=7560
[852/1260] running S5/S5_inst_14.txt algo5
[852/1260] ok S5/S5_inst_14.txt algo5 seconds=0.071530 profit=1841775 moving_time=8640
[853/1260] wrote S5/S5_inst_15.txt ip_solver
[854/1260] running S5/S5_inst_15.txt algo1
[854/1260] ok S5/S5_inst_15.txt algo1 seconds=0.013769 profit=1826281 moving_time=7650
[855/1260] running S5/S5_inst_15.txt algo5
[855/1260] ok S5/S5_inst_15.txt algo5 seconds=0.127813 profit=1826281 moving_time=8910
[856/1260] wrote S5/S5_inst_16.txt ip_solver
[857/1260] running S5/S5_inst_16.txt algo1
[857/1260] infeasible S5/S5_inst_16.txt algo1 seconds=0.011035 profit=1939018 moving_time=6930
[858/1260] running S5/S5_inst_16.txt algo5
[858/1260] infeasible S5/S5_inst_16.txt algo5 seconds=0.121179 profit=1939018 moving_time=8730
[859/1260] wrote S5/S5_inst_17.txt ip_solver
[860/1260] running S5/S5_inst_17.txt algo1
[860/1260] ok S5/S5_inst_17.txt algo1 seconds=0.010835 profit=1897327 moving_time=8190
[861/1260] running S5/S5_inst_17.txt algo5
[861/1260] ok S5/S5_inst_17.txt algo5 seconds=0.067095 profit=1897327 moving_time=8820
[862/1260] wrote S5/S5_inst_18.txt ip_solver
[863/1260] running S5/S5_inst_18.txt algo1
[863/1260] ok S5/S5_inst_18.txt algo1 seconds=0.013399 profit=1374621 moving_time=7200
[864/1260] running S5/S5_inst_18.txt algo5
[864/1260] ok S5/S5_inst_18.txt algo5 seconds=0.136389 profit=1374621 moving_time=8370
[865/1260] wrote S5/S5_inst_19.txt ip_solver
[866/1260] running S5/S5_inst_19.txt algo1
[866/1260] ok S5/S5_inst_19.txt algo1 seconds=0.010843 profit=1857744 moving_time=7650
[867/1260] running S5/S5_inst_19.txt algo5
[867/1260] ok S5/S5_inst_19.txt algo5 seconds=0.099668 profit=1857744 moving_time=8730
[868/1260] wrote S5/S5_inst_20.txt ip_solver
[869/1260] running S5/S5_inst_20.txt algo1
[869/1260] ok S5/S5_inst_20.txt algo1 seconds=0.010815 profit=1789522 moving_time=7020
[870/1260] running S5/S5_inst_20.txt algo5
[870/1260] ok S5/S5_inst_20.txt algo5 seconds=0.083145 profit=1789522 moving_time=8460
[871/1260] wrote S5/S5_inst_21.txt ip_solver
[872/1260] running S5/S5_inst_21.txt algo1
[872/1260] ok S5/S5_inst_21.txt algo1 seconds=0.013310 profit=1526558 moving_time=7110
[873/1260] running S5/S5_inst_21.txt algo5
[873/1260] ok S5/S5_inst_21.txt algo5 seconds=0.067205 profit=1526558 moving_time=8460
[874/1260] wrote S5/S5_inst_22.txt ip_solver
[875/1260] running S5/S5_inst_22.txt algo1
[875/1260] ok S5/S5_inst_22.txt algo1 seconds=0.010771 profit=1734757 moving_time=6480
[876/1260] running S5/S5_inst_22.txt algo5
[876/1260] ok S5/S5_inst_22.txt algo5 seconds=0.063977 profit=1734757 moving_time=8460
[877/1260] wrote S5/S5_inst_23.txt ip_solver
[878/1260] running S5/S5_inst_23.txt algo1
[878/1260] ok S5/S5_inst_23.txt algo1 seconds=0.010913 profit=1751175 moving_time=7920
[879/1260] running S5/S5_inst_23.txt algo5
[879/1260] ok S5/S5_inst_23.txt algo5 seconds=0.058272 profit=1751175 moving_time=8730
[880/1260] wrote S5/S5_inst_24.txt ip_solver
[881/1260] running S5/S5_inst_24.txt algo1
[881/1260] ok S5/S5_inst_24.txt algo1 seconds=0.013080 profit=1478435 moving_time=7920
[882/1260] running S5/S5_inst_24.txt algo5
[882/1260] ok S5/S5_inst_24.txt algo5 seconds=0.080299 profit=1478435 moving_time=8910
[883/1260] wrote S5/S5_inst_25.txt ip_solver
[884/1260] running S5/S5_inst_25.txt algo1
[884/1260] ok S5/S5_inst_25.txt algo1 seconds=0.010811 profit=1596422 moving_time=6660
[885/1260] running S5/S5_inst_25.txt algo5
[885/1260] ok S5/S5_inst_25.txt algo5 seconds=0.065561 profit=1596422 moving_time=8460
[886/1260] wrote S5/S5_inst_26.txt ip_solver
[887/1260] running S5/S5_inst_26.txt algo1
[887/1260] ok S5/S5_inst_26.txt algo1 seconds=0.010897 profit=1886837 moving_time=7380
[888/1260] running S5/S5_inst_26.txt algo5
[888/1260] ok S5/S5_inst_26.txt algo5 seconds=0.077332 profit=1886837 moving_time=8190
[889/1260] wrote S5/S5_inst_27.txt ip_solver
[890/1260] running S5/S5_inst_27.txt algo1
[890/1260] ok S5/S5_inst_27.txt algo1 seconds=0.013105 profit=1978045 moving_time=7020
[891/1260] running S5/S5_inst_27.txt algo5
[891/1260] ok S5/S5_inst_27.txt algo5 seconds=0.107543 profit=1978045 moving_time=8730
[892/1260] wrote S5/S5_inst_28.txt ip_solver
[893/1260] running S5/S5_inst_28.txt algo1
[893/1260] ok S5/S5_inst_28.txt algo1 seconds=0.010915 profit=1547922 moving_time=7740
[894/1260] running S5/S5_inst_28.txt algo5
[894/1260] ok S5/S5_inst_28.txt algo5 seconds=0.055721 profit=1547922 moving_time=8460
[895/1260] wrote S5/S5_inst_29.txt ip_solver
[896/1260] running S5/S5_inst_29.txt algo1
[896/1260] ok S5/S5_inst_29.txt algo1 seconds=0.010864 profit=1968484 moving_time=7650
[897/1260] running S5/S5_inst_29.txt algo5
[897/1260] ok S5/S5_inst_29.txt algo5 seconds=0.107938 profit=1968484 moving_time=8820
[898/1260] wrote S5/S5_inst_30.txt ip_solver
[899/1260] running S5/S5_inst_30.txt algo1
[899/1260] ok S5/S5_inst_30.txt algo1 seconds=0.014009 profit=1881845 moving_time=7380
[900/1260] running S5/S5_inst_30.txt algo5
[900/1260] ok S5/S5_inst_30.txt algo5 seconds=0.090083 profit=1881845 moving_time=8730
[901/1260] wrote S6/S6_inst_01.txt ip_solver
[902/1260] running S6/S6_inst_01.txt algo1
[902/1260] ok S6/S6_inst_01.txt algo1 seconds=0.011072 profit=1893458 moving_time=9000
[903/1260] running S6/S6_inst_01.txt algo5
[903/1260] ok S6/S6_inst_01.txt algo5 seconds=0.057660 profit=1893458 moving_time=9000
[904/1260] wrote S6/S6_inst_02.txt ip_solver
[905/1260] running S6/S6_inst_02.txt algo1
[905/1260] ok S6/S6_inst_02.txt algo1 seconds=0.011060 profit=1857071 moving_time=9000
[906/1260] running S6/S6_inst_02.txt algo5
[906/1260] ok S6/S6_inst_02.txt algo5 seconds=0.050929 profit=1857071 moving_time=9000
[907/1260] wrote S6/S6_inst_03.txt ip_solver
[908/1260] running S6/S6_inst_03.txt algo1
[908/1260] ok S6/S6_inst_03.txt algo1 seconds=0.013661 profit=2065068 moving_time=9000
[909/1260] running S6/S6_inst_03.txt algo5
[909/1260] ok S6/S6_inst_03.txt algo5 seconds=0.059937 profit=2065068 moving_time=9000
[910/1260] wrote S6/S6_inst_04.txt ip_solver
[911/1260] running S6/S6_inst_04.txt algo1
[911/1260] ok S6/S6_inst_04.txt algo1 seconds=0.010979 profit=2212228 moving_time=9000
[912/1260] running S6/S6_inst_04.txt algo5
[912/1260] ok S6/S6_inst_04.txt algo5 seconds=0.049767 profit=2212228 moving_time=9000
[913/1260] wrote S6/S6_inst_05.txt ip_solver
[914/1260] running S6/S6_inst_05.txt algo1
[914/1260] ok S6/S6_inst_05.txt algo1 seconds=0.010949 profit=1674750 moving_time=9000
[915/1260] running S6/S6_inst_05.txt algo5
[915/1260] ok S6/S6_inst_05.txt algo5 seconds=0.083330 profit=1674750 moving_time=9000
[916/1260] wrote S6/S6_inst_06.txt ip_solver
[917/1260] running S6/S6_inst_06.txt algo1
[917/1260] ok S6/S6_inst_06.txt algo1 seconds=0.013777 profit=1825883 moving_time=8910
[918/1260] running S6/S6_inst_06.txt algo5
[918/1260] ok S6/S6_inst_06.txt algo5 seconds=0.199985 profit=1825883 moving_time=8910
[919/1260] wrote S6/S6_inst_07.txt ip_solver
[920/1260] running S6/S6_inst_07.txt algo1
[920/1260] ok S6/S6_inst_07.txt algo1 seconds=0.010966 profit=2255615 moving_time=9000
[921/1260] running S6/S6_inst_07.txt algo5
[921/1260] ok S6/S6_inst_07.txt algo5 seconds=0.116421 profit=2255615 moving_time=9000
[922/1260] wrote S6/S6_inst_08.txt ip_solver
[923/1260] running S6/S6_inst_08.txt algo1
[923/1260] ok S6/S6_inst_08.txt algo1 seconds=0.010997 profit=1986421 moving_time=9000
[924/1260] running S6/S6_inst_08.txt algo5
[924/1260] ok S6/S6_inst_08.txt algo5 seconds=0.060742 profit=1986421 moving_time=9000
[925/1260] wrote S6/S6_inst_09.txt ip_solver
[926/1260] running S6/S6_inst_09.txt algo1
[926/1260] ok S6/S6_inst_09.txt algo1 seconds=0.013830 profit=1988929 moving_time=9000
[927/1260] running S6/S6_inst_09.txt algo5
[927/1260] ok S6/S6_inst_09.txt algo5 seconds=0.090902 profit=1988929 moving_time=9000
[928/1260] wrote S6/S6_inst_10.txt ip_solver
[929/1260] running S6/S6_inst_10.txt algo1
[929/1260] ok S6/S6_inst_10.txt algo1 seconds=0.011006 profit=1979751 moving_time=9000
[930/1260] running S6/S6_inst_10.txt algo5
[930/1260] ok S6/S6_inst_10.txt algo5 seconds=0.110630 profit=1979751 moving_time=9000
[931/1260] wrote S6/S6_inst_11.txt ip_solver
[932/1260] running S6/S6_inst_11.txt algo1
[932/1260] ok S6/S6_inst_11.txt algo1 seconds=0.011003 profit=1831849 moving_time=9000
[933/1260] running S6/S6_inst_11.txt algo5
[933/1260] ok S6/S6_inst_11.txt algo5 seconds=0.050193 profit=1831849 moving_time=9000
[934/1260] wrote S6/S6_inst_12.txt ip_solver
[935/1260] running S6/S6_inst_12.txt algo1
[935/1260] ok S6/S6_inst_12.txt algo1 seconds=0.013762 profit=2077695 moving_time=9000
[936/1260] running S6/S6_inst_12.txt algo5
[936/1260] ok S6/S6_inst_12.txt algo5 seconds=0.120914 profit=2077695 moving_time=9000
[937/1260] wrote S6/S6_inst_13.txt ip_solver
[938/1260] running S6/S6_inst_13.txt algo1
[938/1260] ok S6/S6_inst_13.txt algo1 seconds=0.010770 profit=2049033 moving_time=9000
[939/1260] running S6/S6_inst_13.txt algo5
[939/1260] ok S6/S6_inst_13.txt algo5 seconds=0.058097 profit=2049033 moving_time=9000
[940/1260] wrote S6/S6_inst_14.txt ip_solver
[941/1260] running S6/S6_inst_14.txt algo1
[941/1260] ok S6/S6_inst_14.txt algo1 seconds=0.011107 profit=2292322 moving_time=9000
[942/1260] running S6/S6_inst_14.txt algo5
[942/1260] ok S6/S6_inst_14.txt algo5 seconds=0.060691 profit=2292322 moving_time=9000
[943/1260] wrote S6/S6_inst_15.txt ip_solver
[944/1260] running S6/S6_inst_15.txt algo1
[944/1260] ok S6/S6_inst_15.txt algo1 seconds=0.014067 profit=2077026 moving_time=9000
[945/1260] running S6/S6_inst_15.txt algo5
[945/1260] ok S6/S6_inst_15.txt algo5 seconds=0.120414 profit=2077026 moving_time=9000
[946/1260] wrote S6/S6_inst_16.txt ip_solver
[947/1260] running S6/S6_inst_16.txt algo1
[947/1260] ok S6/S6_inst_16.txt algo1 seconds=0.011007 profit=1961208 moving_time=9000
[948/1260] running S6/S6_inst_16.txt algo5
[948/1260] ok S6/S6_inst_16.txt algo5 seconds=0.102517 profit=1961208 moving_time=9000
[949/1260] wrote S6/S6_inst_17.txt ip_solver
[950/1260] running S6/S6_inst_17.txt algo1
[950/1260] ok S6/S6_inst_17.txt algo1 seconds=0.010802 profit=1602774 moving_time=7200
[951/1260] running S6/S6_inst_17.txt algo5
[951/1260] ok S6/S6_inst_17.txt algo5 seconds=0.159466 profit=1602774 moving_time=7200
[952/1260] wrote S6/S6_inst_18.txt ip_solver
[953/1260] running S6/S6_inst_18.txt algo1
[953/1260] ok S6/S6_inst_18.txt algo1 seconds=0.013280 profit=1395491 moving_time=8910
[954/1260] running S6/S6_inst_18.txt algo5
[954/1260] ok S6/S6_inst_18.txt algo5 seconds=0.178021 profit=1395491 moving_time=8910
[955/1260] wrote S6/S6_inst_19.txt ip_solver
[956/1260] running S6/S6_inst_19.txt algo1
[956/1260] ok S6/S6_inst_19.txt algo1 seconds=0.011045 profit=2102591 moving_time=9000
[957/1260] running S6/S6_inst_19.txt algo5
[957/1260] ok S6/S6_inst_19.txt algo5 seconds=0.095663 profit=2102591 moving_time=9000
[958/1260] wrote S6/S6_inst_20.txt ip_solver
[959/1260] running S6/S6_inst_20.txt algo1
[959/1260] ok S6/S6_inst_20.txt algo1 seconds=0.010988 profit=1887572 moving_time=9000
[960/1260] running S6/S6_inst_20.txt algo5
[960/1260] ok S6/S6_inst_20.txt algo5 seconds=0.096165 profit=1887572 moving_time=9000
[961/1260] wrote S6/S6_inst_21.txt ip_solver
[962/1260] running S6/S6_inst_21.txt algo1
[962/1260] ok S6/S6_inst_21.txt algo1 seconds=0.013220 profit=1739946 moving_time=9000
[963/1260] running S6/S6_inst_21.txt algo5
[963/1260] ok S6/S6_inst_21.txt algo5 seconds=0.114486 profit=1739946 moving_time=9000
[964/1260] wrote S6/S6_inst_22.txt ip_solver
[965/1260] running S6/S6_inst_22.txt algo1
[965/1260] ok S6/S6_inst_22.txt algo1 seconds=0.011046 profit=2147675 moving_time=9000
[966/1260] running S6/S6_inst_22.txt algo5
[966/1260] ok S6/S6_inst_22.txt algo5 seconds=0.061739 profit=2147675 moving_time=9000
[967/1260] wrote S6/S6_inst_23.txt ip_solver
[968/1260] running S6/S6_inst_23.txt algo1
[968/1260] ok S6/S6_inst_23.txt algo1 seconds=0.010562 profit=1034377 moving_time=5400
[969/1260] running S6/S6_inst_23.txt algo5
[969/1260] ok S6/S6_inst_23.txt algo5 seconds=0.139205 profit=1034377 moving_time=5400
[970/1260] wrote S6/S6_inst_24.txt ip_solver
[971/1260] running S6/S6_inst_24.txt algo1
[971/1260] ok S6/S6_inst_24.txt algo1 seconds=0.011131 profit=1950195 moving_time=8640
[972/1260] running S6/S6_inst_24.txt algo5
[972/1260] ok S6/S6_inst_24.txt algo5 seconds=0.156962 profit=1950195 moving_time=8640
[973/1260] wrote S6/S6_inst_25.txt ip_solver
[974/1260] running S6/S6_inst_25.txt algo1
[974/1260] ok S6/S6_inst_25.txt algo1 seconds=0.013890 profit=1750029 moving_time=9000
[975/1260] running S6/S6_inst_25.txt algo5
[975/1260] ok S6/S6_inst_25.txt algo5 seconds=0.058521 profit=1750029 moving_time=9000
[976/1260] wrote S6/S6_inst_26.txt ip_solver
[977/1260] running S6/S6_inst_26.txt algo1
[977/1260] ok S6/S6_inst_26.txt algo1 seconds=0.010047 profit=84540 moving_time=3600
[978/1260] running S6/S6_inst_26.txt algo5
[978/1260] ok S6/S6_inst_26.txt algo5 seconds=0.113817 profit=84540 moving_time=3600
[979/1260] wrote S6/S6_inst_27.txt ip_solver
[980/1260] running S6/S6_inst_27.txt algo1
[980/1260] ok S6/S6_inst_27.txt algo1 seconds=0.011037 profit=1910975 moving_time=9000
[981/1260] running S6/S6_inst_27.txt algo5
[981/1260] ok S6/S6_inst_27.txt algo5 seconds=0.112286 profit=1910975 moving_time=9000
[982/1260] wrote S6/S6_inst_28.txt ip_solver
[983/1260] running S6/S6_inst_28.txt algo1
[983/1260] ok S6/S6_inst_28.txt algo1 seconds=0.013304 profit=1874015 moving_time=9000
[984/1260] running S6/S6_inst_28.txt algo5
[984/1260] ok S6/S6_inst_28.txt algo5 seconds=0.091021 profit=1874015 moving_time=9000
[985/1260] wrote S6/S6_inst_29.txt ip_solver
[986/1260] running S6/S6_inst_29.txt algo1
[986/1260] ok S6/S6_inst_29.txt algo1 seconds=0.011036 profit=1762615 moving_time=9000
[987/1260] running S6/S6_inst_29.txt algo5
[987/1260] ok S6/S6_inst_29.txt algo5 seconds=0.126505 profit=1762615 moving_time=9000
[988/1260] wrote S6/S6_inst_30.txt ip_solver
[989/1260] running S6/S6_inst_30.txt algo1
[989/1260] ok S6/S6_inst_30.txt algo1 seconds=0.011069 profit=2066692 moving_time=9000
[990/1260] running S6/S6_inst_30.txt algo5
[990/1260] ok S6/S6_inst_30.txt algo5 seconds=0.123951 profit=2066692 moving_time=9000
[991/1260] wrote S7/S7_inst_01.txt ip_solver
[992/1260] running S7/S7_inst_01.txt algo1
[992/1260] ok S7/S7_inst_01.txt algo1 seconds=0.013600 profit=1954527 moving_time=7830
[993/1260] running S7/S7_inst_01.txt algo5
[993/1260] ok S7/S7_inst_01.txt algo5 seconds=0.101526 profit=1954527 moving_time=8730
[994/1260] wrote S7/S7_inst_02.txt ip_solver
[995/1260] running S7/S7_inst_02.txt algo1
[995/1260] ok S7/S7_inst_02.txt algo1 seconds=0.010489 profit=1556415 moving_time=4770
[996/1260] running S7/S7_inst_02.txt algo5
[996/1260] ok S7/S7_inst_02.txt algo5 seconds=0.125586 profit=1273374 moving_time=4770
[997/1260] wrote S7/S7_inst_03.txt ip_solver
[998/1260] running S7/S7_inst_03.txt algo1
[998/1260] ok S7/S7_inst_03.txt algo1 seconds=0.011013 profit=1990041 moving_time=7290
[999/1260] running S7/S7_inst_03.txt algo5
[999/1260] ok S7/S7_inst_03.txt algo5 seconds=0.074251 profit=1990041 moving_time=7830
[1000/1260] wrote S7/S7_inst_04.txt ip_solver
[1001/1260] running S7/S7_inst_04.txt algo1
[1001/1260] ok S7/S7_inst_04.txt algo1 seconds=0.011073 profit=1817887 moving_time=7290
[1002/1260] running S7/S7_inst_04.txt algo5
[1002/1260] ok S7/S7_inst_04.txt algo5 seconds=0.094791 profit=1817887 moving_time=8280
[1003/1260] wrote S7/S7_inst_05.txt ip_solver
[1004/1260] running S7/S7_inst_05.txt algo1
[1004/1260] ok S7/S7_inst_05.txt algo1 seconds=0.010892 profit=1921815 moving_time=7290
[1005/1260] running S7/S7_inst_05.txt algo5
[1005/1260] ok S7/S7_inst_05.txt algo5 seconds=0.067572 profit=1921815 moving_time=8280
[1006/1260] wrote S7/S7_inst_06.txt ip_solver
[1007/1260] running S7/S7_inst_06.txt algo1
[1007/1260] ok S7/S7_inst_06.txt algo1 seconds=0.010884 profit=2080882 moving_time=7290
[1008/1260] running S7/S7_inst_06.txt algo5
[1008/1260] ok S7/S7_inst_06.txt algo5 seconds=0.071382 profit=2080882 moving_time=7920
[1009/1260] wrote S7/S7_inst_07.txt ip_solver
[1010/1260] running S7/S7_inst_07.txt algo1
[1010/1260] ok S7/S7_inst_07.txt algo1 seconds=0.011256 profit=1912914 moving_time=7380
[1011/1260] running S7/S7_inst_07.txt algo5
[1011/1260] ok S7/S7_inst_07.txt algo5 seconds=0.098207 profit=1912914 moving_time=8370
[1012/1260] wrote S7/S7_inst_08.txt ip_solver
[1013/1260] running S7/S7_inst_08.txt algo1
[1013/1260] ok S7/S7_inst_08.txt algo1 seconds=0.010907 profit=1425252 moving_time=7020
[1014/1260] running S7/S7_inst_08.txt algo5
[1014/1260] ok S7/S7_inst_08.txt algo5 seconds=0.091588 profit=1425252 moving_time=7830
[1015/1260] wrote S7/S7_inst_09.txt ip_solver
[1016/1260] running S7/S7_inst_09.txt algo1
[1016/1260] ok S7/S7_inst_09.txt algo1 seconds=0.010847 profit=1970509 moving_time=7740
[1017/1260] running S7/S7_inst_09.txt algo5
[1017/1260] ok S7/S7_inst_09.txt algo5 seconds=0.055026 profit=1970509 moving_time=8010
[1018/1260] wrote S7/S7_inst_10.txt ip_solver
[1019/1260] running S7/S7_inst_10.txt algo1
[1019/1260] ok S7/S7_inst_10.txt algo1 seconds=0.010987 profit=1919876 moving_time=7740
[1020/1260] running S7/S7_inst_10.txt algo5
[1020/1260] ok S7/S7_inst_10.txt algo5 seconds=0.053398 profit=1919876 moving_time=8190
[1021/1260] wrote S7/S7_inst_11.txt ip_solver
[1022/1260] running S7/S7_inst_11.txt algo1
[1022/1260] ok S7/S7_inst_11.txt algo1 seconds=0.011035 profit=2244341 moving_time=6840
[1023/1260] running S7/S7_inst_11.txt algo5
[1023/1260] ok S7/S7_inst_11.txt algo5 seconds=0.060855 profit=2244341 moving_time=7650
[1024/1260] wrote S7/S7_inst_12.txt ip_solver
[1025/1260] running S7/S7_inst_12.txt algo1
[1025/1260] ok S7/S7_inst_12.txt algo1 seconds=0.010928 profit=1706308 moving_time=7740
[1026/1260] running S7/S7_inst_12.txt algo5
[1026/1260] ok S7/S7_inst_12.txt algo5 seconds=0.064139 profit=1706308 moving_time=7740
[1027/1260] wrote S7/S7_inst_13.txt ip_solver
[1028/1260] running S7/S7_inst_13.txt algo1
[1028/1260] ok S7/S7_inst_13.txt algo1 seconds=0.010977 profit=2025658 moving_time=7740
[1029/1260] running S7/S7_inst_13.txt algo5
[1029/1260] ok S7/S7_inst_13.txt algo5 seconds=0.077387 profit=2025658 moving_time=8370
[1030/1260] wrote S7/S7_inst_14.txt ip_solver
[1031/1260] running S7/S7_inst_14.txt algo1
[1031/1260] ok S7/S7_inst_14.txt algo1 seconds=0.010999 profit=2026272 moving_time=7740
[1032/1260] running S7/S7_inst_14.txt algo5
[1032/1260] ok S7/S7_inst_14.txt algo5 seconds=0.100157 profit=2026272 moving_time=8640
[1033/1260] wrote S7/S7_inst_15.txt ip_solver
[1034/1260] running S7/S7_inst_15.txt algo1
[1034/1260] ok S7/S7_inst_15.txt algo1 seconds=0.010724 profit=1480524 moving_time=6570
[1035/1260] running S7/S7_inst_15.txt algo5
[1035/1260] ok S7/S7_inst_15.txt algo5 seconds=0.146032 profit=1409541 moving_time=6570
[1036/1260] wrote S7/S7_inst_16.txt ip_solver
[1037/1260] running S7/S7_inst_16.txt algo1
[1037/1260] ok S7/S7_inst_16.txt algo1 seconds=0.010922 profit=1654259 moving_time=7470
[1038/1260] running S7/S7_inst_16.txt algo5
[1038/1260] ok S7/S7_inst_16.txt algo5 seconds=0.093403 profit=1654259 moving_time=8190
[1039/1260] wrote S7/S7_inst_17.txt ip_solver
[1040/1260] running S7/S7_inst_17.txt algo1
[1040/1260] ok S7/S7_inst_17.txt algo1 seconds=0.013508 profit=1916394 moving_time=7740
[1041/1260] running S7/S7_inst_17.txt algo5
[1041/1260] ok S7/S7_inst_17.txt algo5 seconds=0.066018 profit=1916394 moving_time=8370
[1042/1260] wrote S7/S7_inst_18.txt ip_solver
[1043/1260] running S7/S7_inst_18.txt algo1
[1043/1260] ok S7/S7_inst_18.txt algo1 seconds=0.010962 profit=2087962 moving_time=7740
[1044/1260] running S7/S7_inst_18.txt algo5
[1044/1260] ok S7/S7_inst_18.txt algo5 seconds=0.052224 profit=2087962 moving_time=8010
[1045/1260] wrote S7/S7_inst_19.txt ip_solver
[1046/1260] running S7/S7_inst_19.txt algo1
[1046/1260] ok S7/S7_inst_19.txt algo1 seconds=0.011024 profit=1627222 moving_time=8100
[1047/1260] running S7/S7_inst_19.txt algo5
[1047/1260] ok S7/S7_inst_19.txt algo5 seconds=0.078964 profit=1627222 moving_time=8370
[1048/1260] wrote S7/S7_inst_20.txt ip_solver
[1049/1260] running S7/S7_inst_20.txt algo1
[1049/1260] ok S7/S7_inst_20.txt algo1 seconds=0.013896 profit=1807058 moving_time=7650
[1050/1260] running S7/S7_inst_20.txt algo5
[1050/1260] ok S7/S7_inst_20.txt algo5 seconds=0.048554 profit=1807058 moving_time=8460
[1051/1260] wrote S7/S7_inst_21.txt ip_solver
[1052/1260] running S7/S7_inst_21.txt algo1
[1052/1260] ok S7/S7_inst_21.txt algo1 seconds=0.010447 profit=1003804 moving_time=4500
[1053/1260] running S7/S7_inst_21.txt algo5
[1053/1260] ok S7/S7_inst_21.txt algo5 seconds=0.122716 profit=956263 moving_time=4500
[1054/1260] wrote S7/S7_inst_22.txt ip_solver
[1055/1260] running S7/S7_inst_22.txt algo1
[1055/1260] ok S7/S7_inst_22.txt algo1 seconds=0.010893 profit=1808125 moving_time=7290
[1056/1260] running S7/S7_inst_22.txt algo5
[1056/1260] ok S7/S7_inst_22.txt algo5 seconds=0.065701 profit=1808125 moving_time=8280
[1057/1260] wrote S7/S7_inst_23.txt ip_solver
[1058/1260] running S7/S7_inst_23.txt algo1
[1058/1260] ok S7/S7_inst_23.txt algo1 seconds=0.013322 profit=1805622 moving_time=7470
[1059/1260] running S7/S7_inst_23.txt algo5
[1059/1260] ok S7/S7_inst_23.txt algo5 seconds=0.099910 profit=1805622 moving_time=8730
[1060/1260] wrote S7/S7_inst_24.txt ip_solver
[1061/1260] running S7/S7_inst_24.txt algo1
[1061/1260] ok S7/S7_inst_24.txt algo1 seconds=0.012293 profit=1875037 moving_time=7650
[1062/1260] running S7/S7_inst_24.txt algo5
[1062/1260] ok S7/S7_inst_24.txt algo5 seconds=0.121218 profit=1875037 moving_time=8100
[1063/1260] wrote S7/S7_inst_25.txt ip_solver
[1064/1260] running S7/S7_inst_25.txt algo1
[1064/1260] ok S7/S7_inst_25.txt algo1 seconds=0.010691 profit=1884111 moving_time=7740
[1065/1260] running S7/S7_inst_25.txt algo5
[1065/1260] ok S7/S7_inst_25.txt algo5 seconds=0.064616 profit=1884111 moving_time=8190
[1066/1260] wrote S7/S7_inst_26.txt ip_solver
[1067/1260] running S7/S7_inst_26.txt algo1
[1067/1260] ok S7/S7_inst_26.txt algo1 seconds=0.013182 profit=1965091 moving_time=7200
[1068/1260] running S7/S7_inst_26.txt algo5
[1068/1260] ok S7/S7_inst_26.txt algo5 seconds=0.105762 profit=1965091 moving_time=8370
[1069/1260] wrote S7/S7_inst_27.txt ip_solver
[1070/1260] running S7/S7_inst_27.txt algo1
[1070/1260] ok S7/S7_inst_27.txt algo1 seconds=0.010685 profit=1372713 moving_time=5670
[1071/1260] running S7/S7_inst_27.txt algo5
[1071/1260] ok S7/S7_inst_27.txt algo5 seconds=0.133348 profit=1279497 moving_time=5670
[1072/1260] wrote S7/S7_inst_28.txt ip_solver
[1073/1260] running S7/S7_inst_28.txt algo1
[1073/1260] ok S7/S7_inst_28.txt algo1 seconds=0.010713 profit=1393005 moving_time=7470
[1074/1260] running S7/S7_inst_28.txt algo5
[1074/1260] ok S7/S7_inst_28.txt algo5 seconds=0.098793 profit=1393005 moving_time=8280
[1075/1260] wrote S7/S7_inst_29.txt ip_solver
[1076/1260] running S7/S7_inst_29.txt algo1
[1076/1260] ok S7/S7_inst_29.txt algo1 seconds=0.010620 profit=2037348 moving_time=7560
[1077/1260] running S7/S7_inst_29.txt algo5
[1077/1260] ok S7/S7_inst_29.txt algo5 seconds=0.087655 profit=2037348 moving_time=8640
[1078/1260] wrote S7/S7_inst_30.txt ip_solver
[1079/1260] running S7/S7_inst_30.txt algo1
[1079/1260] ok S7/S7_inst_30.txt algo1 seconds=0.013783 profit=1812962 moving_time=7740
[1080/1260] running S7/S7_inst_30.txt algo5
[1080/1260] ok S7/S7_inst_30.txt algo5 seconds=0.182551 profit=1812962 moving_time=8550
[1081/1260] wrote S8/S8_inst_01.txt ip_solver
[1082/1260] running S8/S8_inst_01.txt algo1
[1082/1260] ok S8/S8_inst_01.txt algo1 seconds=0.010803 profit=1348581 moving_time=5940
[1083/1260] running S8/S8_inst_01.txt algo5
[1083/1260] ok S8/S8_inst_01.txt algo5 seconds=0.142660 profit=1139382 moving_time=5940
[1084/1260] wrote S8/S8_inst_02.txt ip_solver
[1085/1260] running S8/S8_inst_02.txt algo1
[1085/1260] ok S8/S8_inst_02.txt algo1 seconds=0.010789 profit=1874352 moving_time=6930
[1086/1260] running S8/S8_inst_02.txt algo5
[1086/1260] ok S8/S8_inst_02.txt algo5 seconds=0.063935 profit=1874352 moving_time=7830
[1087/1260] wrote S8/S8_inst_03.txt ip_solver
[1088/1260] running S8/S8_inst_03.txt algo1
[1088/1260] ok S8/S8_inst_03.txt algo1 seconds=0.013731 profit=1979061 moving_time=7470
[1089/1260] running S8/S8_inst_03.txt algo5
[1089/1260] ok S8/S8_inst_03.txt algo5 seconds=0.065029 profit=1979061 moving_time=8190
[1090/1260] wrote S8/S8_inst_04.txt ip_solver
[1091/1260] running S8/S8_inst_04.txt algo1
[1091/1260] ok S8/S8_inst_04.txt algo1 seconds=0.010749 profit=1655807 moving_time=7560
[1092/1260] running S8/S8_inst_04.txt algo5
[1092/1260] ok S8/S8_inst_04.txt algo5 seconds=0.059510 profit=1655807 moving_time=8010
[1093/1260] wrote S8/S8_inst_05.txt ip_solver
[1094/1260] running S8/S8_inst_05.txt algo1
[1094/1260] ok S8/S8_inst_05.txt algo1 seconds=0.010834 profit=1880022 moving_time=7470
[1095/1260] running S8/S8_inst_05.txt algo5
[1095/1260] ok S8/S8_inst_05.txt algo5 seconds=0.098295 profit=1880022 moving_time=8370
[1096/1260] wrote S8/S8_inst_06.txt ip_solver
[1097/1260] running S8/S8_inst_06.txt algo1
[1097/1260] ok S8/S8_inst_06.txt algo1 seconds=0.013910 profit=1762008 moving_time=7200
[1098/1260] running S8/S8_inst_06.txt algo5
[1098/1260] ok S8/S8_inst_06.txt algo5 seconds=0.100226 profit=1762008 moving_time=8280
[1099/1260] wrote S8/S8_inst_07.txt ip_solver
[1100/1260] running S8/S8_inst_07.txt algo1
[1100/1260] ok S8/S8_inst_07.txt algo1 seconds=0.010779 profit=2034182 moving_time=6930
[1101/1260] running S8/S8_inst_07.txt algo5
[1101/1260] ok S8/S8_inst_07.txt algo5 seconds=0.074894 profit=2034182 moving_time=8100
[1102/1260] wrote S8/S8_inst_08.txt ip_solver
[1103/1260] running S8/S8_inst_08.txt algo1
[1103/1260] ok S8/S8_inst_08.txt algo1 seconds=0.010934 profit=1906624 moving_time=7020
[1104/1260] running S8/S8_inst_08.txt algo5
[1104/1260] ok S8/S8_inst_08.txt algo5 seconds=0.101067 profit=1906624 moving_time=8460
[1105/1260] wrote S8/S8_inst_09.txt ip_solver
[1106/1260] running S8/S8_inst_09.txt algo1
[1106/1260] ok S8/S8_inst_09.txt algo1 seconds=0.013921 profit=2177527 moving_time=7470
[1107/1260] running S8/S8_inst_09.txt algo5
[1107/1260] ok S8/S8_inst_09.txt algo5 seconds=0.071984 profit=2177527 moving_time=8640
[1108/1260] wrote S8/S8_inst_10.txt ip_solver
[1109/1260] running S8/S8_inst_10.txt algo1
[1109/1260] ok S8/S8_inst_10.txt algo1 seconds=0.010895 profit=2090613 moving_time=7020
[1110/1260] running S8/S8_inst_10.txt algo5
[1110/1260] ok S8/S8_inst_10.txt algo5 seconds=0.124960 profit=2090613 moving_time=8460
[1111/1260] wrote S8/S8_inst_11.txt ip_solver
[1112/1260] running S8/S8_inst_11.txt algo1
[1112/1260] ok S8/S8_inst_11.txt algo1 seconds=0.010907 profit=2203484 moving_time=7290
[1113/1260] running S8/S8_inst_11.txt algo5
[1113/1260] ok S8/S8_inst_11.txt algo5 seconds=0.099298 profit=2203484 moving_time=8190
[1114/1260] wrote S8/S8_inst_12.txt ip_solver
[1115/1260] running S8/S8_inst_12.txt algo1
[1115/1260] ok S8/S8_inst_12.txt algo1 seconds=0.013630 profit=1920552 moving_time=7380
[1116/1260] running S8/S8_inst_12.txt algo5
[1116/1260] ok S8/S8_inst_12.txt algo5 seconds=0.074727 profit=1920552 moving_time=8190
[1117/1260] wrote S8/S8_inst_13.txt ip_solver
[1118/1260] running S8/S8_inst_13.txt algo1
[1118/1260] ok S8/S8_inst_13.txt algo1 seconds=0.010691 profit=1599786 moving_time=6300
[1119/1260] running S8/S8_inst_13.txt algo5
[1119/1260] ok S8/S8_inst_13.txt algo5 seconds=0.141914 profit=1491993 moving_time=6300
[1120/1260] wrote S8/S8_inst_14.txt ip_solver
[1121/1260] running S8/S8_inst_14.txt algo1
[1121/1260] ok S8/S8_inst_14.txt algo1 seconds=0.011025 profit=1754603 moving_time=8100
[1122/1260] running S8/S8_inst_14.txt algo5
[1122/1260] ok S8/S8_inst_14.txt algo5 seconds=0.081486 profit=1754603 moving_time=8550
[1123/1260] wrote S8/S8_inst_15.txt ip_solver
[1124/1260] running S8/S8_inst_15.txt algo1
[1124/1260] ok S8/S8_inst_15.txt algo1 seconds=0.013466 profit=1794980 moving_time=8370
[1125/1260] running S8/S8_inst_15.txt algo5
[1125/1260] ok S8/S8_inst_15.txt algo5 seconds=0.057463 profit=1794980 moving_time=8550
[1126/1260] wrote S8/S8_inst_16.txt ip_solver
[1127/1260] running S8/S8_inst_16.txt algo1
[1127/1260] ok S8/S8_inst_16.txt algo1 seconds=0.010925 profit=1657752 moving_time=7380
[1128/1260] running S8/S8_inst_16.txt algo5
[1128/1260] ok S8/S8_inst_16.txt algo5 seconds=0.150515 profit=1633350 moving_time=8100
[1129/1260] wrote S8/S8_inst_17.txt ip_solver
[1130/1260] running S8/S8_inst_17.txt algo1
[1130/1260] ok S8/S8_inst_17.txt algo1 seconds=0.010729 profit=2020963 moving_time=8010
[1131/1260] running S8/S8_inst_17.txt algo5
[1131/1260] ok S8/S8_inst_17.txt algo5 seconds=0.086386 profit=2020963 moving_time=8550
[1132/1260] wrote S8/S8_inst_18.txt ip_solver
[1133/1260] running S8/S8_inst_18.txt algo1
[1133/1260] ok S8/S8_inst_18.txt algo1 seconds=0.010804 profit=1677752 moving_time=7290
[1134/1260] running S8/S8_inst_18.txt algo5
[1134/1260] ok S8/S8_inst_18.txt algo5 seconds=0.112476 profit=1677752 moving_time=8640
[1135/1260] wrote S8/S8_inst_19.txt ip_solver
[1136/1260] running S8/S8_inst_19.txt algo1
[1136/1260] ok S8/S8_inst_19.txt algo1 seconds=0.010109 profit=86162 moving_time=2970
[1137/1260] running S8/S8_inst_19.txt algo5
[1137/1260] ok S8/S8_inst_19.txt algo5 seconds=0.100489 profit=-24748 moving_time=2970
[1138/1260] wrote S8/S8_inst_20.txt ip_solver
[1139/1260] running S8/S8_inst_20.txt algo1
[1139/1260] ok S8/S8_inst_20.txt algo1 seconds=0.010260 profit=856061 moving_time=4140
[1140/1260] running S8/S8_inst_20.txt algo5
[1140/1260] ok S8/S8_inst_20.txt algo5 seconds=0.117365 profit=679607 moving_time=4140
[1141/1260] wrote S8/S8_inst_21.txt ip_solver
[1142/1260] running S8/S8_inst_21.txt algo1
[1142/1260] ok S8/S8_inst_21.txt algo1 seconds=0.010922 profit=1962008 moving_time=8100
[1143/1260] running S8/S8_inst_21.txt algo5
[1143/1260] ok S8/S8_inst_21.txt algo5 seconds=0.145114 profit=1953494 moving_time=8370
[1144/1260] wrote S8/S8_inst_22.txt ip_solver
[1145/1260] running S8/S8_inst_22.txt algo1
[1145/1260] ok S8/S8_inst_22.txt algo1 seconds=0.010585 profit=1428807 moving_time=4770
[1146/1260] running S8/S8_inst_22.txt algo5
[1146/1260] ok S8/S8_inst_22.txt algo5 seconds=0.127039 profit=1351239 moving_time=4770
[1147/1260] wrote S8/S8_inst_23.txt ip_solver
[1148/1260] running S8/S8_inst_23.txt algo1
[1148/1260] ok S8/S8_inst_23.txt algo1 seconds=0.013141 profit=1988812 moving_time=7740
[1149/1260] running S8/S8_inst_23.txt algo5
[1149/1260] ok S8/S8_inst_23.txt algo5 seconds=0.124443 profit=1988812 moving_time=8820
[1150/1260] wrote S8/S8_inst_24.txt ip_solver
[1151/1260] running S8/S8_inst_24.txt algo1
[1151/1260] ok S8/S8_inst_24.txt algo1 seconds=0.010820 profit=1738843 moving_time=7110
[1152/1260] running S8/S8_inst_24.txt algo5
[1152/1260] ok S8/S8_inst_24.txt algo5 seconds=0.071443 profit=1738843 moving_time=8010
[1153/1260] wrote S8/S8_inst_25.txt ip_solver
[1154/1260] running S8/S8_inst_25.txt algo1
[1154/1260] ok S8/S8_inst_25.txt algo1 seconds=0.010892 profit=1887929 moving_time=7380
[1155/1260] running S8/S8_inst_25.txt algo5
[1155/1260] ok S8/S8_inst_25.txt algo5 seconds=0.090339 profit=1887929 moving_time=8280
[1156/1260] wrote S8/S8_inst_26.txt ip_solver
[1157/1260] running S8/S8_inst_26.txt algo1
[1157/1260] ok S8/S8_inst_26.txt algo1 seconds=0.013343 profit=1678770 moving_time=5670
[1158/1260] running S8/S8_inst_26.txt algo5
[1158/1260] ok S8/S8_inst_26.txt algo5 seconds=0.140860 profit=1539528 moving_time=5670
[1159/1260] wrote S8/S8_inst_27.txt ip_solver
[1160/1260] running S8/S8_inst_27.txt algo1
[1160/1260] ok S8/S8_inst_27.txt algo1 seconds=0.010919 profit=1595399 moving_time=6390
[1161/1260] running S8/S8_inst_27.txt algo5
[1161/1260] ok S8/S8_inst_27.txt algo5 seconds=0.120882 profit=1595399 moving_time=7830
[1162/1260] wrote S8/S8_inst_28.txt ip_solver
[1163/1260] running S8/S8_inst_28.txt algo1
[1163/1260] ok S8/S8_inst_28.txt algo1 seconds=0.010899 profit=1667037 moving_time=7650
[1164/1260] running S8/S8_inst_28.txt algo5
[1164/1260] ok S8/S8_inst_28.txt algo5 seconds=0.055469 profit=1667037 moving_time=8280
[1165/1260] wrote S8/S8_inst_29.txt ip_solver
[1166/1260] running S8/S8_inst_29.txt algo1
[1166/1260] ok S8/S8_inst_29.txt algo1 seconds=0.011209 profit=1885883 moving_time=7830
[1167/1260] running S8/S8_inst_29.txt algo5
[1167/1260] ok S8/S8_inst_29.txt algo5 seconds=0.095791 profit=1885883 moving_time=8190
[1168/1260] wrote S8/S8_inst_30.txt ip_solver
[1169/1260] running S8/S8_inst_30.txt algo1
[1169/1260] ok S8/S8_inst_30.txt algo1 seconds=0.010853 profit=2135666 moving_time=7560
[1170/1260] running S8/S8_inst_30.txt algo5
[1170/1260] ok S8/S8_inst_30.txt algo5 seconds=0.123853 profit=2135666 moving_time=8730
[1171/1260] wrote S9/S9_inst_01.txt ip_solver
[1172/1260] running S9/S9_inst_01.txt algo1
[1172/1260] ok S9/S9_inst_01.txt algo1 seconds=0.010864 profit=2084037 moving_time=7650
[1173/1260] running S9/S9_inst_01.txt algo5
[1173/1260] ok S9/S9_inst_01.txt algo5 seconds=0.076053 profit=2084037 moving_time=8730
[1174/1260] wrote S9/S9_inst_02.txt ip_solver
[1175/1260] running S9/S9_inst_02.txt algo1
[1175/1260] ok S9/S9_inst_02.txt algo1 seconds=0.010915 profit=1685863 moving_time=7470
[1176/1260] running S9/S9_inst_02.txt algo5
[1176/1260] ok S9/S9_inst_02.txt algo5 seconds=0.071720 profit=1685863 moving_time=8640
[1177/1260] wrote S9/S9_inst_03.txt ip_solver
[1178/1260] running S9/S9_inst_03.txt algo1
[1178/1260] ok S9/S9_inst_03.txt algo1 seconds=0.010813 profit=2117582 moving_time=7200
[1179/1260] running S9/S9_inst_03.txt algo5
[1179/1260] ok S9/S9_inst_03.txt algo5 seconds=0.077029 profit=2117582 moving_time=8460
[1180/1260] wrote S9/S9_inst_04.txt ip_solver
[1181/1260] running S9/S9_inst_04.txt algo1
[1181/1260] ok S9/S9_inst_04.txt algo1 seconds=0.010930 profit=1629840 moving_time=7560
[1182/1260] running S9/S9_inst_04.txt algo5
[1182/1260] ok S9/S9_inst_04.txt algo5 seconds=0.073626 profit=1629840 moving_time=8550
[1183/1260] wrote S9/S9_inst_05.txt ip_solver
[1184/1260] running S9/S9_inst_05.txt algo1
[1184/1260] ok S9/S9_inst_05.txt algo1 seconds=0.010793 profit=1673386 moving_time=7200
[1185/1260] running S9/S9_inst_05.txt algo5
[1185/1260] ok S9/S9_inst_05.txt algo5 seconds=0.121209 profit=1673386 moving_time=8640
[1186/1260] wrote S9/S9_inst_06.txt ip_solver
[1187/1260] running S9/S9_inst_06.txt algo1
[1187/1260] ok S9/S9_inst_06.txt algo1 seconds=0.013531 profit=1944451 moving_time=7740
[1188/1260] running S9/S9_inst_06.txt algo5
[1188/1260] ok S9/S9_inst_06.txt algo5 seconds=0.104535 profit=1944451 moving_time=8640
[1189/1260] wrote S9/S9_inst_07.txt ip_solver
[1190/1260] running S9/S9_inst_07.txt algo1
[1190/1260] ok S9/S9_inst_07.txt algo1 seconds=0.010919 profit=1784800 moving_time=7740
[1191/1260] running S9/S9_inst_07.txt algo5
[1191/1260] ok S9/S9_inst_07.txt algo5 seconds=0.124986 profit=1784800 moving_time=8820
[1192/1260] wrote S9/S9_inst_08.txt ip_solver
[1193/1260] running S9/S9_inst_08.txt algo1
[1193/1260] ok S9/S9_inst_08.txt algo1 seconds=0.011015 profit=1622319 moving_time=7740
[1194/1260] running S9/S9_inst_08.txt algo5
[1194/1260] ok S9/S9_inst_08.txt algo5 seconds=0.055512 profit=1622319 moving_time=8550
[1195/1260] wrote S9/S9_inst_09.txt ip_solver
[1196/1260] running S9/S9_inst_09.txt algo1
[1196/1260] ok S9/S9_inst_09.txt algo1 seconds=0.010756 profit=2184128 moving_time=7020
[1197/1260] running S9/S9_inst_09.txt algo5
[1197/1260] ok S9/S9_inst_09.txt algo5 seconds=0.090284 profit=2184128 moving_time=8640
[1198/1260] wrote S9/S9_inst_10.txt ip_solver
[1199/1260] running S9/S9_inst_10.txt algo1
[1199/1260] ok S9/S9_inst_10.txt algo1 seconds=0.010746 profit=2067997 moving_time=7380
[1200/1260] running S9/S9_inst_10.txt algo5
[1200/1260] ok S9/S9_inst_10.txt algo5 seconds=0.046424 profit=2067997 moving_time=8280
[1201/1260] wrote S9/S9_inst_11.txt ip_solver
[1202/1260] running S9/S9_inst_11.txt algo1
[1202/1260] ok S9/S9_inst_11.txt algo1 seconds=0.010779 profit=1995581 moving_time=7650
[1203/1260] running S9/S9_inst_11.txt algo5
[1203/1260] ok S9/S9_inst_11.txt algo5 seconds=0.046827 profit=1995581 moving_time=8550
[1204/1260] wrote S9/S9_inst_12.txt ip_solver
[1205/1260] running S9/S9_inst_12.txt algo1
[1205/1260] ok S9/S9_inst_12.txt algo1 seconds=0.013188 profit=1742858 moving_time=7200
[1206/1260] running S9/S9_inst_12.txt algo5
[1206/1260] ok S9/S9_inst_12.txt algo5 seconds=0.060107 profit=1742858 moving_time=8550
[1207/1260] wrote S9/S9_inst_13.txt ip_solver
[1208/1260] running S9/S9_inst_13.txt algo1
[1208/1260] ok S9/S9_inst_13.txt algo1 seconds=0.010624 profit=2188851 moving_time=6390
[1209/1260] running S9/S9_inst_13.txt algo5
[1209/1260] ok S9/S9_inst_13.txt algo5 seconds=0.067756 profit=2188851 moving_time=8460
[1210/1260] wrote S9/S9_inst_14.txt ip_solver
[1211/1260] running S9/S9_inst_14.txt algo1
[1211/1260] ok S9/S9_inst_14.txt algo1 seconds=0.010899 profit=1948392 moving_time=7560
[1212/1260] running S9/S9_inst_14.txt algo5
[1212/1260] ok S9/S9_inst_14.txt algo5 seconds=0.122829 profit=1948392 moving_time=8730
[1213/1260] wrote S9/S9_inst_15.txt ip_solver
[1214/1260] running S9/S9_inst_15.txt algo1
[1214/1260] ok S9/S9_inst_15.txt algo1 seconds=0.013773 profit=2141283 moving_time=7290
[1215/1260] running S9/S9_inst_15.txt algo5
[1215/1260] ok S9/S9_inst_15.txt algo5 seconds=0.130117 profit=2141283 moving_time=8730
[1216/1260] wrote S9/S9_inst_16.txt ip_solver
[1217/1260] running S9/S9_inst_16.txt algo1
[1217/1260] ok S9/S9_inst_16.txt algo1 seconds=0.010923 profit=2026436 moving_time=7470
[1218/1260] running S9/S9_inst_16.txt algo5
[1218/1260] ok S9/S9_inst_16.txt algo5 seconds=0.074661 profit=2026436 moving_time=8550
[1219/1260] wrote S9/S9_inst_17.txt ip_solver
[1220/1260] running S9/S9_inst_17.txt algo1
[1220/1260] ok S9/S9_inst_17.txt algo1 seconds=0.010934 profit=1991738 moving_time=7560
[1221/1260] running S9/S9_inst_17.txt algo5
[1221/1260] ok S9/S9_inst_17.txt algo5 seconds=0.082501 profit=1991738 moving_time=8640
[1222/1260] wrote S9/S9_inst_18.txt ip_solver
[1223/1260] running S9/S9_inst_18.txt algo1
[1223/1260] ok S9/S9_inst_18.txt algo1 seconds=0.013467 profit=1934166 moving_time=7470
[1224/1260] running S9/S9_inst_18.txt algo5
[1224/1260] ok S9/S9_inst_18.txt algo5 seconds=0.087872 profit=1934166 moving_time=8910
[1225/1260] wrote S9/S9_inst_19.txt ip_solver
[1226/1260] running S9/S9_inst_19.txt algo1
[1226/1260] ok S9/S9_inst_19.txt algo1 seconds=0.010854 profit=1705523 moving_time=7200
[1227/1260] running S9/S9_inst_19.txt algo5
[1227/1260] ok S9/S9_inst_19.txt algo5 seconds=0.067980 profit=1705523 moving_time=8550
[1228/1260] wrote S9/S9_inst_20.txt ip_solver
[1229/1260] running S9/S9_inst_20.txt algo1
[1229/1260] ok S9/S9_inst_20.txt algo1 seconds=0.010890 profit=1893330 moving_time=7200
[1230/1260] running S9/S9_inst_20.txt algo5
[1230/1260] ok S9/S9_inst_20.txt algo5 seconds=0.122839 profit=1893330 moving_time=8730
[1231/1260] wrote S9/S9_inst_21.txt ip_solver
[1232/1260] running S9/S9_inst_21.txt algo1
[1232/1260] ok S9/S9_inst_21.txt algo1 seconds=0.010899 profit=1822571 moving_time=7290
[1233/1260] running S9/S9_inst_21.txt algo5
[1233/1260] ok S9/S9_inst_21.txt algo5 seconds=0.097979 profit=1822571 moving_time=8550
[1234/1260] wrote S9/S9_inst_22.txt ip_solver
[1235/1260] running S9/S9_inst_22.txt algo1
[1235/1260] ok S9/S9_inst_22.txt algo1 seconds=0.010988 profit=2144649 moving_time=7110
[1236/1260] running S9/S9_inst_22.txt algo5
[1236/1260] ok S9/S9_inst_22.txt algo5 seconds=0.110260 profit=2144649 moving_time=8460
[1237/1260] wrote S9/S9_inst_23.txt ip_solver
[1238/1260] running S9/S9_inst_23.txt algo1
[1238/1260] ok S9/S9_inst_23.txt algo1 seconds=0.011036 profit=2318451 moving_time=6660
[1239/1260] running S9/S9_inst_23.txt algo5
[1239/1260] ok S9/S9_inst_23.txt algo5 seconds=0.171042 profit=2318451 moving_time=7920
[1240/1260] wrote S9/S9_inst_24.txt ip_solver
[1241/1260] running S9/S9_inst_24.txt algo1
[1241/1260] ok S9/S9_inst_24.txt algo1 seconds=0.013941 profit=1714319 moving_time=7560
[1242/1260] running S9/S9_inst_24.txt algo5
[1242/1260] ok S9/S9_inst_24.txt algo5 seconds=0.081227 profit=1714319 moving_time=8100
[1243/1260] wrote S9/S9_inst_25.txt ip_solver
[1244/1260] running S9/S9_inst_25.txt algo1
[1244/1260] ok S9/S9_inst_25.txt algo1 seconds=0.010965 profit=1701011 moving_time=7380
[1245/1260] running S9/S9_inst_25.txt algo5
[1245/1260] ok S9/S9_inst_25.txt algo5 seconds=0.091949 profit=1701011 moving_time=8550
[1246/1260] wrote S9/S9_inst_26.txt ip_solver
[1247/1260] running S9/S9_inst_26.txt algo1
[1247/1260] ok S9/S9_inst_26.txt algo1 seconds=0.010832 profit=1786515 moving_time=7470
[1248/1260] running S9/S9_inst_26.txt algo5
[1248/1260] ok S9/S9_inst_26.txt algo5 seconds=0.056049 profit=1786515 moving_time=8730
[1249/1260] wrote S9/S9_inst_27.txt ip_solver
[1250/1260] running S9/S9_inst_27.txt algo1
[1250/1260] ok S9/S9_inst_27.txt algo1 seconds=0.013357 profit=1731331 moving_time=7740
[1251/1260] running S9/S9_inst_27.txt algo5
[1251/1260] ok S9/S9_inst_27.txt algo5 seconds=0.127036 profit=1731331 moving_time=8550
[1252/1260] wrote S9/S9_inst_28.txt ip_solver
[1253/1260] running S9/S9_inst_28.txt algo1
[1253/1260] ok S9/S9_inst_28.txt algo1 seconds=0.010789 profit=1637015 moving_time=7200
[1254/1260] running S9/S9_inst_28.txt algo5
[1254/1260] ok S9/S9_inst_28.txt algo5 seconds=0.059507 profit=1637015 moving_time=8460
[1255/1260] wrote S9/S9_inst_29.txt ip_solver
[1256/1260] running S9/S9_inst_29.txt algo1
[1256/1260] ok S9/S9_inst_29.txt algo1 seconds=0.010966 profit=1747982 moving_time=7200
[1257/1260] running S9/S9_inst_29.txt algo5
[1257/1260] ok S9/S9_inst_29.txt algo5 seconds=0.074591 profit=1747982 moving_time=8100
[1258/1260] wrote S9/S9_inst_30.txt ip_solver
[1259/1260] running S9/S9_inst_30.txt algo1
[1259/1260] ok S9/S9_inst_30.txt algo1 seconds=0.012872 profit=1528657 moving_time=7560
[1260/1260] running S9/S9_inst_30.txt algo5
[1260/1260] ok S9/S9_inst_30.txt algo5 seconds=0.054445 profit=1528657 moving_time=8370
benchmark runner finished.
[3/3] rebuild summary
wrote data/exp_instances/summary/scenario_summary.csv
wrote data/exp_instances/summary/instance_gap_detail.csv
wrote data/exp_instances/summary/scenario_algo_comparison.svg
DONE
